season,gw,code,pos,minutes,xG,xA,dc,saves,goals,assists,total_points,clean_sheet,bonus,yellow,opp,home
2026-27,1,17761,DEF,90,0.05,0.0,9,0,0,0,6,1,0,0,CRY,True
2026-27,1,21205,GK,0,0.0,0.0,0,0,0,0,0,0,0,0,HUL,False
2026-27,1,40383,GK,0,0.0,0.0,0,0,0,0,0,0,0,0,MCI,False
2026-27,1,49262,GK,0,0.0,0.0,0,0,0,0,0,0,0,0,AVL,True
2026-27,1,50093,GK,0,0.0,0.0,0,0,0,0,0,0,0,0,SUN,True
2026-27,1,50175,FWD,0,0.0,0.0,0,0,0,0,0,0,0,0,FUL,False
2026-27,1,54469,DEF,90,0.0,0.0,5,0,0,0,1,0,0,0,MCI,False
2026-27,1,56979,MID,0,0.0,0.0,0,0,0,0,0,0,0,0,FUL,False
2026-27,1,59735,GK,0,0.0,0.0,0,0,0,0,0,0,0,0,HUL,False
2026-27,1,60307,MID,90,0.0,0.27,5,0,0,0,2,1,0,1,AVL,True
2026-27,1,60689,FWD,28,0.12,0.01,1,0,0,0,1,0,0,0,LEE,True
2026-27,1,67089,GK,0,0.0,0.0,0,0,0,0,0,0,0,0,BRE,False
2026-27,1,72147,GK,90,0.0,0.0,0,3,0,0,1,0,0,0,BHA,False
2026-27,1,75115,FWD,7,0.03,0.04,0,0,0,0,1,0,0,0,TOT,True
2026-27,1,76357,MID,0,0.0,0.0,0,0,0,0,0,0,0,0,CHE,True
2026-27,1,78916,DEF,0,0.0,0.0,0,0,0,0,0,0,0,0,LIV,True
2026-27,1,80178,DEF,0,0.0,0.0,0,0,0,0,0,0,0,0,ARS,False
2026-27,1,80201,GK,90,0.0,0.0,0,3,0,0,2,0,0,0,CHE,True
2026-27,1,81441,GK,0,0.0,0.0,0,0,0,0,0,0,0,0,LIV,True
2026-27,1,83299,DEF,90,0.0,0.04,2,0,0,0,6,1,0,0,AVL,True
2026-27,1,84450,MID,90,0.0,0.09,13,0,0,1,9,0,2,0,IPS,False
2026-27,1,85633,GK,90,0.0,0.0,0,2,0,0,2,0,0,0,LEE,True
2026-27,1,86873,GK,0,0.0,0.0,0,0,0,0,0,0,0,0,CHE,True
2026-27,1,88894,MID,73,0.1,0.02,1,0,0,0,2,0,0,0,BHA,False
2026-27,1,91651,MID,27,0.0,0.01,2,0,0,0,1,0,0,0,BOU,True
2026-27,1,93605,DEF,90,0.08,0.08,4,0,0,0,1,0,0,0,IPS,False
2026-27,1,95658,DEF,90,0.04,0.4,4,0,0,0,1,0,0,0,HUL,False
2026-27,1,97032,DEF,90,0.25,0.01,11,0,0,0,2,0,0,1,NEW,False
2026-27,1,98747,GK,0,0.0,0.0,0,0,0,0,0,0,0,0,LIV,True
2026-27,1,98980,GK,0,0.0,0.0,0,0,0,0,0,0,0,0,FUL,False
2026-27,1,101188,DEF,0,0.0,0.0,0,0,0,0,0,0,0,0,BHA,False
2026-27,1,101282,MID,90,0.0,0.0,9,0,0,0,2,1,0,1,MUN,True
2026-27,1,105666,GK,0,0.0,0.0,0,0,0,0,0,0,0,0,MUN,True
2026-27,1,105717,DEF,0,0.0,0.0,0,0,0,0,0,0,0,0,IPS,False
2026-27,1,106611,DEF,0,0.0,0.0,0,0,0,0,0,0,0,0,CRY,True
2026-27,1,106760,DEF,90,0.0,0.26,4,0,0,0,1,0,0,0,HUL,False
2026-27,1,106921,GK,0,0.0,0.0,0,0,0,0,0,0,0,0,BOU,True
2026-27,1,108413,MID,0,0.0,0.0,0,0,0,0,0,0,0,0,EVE,False
2026-27,1,108416,DEF,90,0.0,0.0,21,0,0,0,8,1,0,0,MUN,True
2026-27,1,108813,GK,0,0.0,0.0,0,0,0,0,0,0,0,0,SUN,True
2026-27,1,109646,DEF,0,0.0,0.0,0,0,0,0,0,0,0,0,FUL,False
2026-27,1,109745,GK,0,0.0,0.0,0,0,0,0,0,0,0,0,COV,True
2026-27,1,110690,GK,0,0.0,0.0,0,0,0,0,0,0,0,0,ARS,False
2026-27,1,111234,GK,90,0.0,0.02,0,4,0,0,7,1,0,0,CRY,True
2026-27,1,111317,MID,0,0.0,0.0,0,0,0,0,0,0,0,0,MCI,False
2026-27,1,112520,GK,0,0.0,0.0,0,0,0,0,0,0,0,0,SUN,True
2026-27,1,114243,MID,14,0.0,0.0,2,0,0,0,0,0,0,1,LIV,True
2026-27,1,114283,MID,8,0.0,0.0,1,0,0,0,1,0,0,0,BOU,True
2026-27,1,115556,DEF,0,0.0,0.0,0,0,0,0,0,0,0,0,BRE,False
2026-27,1,116535,GK,90,0.0,0.0,0,3,0,0,2,0,0,0,NEW,False
2026-27,1,119471,DEF,1,0.0,0.0,0,0,0,0,1,0,0,0,LIV,True
2026-27,1,121709,GK,0,0.0,0.0,0,0,0,0,0,0,0,0,EVE,False
2026-27,1,122074,GK,0,0.0,0.0,0,0,0,0,0,0,0,0,BOU,True
2026-27,1,122798,DEF,90,0.0,0.06,11,0,0,0,3,0,0,0,BRE,False
2026-27,1,122806,MID,81,0.04,0.01,6,0,0,0,1,0,0,1,BHA,False
2026-27,1,128295,MID,0,0.0,0.0,0,0,0,0,0,0,0,0,CRY,True
2026-27,1,135720,DEF,0,0.0,0.0,0,0,0,0,0,0,0,0,BRE,False
2026-27,1,138001,GK,0,0.0,0.0,0,0,0,0,0,0,0,0,CRY,True
2026-27,1,141746,MID,90,0.08,0.26,6,0,0,0,2,0,0,0,HUL,False
2026-27,1,146426,DEF,63,0.52,0.0,7,0,1,0,14,1,2,0,MUN,True
2026-27,1,147675,FWD,24,0.0,0.0,3,0,0,0,1,0,0,0,SUN,True
2026-27,1,149484,DEF,16,0.0,0.0,1,0,0,0,1,0,0,0,BHA,False
2026-27,1,149929,MID,0,0.0,0.0,0,0,0,0,0,0,0,0,SUN,True
2026-27,1,152551,MID,0,0.0,0.0,0,0,0,0,0,0,0,0,EVE,False
2026-27,1,153133,MID,90,0.0,0.04,10,0,0,0,2,0,0,0,CHE,True
2026-27,1,153366,MID,0,0.0,0.0,0,0,0,0,0,0,0,0,CHE,True
2026-27,1,153682,MID,65,0.0,0.02,2,0,0,0,3,1,0,0,NFO,False
2026-27,1,154561,GK,90,0.0,0.0,0,1,0,0,6,1,0,0,COV,True
2026-27,1,154566,FWD,22,0.07,0.0,0,0,0,0,1,0,0,0,BRE,False
2026-27,1,155405,MID,0,0.0,0.0,0,0,0,0,0,0,0,0,BOU,True
2026-27,1,155408,MID,75,0.0,0.0,7,0,0,0,3,1,0,0,MCI,False
2026-27,1,155503,GK,0,0.0,0.0,0,0,0,0,0,0,0,0,NEW,False
2026-27,1,158499,MID,0,0.0,0.0,0,0,0,0,0,0,0,0,MCI,False
2026-27,1,158983,MID,0,0.0,0.0,0,0,0,0,0,0,0,0,NEW,False
2026-27,1,159506,DEF,73,0.04,0.17,2,0,0,0,5,1,0,1,LEE,True
2026-27,1,160817,DEF,26,0.0,0.0,2,0,0,0,1,0,0,0,MUN,True
2026-27,1,166477,DEF,90,0.09,0.18,6,0,0,2,6,0,0,1,CHE,True
2026-27,1,166989,MID,66,0.04,0.11,5,0,0,0,2,0,0,0,HUL,False
2026-27,1,167074,DEF,0,0.0,0.0,0,0,0,0,0,0,0,0,CHE,True
2026-27,1,167512,DEF,66,0.01,0.01,5,0,0,0,1,0,0,1,IPS,False
2026-27,1,167825,GK,0,0.0,0.0,0,0,0,0,0,0,0,0,MUN,True
2026-27,1,168144,MID,90,0.0,0.01,7,0,0,0,2,0,0,0,ARS,False
2026-27,1,168636,FWD,0,0.0,0.0,0,0,0,0,0,0,0,0,MCI,False
2026-27,1,169359,DEF,5,0.0,0.0,0,0,0,0,1,0,0,0,MUN,True
2026-27,1,169432,FWD,90,0.16,0.01,5,0,0,1,5,1,0,0,MUN,True
2026-27,1,169528,DEF,81,0.13,0.04,7,0,0,0,1,0,0,0,CHE,True
2026-27,1,169593,GK,0,0.0,0.0,0,0,0,0,0,0,0,0,EVE,False
2026-27,1,171270,MID,0,0.0,0.0,0,0,0,0,0,0,0,0,MUN,True
2026-27,1,171287,DEF,0,0.0,0.0,0,0,0,0,0,0,0,0,NEW,False
2026-27,1,171314,DEF,90,0.0,0.14,6,0,0,0,2,0,0,0,BOU,True
2026-27,1,172453,MID,0,0.0,0.0,0,0,0,0,0,0,0,0,SUN,True
2026-27,1,172649,GK,90,0.0,0.0,0,3,0,0,2,0,0,0,EVE,False
2026-27,1,172780,MID,22,0.0,0.01,2,0,0,0,1,0,0,0,BRE,False
2026-27,1,173774,DEF,0,0.0,0.0,0,0,0,0,0,0,0,0,NFO,False
2026-27,1,173878,DEF,90,0.0,0.02,6,0,0,0,1,0,0,0,ARS,False
2026-27,1,173879,FWD,0,0.0,0.0,0,0,0,0,0,0,0,0,BHA,False
2026-27,1,174594,FWD,0,0.0,0.0,0,0,0,0,0,0,0,0,NFO,False
2026-27,1,174874,DEF,0,0.0,0.0,0,0,0,0,0,0,0,0,CHE,True
2026-27,1,176297,MID,45,0.0,0.1,1,0,0,0,1,0,0,0,HUL,False
2026-27,1,176412,FWD,0,0.0,0.0,0,0,0,0,0,0,0,0,ARS,False
2026-27,1,176420,DEF,0,0.0,0.0,0,0,0,0,0,0,0,0,SUN,True
2026-27,1,177815,FWD,90,0.13,0.0,2,0,0,0,1,1,0,1,NFO,False
2026-27,1,178301,FWD,0,0.0,0.0,0,0,0,0,0,0,0,0,BHA,False
2026-27,1,180135,MID,8,0.0,0.0,0,0,0,0,1,0,0,0,NFO,False
2026-27,1,180736,DEF,0,0.0,0.0,0,0,0,0,0,0,0,0,FUL,False
2026-27,1,180974,MID,0,0.0,0.0,0,0,0,0,0,0,0,0,LIV,True
2026-27,1,183015,DEF,0,0.0,0.0,0,0,0,0,0,0,0,0,SUN,True
2026-27,1,183656,MID,0,0.0,0.0,0,0,0,0,0,0,0,0,TOT,True
2026-27,1,184029,MID,75,0.21,0.1,8,0,1,0,11,1,3,0,COV,True
2026-27,1,184254,GK,0,0.0,0.0,0,0,0,0,0,0,0,0,BRE,False
2026-27,1,184341,MID,0,0.0,0.0,0,0,0,0,0,0,0,0,HUL,False
2026-27,1,184349,DEF,17,0.03,0.0,1,0,0,0,1,0,0,0,CHE,True
2026-27,1,184667,DEF,90,0.0,0.0,3,0,0,0,-2,0,0,0,BHA,False
2026-27,1,191866,DEF,90,0.11,0.02,10,0,0,0,8,1,0,0,TOT,True
2026-27,1,193278,DEF,69,0.0,0.01,2,0,0,0,6,1,0,0,MUN,True
2026-27,1,194010,DEF,0,0.0,0.0,0,0,0,0,0,0,0,0,TOT,True
2026-27,1,195384,MID,14,0.14,0.02,2,0,0,0,1,0,0,0,COV,True
2026-27,1,195546,MID,85,0.13,0.09,7,0,0,0,2,0,0,0,BHA,False
2026-27,1,196100,MID,8,0.0,0.0,1,0,0,0,1,0,0,0,ARS,False
2026-27,1,198869,DEF,90,0.18,0.21,5,0,0,1,11,1,2,0,COV,True
2026-27,1,199598,MID,90,0.0,0.04,13,0,0,0,5,1,0,0,NFO,False
2026-27,1,199796,DEF,90,0.0,0.0,7,0,0,0,-1,0,0,1,BHA,False
2026-27,1,199798,DEF,0,0.0,0.0,0,0,0,0,0,0,0,0,COV,True
2026-27,1,200089,MID,34,0.09,0.17,3,0,1,0,6,0,0,0,LIV,True
2026-27,1,200617,MID,0,0.0,0.0,0,0,0,0,0,0,0,0,NFO,False
2026-27,1,200641,MID,0,0.0,0.0,0,0,0,0,0,0,0,0,COV,True
2026-27,1,200720,GK,90,0.0,0.01,0,4,0,0,7,1,0,0,TOT,True
2026-27,1,200785,MID,15,0.0,0.0,3,0,0,0,1,0,0,0,MCI,False
2026-27,1,200834,DEF,0,0.0,0.0,0,0,0,0,0,0,0,0,IPS,False
2026-27,1,201595,GK,0,0.0,0.0,0,0,0,0,0,0,0,0,NFO,False
2026-27,1,201658,MID,90,0.4,0.08,8,0,1,0,10,0,3,0,MCI,False
2026-27,1,201666,MID,90,0.07,0.02,8,0,0,0,2,0,0,0,LIV,True
2026-27,1,201895,DEF,23,0.0,0.01,0,0,0,0,1,0,0,0,IPS,False
2026-27,1,202993,MID,45,0.0,0.01,5,0,0,0,1,0,0,0,BRE,False
2026-27,1,204120,DEF,90,0.0,0.04,6,0,0,0,6,1,0,0,AVL,True
2026-27,1,204480,MID,67,0.07,0.08,6,0,0,0,3,1,0,0,COV,True
2026-27,1,204561,MID,16,0.0,0.0,1,0,0,0,1,0,0,0,LEE,True
2026-27,1,204580,MID,90,0.39,0.17,13,0,1,0,9,1,0,1,TOT,True
2026-27,1,204813,DEF,0,0.0,0.0,0,0,0,0,0,0,0,0,ARS,False
2026-27,1,204822,DEF,0,0.0,0.0,0,0,0,0,0,0,0,0,LEE,True
2026-27,1,204936,GK,90,0.0,0.0,0,3,0,0,3,0,0,0,BOU,True
2026-27,1,204968,MID,0,0.0,0.0,0,0,0,0,0,0,0,0,LEE,True
2026-27,1,205533,FWD,55,0.6,0.58,3,0,0,0,1,0,0,0,EVE,False
2026-27,1,205651,FWD,0,0.0,0.0,0,0,0,0,0,0,0,0,COV,True
2026-27,1,206915,MID,0,0.0,0.0,0,0,0,0,0,0,0,0,NEW,False
2026-27,1,207189,MID,72,0.03,0.03,4,0,0,0,2,0,0,0,CHE,True
2026-27,1,207283,MID,66,0.08,0.34,5,0,0,1,6,1,0,0,TOT,True
2026-27,1,208481,MID,0,0.0,0.0,0,0,0,0,0,0,0,0,MUN,True
2026-27,1,208706,MID,0,0.0,0.0,0,0,0,0,0,0,0,0,COV,True
2026-27,1,209036,DEF,90,0.89,0.32,4,0,1,0,10,0,2,0,BOU,True
2026-27,1,209046,MID,0,0.0,0.0,0,0,0,0,0,0,0,0,LEE,True
2026-27,1,209244,MID,81,0.12,0.4,6,0,0,0,1,0,0,1,BOU,True
2026-27,1,209289,MID,0,0.0,0.0,0,0,0,0,0,0,0,0,CHE,True
2026-27,1,209365,DEF,0,0.0,0.0,0,0,0,0,0,0,0,0,HUL,False
2026-27,1,209400,MID,90,0.0,0.27,14,0,0,0,3,0,0,1,EVE,False
2026-27,1,210156,FWD,20,0.0,0.0,1,0,0,0,1,0,0,0,ARS,False
2026-27,1,210462,MID,90,0.03,0.01,6,0,0,0,2,0,0,0,LEE,True
2026-27,1,212314,MID,90,0.0,0.02,6,0,0,1,5,0,0,0,SUN,True
2026-27,1,212319,FWD,67,0.0,0.0,1,0,0,0,2,0,0,0,BRE,False
2026-27,1,213292,MID,0,0.0,0.0,0,0,0,0,0,0,0,0,MUN,True
2026-27,1,214225,DEF,90,0.03,0.06,7,0,0,0,6,1,0,0,NFO,False
2026-27,1,214285,DEF,0,0.0,0.0,0,0,0,0,0,0,0,0,NEW,False
2026-27,1,214572,GK,0,0.0,0.0,0,0,0,0,0,0,0,0,BRE,False
2026-27,1,215059,GK,90,0.0,0.01,0,4,0,0,2,0,0,0,FUL,False
2026-27,1,215136,DEF,90,0.0,0.02,6,0,0,0,2,0,0,0,LEE,True
2026-27,1,215379,MID,62,0.0,0.25,6,0,0,0,2,0,0,0,BOU,True
2026-27,1,215413,MID,90,0.12,0.17,8,0,1,0,11,1,3,0,CRY,True
2026-27,1,215711,MID,0,0.0,0.0,0,0,0,0,0,0,0,0,BHA,False
2026-27,1,216051,DEF,10,0.0,0.0,3,0,0,0,1,0,0,0,HUL,False
2026-27,1,216055,MID,0,0.0,0.0,0,0,0,0,0,0,0,0,SUN,True
2026-27,1,216094,DEF,90,0.01,0.09,2,0,0,0,0,0,0,1,NEW,False
2026-27,1,216616,DEF,90,0.0,0.16,18,0,0,0,4,0,0,0,SUN,True
2026-27,1,216646,FWD,90,1.0,0.02,8,0,0,1,4,0,0,1,LIV,True
2026-27,1,218364,DEF,0,0.0,0.0,0,0,0,0,0,0,0,0,EVE,False
2026-27,1,218997,FWD,69,0.0,0.01,3,0,0,0,2,0,0,0,ARS,False
2026-27,1,219168,FWD,90,1.09,0.01,1,0,0,0,2,0,0,0,NEW,False
2026-27,1,219249,MID,0,0.0,0.0,0,0,0,0,0,0,0,0,AVL,True
2026-27,1,219847,FWD,90,0.26,0.03,2,0,1,0,6,1,0,0,COV,True
2026-27,1,219924,DEF,90,0.0,0.01,5,0,0,0,2,0,0,0,SUN,True
2026-27,1,220237,DEF,90,0.0,0.01,10,0,0,0,3,0,0,0,LIV,True
2026-27,1,220362,DEF,0,0.0,0.0,0,0,0,0,0,0,0,0,EVE,False
2026-27,1,220566,MID,0,0.0,0.0,0,0,0,0,0,0,0,0,BOU,True
2026-27,1,220583,DEF,0,0.0,0.0,0,0,0,0,0,0,0,0,ARS,False
2026-27,1,220627,DEF,90,0.0,0.01,12,0,0,0,10,1,2,0,NFO,False
2026-27,1,221389,GK,0,0.0,0.0,0,0,0,0,0,0,0,0,LEE,True
2026-27,1,221399,MID,0,0.0,0.0,0,0,0,0,0,0,0,0,NFO,False
2026-27,1,221466,DEF,90,0.0,0.02,16,0,0,0,3,0,0,0,BRE,False
2026-27,1,221632,DEF,0,0.0,0.0,0,0,0,0,0,0,0,0,BRE,False
2026-27,1,221820,DEF,0,0.0,0.0,0,0,0,0,0,0,0,0,HUL,False
2026-27,1,222018,DEF,0,0.0,0.0,0,0,0,0,0,0,0,0,SUN,True
2026-27,1,222531,MID,90,0.13,0.06,3,0,0,0,2,0,0,0,LEE,True
2026-27,1,222625,FWD,0,0.0,0.0,0,0,0,0,0,0,0,0,SUN,True
2026-27,1,222683,MID,74,0.11,0.0,9,0,0,0,3,1,0,0,MCI,False
2026-27,1,222694,DEF,0,0.0,0.0,0,0,0,0,0,0,0,0,AVL,True
2026-27,1,223094,FWD,90,0.74,0.02,3,0,0,0,2,0,0,0,BOU,True
2026-27,1,223340,MID,67,0.64,0.08,7,0,1,0,9,1,1,0,COV,True
2026-27,1,223434,DEF,0,0.0,0.0,0,0,0,0,0,0,0,0,AVL,True
2026-27,1,223541,MID,0,0.0,0.0,0,0,0,0,0,0,0,0,NEW,False
2026-27,1,223723,DEF,18,0.0,0.01,1,0,0,0,1,0,0,0,EVE,False
2026-27,1,223827,DEF,90,0.0,0.01,9,0,0,0,0,0,0,1,IPS,False
2026-27,1,224117,FWD,0,0.0,0.0,0,0,0,0,0,0,0,0,COV,True
2026-27,1,224967,DEF,90,0.0,0.05,4,0,0,0,6,1,0,0,CRY,True
2026-27,1,225796,DEF,90,0.1,0.07,6,0,0,0,0,0,0,1,FUL,False
2026-27,1,226182,DEF,90,0.0,0.0,3,0,0,0,6,1,0,0,NFO,False
2026-27,1,226597,DEF,90,0.05,0.01,4,0,0,0,5,1,0,1,COV,True
2026-27,1,226944,MID,90,0.0,0.0,7,0,0,0,2,0,0,0,BHA,False
2026-27,1,226965,MID,28,0.0,0.11,1,0,0,0,1,0,0,0,ARS,False
2026-27,1,227444,DEF,90,0.11,0.02,7,0,0,0,2,0,0,0,LEE,True
2026-27,1,229164,MID,0,0.0,0.0,0,0,0,0,0,0,0,0,SUN,True
2026-27,1,229600,GK,0,0.0,0.0,0,0,0,0,0,0,0,0,CRY,True
2026-27,1,230001,DEF,79,0.22,0.05,5,0,0,0,1,0,0,0,HUL,False
2026-27,1,230730,FWD,69,0.0,0.02,6,0,0,0,2,0,0,0,ARS,False
2026-27,1,231065,DEF,0,0.0,0.0,0,0,0,0,0,0,0,0,ARS,False
2026-27,1,231416,DEF,0,0.0,0.0,0,0,0,0,0,0,0,0,AVL,True
2026-27,1,231747,FWD,62,0.7,0.02,5,0,0,0,2,0,0,0,EVE,False
2026-27,1,231899,MID,0,0.0,0.0,0,0,0,0,0,0,0,0,SUN,True
2026-27,1,232112,MID,0,0.0,0.0,0,0,0,0,0,0,0,0,HUL,False
2026-27,1,232185,MID,0,0.0,0.0,0,0,0,0,0,0,0,0,EVE,False
2026-27,1,232351,DEF,84,0.02,0.07,6,0,0,0,6,1,0,0,MUN,True
2026-27,1,232413,MID,14,0.04,0.0,2,0,0,0,1,0,0,0,COV,True
2026-27,1,232457,MID,0,0.0,0.0,0,0,0,0,0,0,0,0,SUN,True
2026-27,1,232571,GK,0,0.0,0.0,0,0,0,0,0,0,0,0,IPS,False
2026-27,1,232653,MID,34,0.06,0.01,6,0,0,0,0,0,0,1,LIV,True
2026-27,1,232787,MID,45,0.02,0.06,3,0,0,0,0,0,0,1,BRE,False
2026-27,1,232859,DEF,0,0.0,0.0,0,0,0,0,0,0,0,0,BRE,False
2026-27,1,232892,DEF,90,0.02,0.02,4,0,0,0,0,0,0,1,CHE,True
2026-27,1,232905,MID,19,0.0,0.0,3,0,0,0,0,0,0,1,MUN,True
2026-27,1,232928,MID,11,0.0,0.03,1,0,0,0,1,0,0,0,CRY,True
2026-27,1,235826,FWD,0,0.0,0.0,0,0,0,0,0,0,0,0,NFO,False
2026-27,1,240514,GK,90,0.0,0.0,0,2,0,0,2,0,0,0,SUN,True
2026-27,1,241117,MID,0,0.0,0.0,0,0,0,0,0,0,0,0,SUN,True
2026-27,1,241293,MID,0,0.0,0.0,0,0,0,0,0,0,0,0,ARS,False
2026-27,1,242313,DEF,0,0.0,0.0,0,0,0,0,0,0,0,0,EVE,False
2026-27,1,242880,DEF,0,0.0,0.0,0,0,0,0,0,0,0,0,FUL,False
2026-27,1,242882,DEF,0,0.0,0.0,0,0,0,0,0,0,0,0,MCI,False
2026-27,1,242898,MID,6,0.0,0.0,2,0,0,0,1,0,0,0,CRY,True
2026-27,1,243016,MID,27,0.0,0.01,3,0,0,0,1,0,0,0,NEW,False
2026-27,1,243298,MID,90,0.3,0.15,12,0,1,0,12,0,3,0,NEW,False
2026-27,1,243413,MID,90,0.0,0.44,3,0,0,1,6,1,0,0,MUN,True
2026-27,1,243526,DEF,0,0.0,0.0,0,0,0,0,0,0,0,0,NFO,False
2026-27,1,243571,DEF,0,0.0,0.0,0,0,0,0,0,0,0,0,CRY,True
2026-27,1,244042,FWD,8,0.02,0.0,1,0,0,0,1,0,0,0,CHE,True
2026-27,1,244723,DEF,90,0.0,0.01,5,0,0,0,1,0,0,0,EVE,False
2026-27,1,244850,MID,81,0.96,0.1,7,0,1,0,8,0,1,0,FUL,False
2026-27,1,244851,MID,82,0.28,0.19,9,0,1,1,13,0,3,0,FUL,False
2026-27,1,244858,MID,0,0.0,0.0,0,0,0,0,0,0,0,0,TOT,True
2026-27,1,244860,MID,78,0.01,0.01,7,0,0,0,3,1,0,0,CRY,True
2026-27,1,244954,DEF,73,0.0,0.0,5,0,0,0,0,0,0,0,BHA,False
2026-27,1,246301,DEF,90,0.0,0.03,10,0,0,0,3,0,0,0,CHE,True
2026-27,1,247348,DEF,54,0.23,0.01,4,0,0,0,0,0,0,0,LEE,True
2026-27,1,247412,FWD,27,0.25,0.01,0,0,0,0,1,0,0,0,EVE,False
2026-27,1,247632,MID,14,0.03,0.07,4,0,0,0,1,0,0,0,FUL,False
2026-27,1,248056,MID,0,0.0,0.0,0,0,0,0,0,0,0,0,NFO,False
2026-27,1,248857,MID,22,0.0,0.04,2,0,0,0,1,0,0,0,COV,True
2026-27,1,248875,MID,0,0.0,0.0,0,0,0,0,0,0,0,0,BOU,True
2026-27,1,249231,MID,90,0.77,0.12,10,0,1,0,10,1,2,0,TOT,True
2026-27,1,250199,MID,0,0.0,0.0,0,0,0,0,0,0,0,0,LEE,True
2026-27,1,424876,MID,90,0.85,0.27,7,0,1,0,8,0,1,0,NEW,False
2026-27,1,427623,DEF,90,0.0,0.0,16,0,0,0,3,0,0,0,EVE,False
2026-27,1,427637,MID,81,0.01,0.01,7,0,0,0,3,1,0,0,NFO,False
2026-27,1,428580,MID,90,0.0,0.01,9,0,0,0,2,0,0,0,ARS,False
2026-27,1,428971,GK,0,0.0,0.0,0,0,0,0,0,0,0,0,LEE,True
2026-27,1,430871,MID,79,0.24,0.21,3,0,0,0,2,0,0,0,HUL,False
2026-27,1,432422,MID,90,0.04,0.06,4,0,0,0,2,0,0,0,BRE,False
2026-27,1,432714,MID,73,0.0,0.16,8,0,0,0,3,1,0,0,LEE,True
2026-27,1,432720,GK,90,0.0,0.0,0,3,0,0,9,1,2,0,NFO,False
2026-27,1,432830,DEF,90,0.34,0.04,3,0,0,0,6,1,0,0,TOT,True
2026-27,1,432987,GK,0,0.0,0.0,0,0,0,0,0,0,0,0,NEW,False
2026-27,1,433036,MID,0,0.0,0.0,0,0,0,0,0,0,0,0,BOU,True
2026-27,1,433154,MID,62,0.05,0.02,5,0,0,0,2,0,0,0,EVE,False
2026-27,1,433590,DEF,20,0.05,0.0,3,0,0,0,1,0,0,0,MUN,True
2026-27,1,433969,GK,0,0.0,0.0,0,0,0,0,0,0,0,0,BHA,False
2026-27,1,434399,DEF,90,0.0,0.29,8,0,0,0,1,0,0,0,IPS,False
2026-27,1,434752,DEF,90,0.11,0.0,12,0,0,0,10,1,2,0,NFO,False
2026-27,1,435997,MID,24,0.0,0.16,5,0,0,0,1,0,0,0,NFO,False
2026-27,1,436761,DEF,0,0.0,0.0,0,0,0,0,0,0,0,0,ARS,False
2026-27,1,436893,DEF,0,0.0,0.0,0,0,0,0,0,0,0,0,MCI,False
2026-27,1,437495,GK,0,0.0,0.0,0,0,0,0,0,0,0,0,COV,True
2026-27,1,437499,DEF,90,0.0,0.2,12,0,0,1,6,0,0,0,FUL,False
2026-27,1,437505,FWD,23,0.0,0.0,0,0,0,0,1,0,0,0,IPS,False
2026-27,1,437730,MID,90,0.06,0.02,5,0,0,0,2,0,0,0,BOU,True
2026-27,1,437738,DEF,0,0.0,0.0,0,0,0,0,0,0,0,0,NFO,False
2026-27,1,438098,MID,0,0.0,0.0,0,0,0,0,0,0,0,0,COV,True
2026-27,1,438234,FWD,0,0.0,0.0,0,0,0,0,0,0,0,0,BRE,False
2026-27,1,438464,MID,0,0.0,0.0,0,0,0,0,0,0,0,0,EVE,False
2026-27,1,439509,MID,75,0.19,0.14,6,0,0,1,6,1,0,0,COV,True
2026-27,1,439668,MID,0,0.0,0.0,0,0,0,0,0,0,0,0,ARS,False
2026-27,1,440089,MID,14,0.0,0.11,4,0,0,0,1,0,0,0,TOT,True
2026-27,1,440993,MID,90,0.24,0.32,12,0,0,1,9,1,1,0,CRY,True
2026-27,1,441164,DEF,0,0.0,0.0,0,0,0,0,0,0,0,0,BRE,False
2026-27,1,441191,DEF,0,0.0,0.0,0,0,0,0,0,0,0,0,LIV,True
2026-27,1,441264,FWD,66,0.3,0.0,0,0,0,0,2,0,0,0,IPS,False
2026-27,1,441266,MID,77,0.06,0.05,11,0,0,1,5,0,0,0,NEW,False
2026-27,1,441302,DEF,81,0.03,0.0,9,0,0,0,0,0,0,0,BHA,False
2026-27,1,442967,MID,79,0.61,0.0,9,0,0,0,2,0,0,0,SUN,True
2026-27,1,443261,MID,19,0.1,0.0,2,0,1,0,7,0,1,0,SUN,True
2026-27,1,444102,FWD,74,0.0,0.21,8,0,0,1,4,1,0,1,MCI,False
2026-27,1,444145,MID,0,0.0,0.0,0,0,0,0,0,0,0,0,COV,True
2026-27,1,444172,GK,0,0.0,0.0,0,0,0,0,0,0,0,0,MCI,False
2026-27,1,444180,MID,23,0.03,0.35,8,0,0,0,1,0,0,0,TOT,True
2026-27,1,444307,GK,0,0.0,0.0,0,0,0,0,0,0,0,0,MUN,True
2026-27,1,444463,DEF,0,0.0,0.0,0,0,0,0,0,0,0,0,FUL,False
2026-27,1,444765,DEF,0,0.0,0.0,0,0,0,0,0,0,0,0,TOT,True
2026-27,1,444884,MID,0,0.0,0.0,0,0,0,0,0,0,0,0,NEW,False
2026-27,1,445028,MID,0,0.0,0.0,0,0,0,0,0,0,0,0,MUN,True
2026-27,1,445044,MID,0,0.0,0.0,0,0,0,0,0,0,0,0,BRE,False
2026-27,1,445087,DEF,20,0.0,0.03,4,0,0,0,1,0,0,0,NEW,False
2026-27,1,445122,DEF,0,0.0,0.0,0,0,0,0,0,0,0,0,COV,True
2026-27,1,446008,MID,90,0.5,0.23,4,0,0,0,2,0,0,0,HUL,False
2026-27,1,448047,MID,25,0.0,0.02,3,0,0,0,1,0,0,0,FUL,False
2026-27,1,448089,MID,39,0.0,0.01,7,0,0,0,-2,0,0,0,BHA,False
2026-27,1,448104,DEF,9,0.0,0.0,0,0,0,0,1,0,0,0,COV,True
2026-27,1,448514,DEF,0,0.0,0.0,0,0,0,0,0,0,0,0,BOU,True
2026-27,1,449027,GK,0,0.0,0.0,0,0,0,0,0,0,0,0,NEW,False
2026-27,1,449428,DEF,0,0.0,0.0,0,0,0,0,0,0,0,0,MUN,True
2026-27,1,449429,DEF,90,0.0,0.0,7,0,0,0,2,0,0,0,SUN,True
2026-27,1,449434,MID,75,0.22,0.01,2,0,1,0,9,0,2,0,LIV,True
2026-27,1,449871,MID,0,0.0,0.0,0,0,0,0,0,0,0,0,BHA,False
2026-27,1,450542,MID,0,0.0,0.0,0,0,0,0,0,0,0,0,EVE,False
2026-27,1,451284,DEF,90,0.0,0.01,7,0,0,0,1,0,0,0,ARS,False
2026-27,1,451302,GK,0,0.0,0.0,0,0,0,0,0,0,0,0,HUL,False
2026-27,1,451340,MID,0,0.0,0.0,0,0,0,0,0,0,0,0,AVL,True
2026-27,1,451490,DEF,26,0.12,0.0,4,0,0,0,1,0,0,0,AVL,True
2026-27,1,454490,DEF,0,0.0,0.0,0,0,0,0,0,0,0,0,AVL,True
2026-27,1,455084,DEF,90,0.0,0.01,7,0,0,0,2,0,0,0,SUN,True
2026-27,1,456512,MID,61,0.0,0.0,3,0,0,0,3,1,0,0,LEE,True
2026-27,1,457569,GK,90,0.0,0.0,0,4,0,0,2,0,0,0,MCI,False
2026-27,1,458249,FWD,0,0.0,0.0,0,0,0,0,0,0,0,0,HUL,False
2026-27,1,460028,DEF,90,0.01,0.03,4,0,0,0,0,0,0,1,FUL,False
2026-27,1,460842,MID,0,0.0,0.0,0,0,0,0,0,0,0,0,BRE,False
2026-27,1,461102,DEF,90,0.02,0.01,10,0,0,0,3,0,0,0,ARS,False
2026-27,1,461199,MID,0,0.0,0.0,0,0,0,0,0,0,0,0,IPS,False
2026-27,1,461587,MID,24,0.0,0.0,3,0,0,0,1,0,0,0,SUN,True
2026-27,1,462387,FWD,0,0.0,0.0,0,0,0,0,0,0,0,0,SUN,True
2026-27,1,462424,DEF,0,0.0,0.0,0,0,0,0,0,0,0,0,COV,True
2026-27,1,462635,MID,0,0.0,0.0,0,0,0,0,0,0,0,0,MUN,True
2026-27,1,463034,FWD,0,0.0,0.0,0,0,0,0,0,0,0,0,LEE,True
2026-27,1,463067,FWD,90,0.08,0.44,7,0,0,1,5,1,0,0,AVL,True
2026-27,1,463210,MID,23,0.0,0.0,3,0,0,0,1,0,0,0,CHE,True
2026-27,1,463726,DEF,90,0.03,0.0,9,0,0,0,1,0,0,0,LIV,True
2026-27,1,463936,MID,0,0.0,0.0,0,0,0,0,0,0,0,0,FUL,False
2026-27,1,463981,DEF,90,0.0,0.0,6,0,0,0,1,0,0,0,MCI,False
2026-27,1,464353,GK,0,0.0,0.0,0,0,0,0,0,0,0,0,NEW,False
2026-27,1,465247,GK,90,0.0,0.0,0,2,0,0,1,0,0,0,HUL,False
2026-27,1,465351,DEF,33,0.0,0.04,1,0,0,0,1,0,0,0,BOU,True
2026-27,1,465390,DEF,0,0.0,0.0,0,0,0,0,0,0,0,0,ARS,False
2026-27,1,465525,MID,0,0.0,0.0,0,0,0,0,0,0,0,0,MUN,True
2026-27,1,465642,DEF,90,0.0,0.0,15,0,0,0,3,0,0,0,LIV,True
2026-27,1,465680,FWD,1,0.0,0.0,0,0,0,0,1,0,0,0,LEE,True
2026-27,1,465694,MID,0,0.0,0.0,0,0,0,0,0,0,0,0,LIV,True
2026-27,1,465730,DEF,77,1.47,0.21,4,0,1,1,17,1,2,0,AVL,True
2026-27,1,465920,MID,0,0.0,0.0,0,0,0,0,0,0,0,0,FUL,False
2026-27,1,466052,MID,27,0.0,0.5,0,0,0,2,8,0,1,0,BOU,True
2026-27,1,466075,DEF,80,0.04,0.09,5,0,0,1,9,1,0,0,COV,True
2026-27,1,466525,MID,90,0.1,0.05,16,0,1,0,13,1,3,0,NFO,False
2026-27,1,467779,DEF,77,0.09,0.05,8,0,0,0,7,1,1,0,AVL,True
2026-27,1,469142,DEF,90,0.0,0.03,9,0,0,0,1,0,0,0,BRE,False
2026-27,1,469247,MID,0,0.0,0.0,0,0,0,0,0,0,0,0,BHA,False
2026-27,1,469266,MID,0,0.0,0.0,0,0,0,0,0,0,0,0,MUN,True
2026-27,1,469272,MID,81,0.04,0.02,8,0,0,0,2,0,0,0,ARS,False
2026-27,1,470294,MID,0,0.0,0.0,0,0,0,0,0,0,0,0,MUN,True
2026-27,1,470313,FWD,0,0.0,0.0,0,0,0,0,0,0,0,0,LIV,True
2026-27,1,470315,DEF,16,0.0,0.0,0,0,0,0,1,0,0,0,LEE,True
2026-27,1,470551,GK,90,0.0,0.0,0,5,0,0,1,0,0,1,LIV,True
2026-27,1,472713,DEF,14,0.0,0.0,0,0,0,0,1,0,0,0,TOT,True
2026-27,1,472739,GK,90,0.0,0.01,0,2,0,0,1,0,0,0,ARS,False
2026-27,1,472769,DEF,62,0.07,0.41,2,0,0,0,2,0,0,0,BOU,True
2026-27,1,473284,GK,90,0.0,0.0,0,5,0,0,10,1,3,0,MUN,True
2026-27,1,474120,MID,70,0.23,0.31,8,0,0,1,5,0,0,0,SUN,True
2026-27,1,475168,FWD,90,0.63,0.06,3,0,1,1,11,0,2,0,FUL,False
2026-27,1,476887,MID,0,0.0,0.0,0,0,0,0,0,0,0,0,LEE,True
2026-27,1,477064,DEF,56,0.17,0.02,2,0,0,0,1,0,0,0,BOU,True
2026-27,1,477424,DEF,90,0.19,0.05,7,0,1,0,9,0,1,0,BOU,True
2026-27,1,477547,DEF,0,0.0,0.0,0,0,0,0,0,0,0,0,IPS,False
2026-27,1,477555,MID,66,0.0,0.26,6,0,0,0,2,0,0,0,CHE,True
2026-27,1,480455,DEF,90,0.0,0.01,8,0,0,0,6,1,0,0,CRY,True
2026-27,1,480457,MID,20,0.15,0.0,5,0,0,0,1,0,0,0,ARS,False
2026-27,1,481624,MID,0,0.0,0.0,0,0,0,0,0,0,0,0,SUN,True
2026-27,1,481655,MID,22,0.0,0.02,3,0,0,0,1,0,0,0,COV,True
2026-27,1,482442,MID,0,0.0,0.0,0,0,0,0,0,0,0,0,BRE,False
2026-27,1,482609,DEF,75,0.0,0.03,3,0,0,0,1,0,0,0,FUL,False
2026-27,1,482973,FWD,90,0.22,0.02,3,0,0,0,2,0,0,0,LEE,True
2026-27,1,483067,DEF,90,0.0,0.0,13,0,0,0,2,0,0,1,MCI,False
2026-27,1,484389,GK,0,0.0,0.0,0,0,0,0,0,0,0,0,ARS,False
2026-27,1,484420,MID,79,0.0,0.03,2,0,0,0,2,0,0,0,IPS,False
2026-27,1,485047,DEF,0,0.0,0.0,0,0,0,0,0,0,0,0,LEE,True
2026-27,1,485055,GK,90,0.0,0.0,0,5,0,0,2,0,0,0,BRE,False
2026-27,1,485337,MID,27,0.03,0.02,1,0,0,0,1,0,0,0,EVE,False
2026-27,1,485711,FWD,23,0.04,0.0,0,0,0,0,1,0,0,0,HUL,False
2026-27,1,486385,FWD,11,0.05,0.0,0,0,0,0,1,0,0,0,CRY,True
2026-27,1,486520,MID,0,0.0,0.0,0,0,0,0,0,0,0,0,NFO,False
2026-27,1,486672,MID,0,0.0,0.0,0,0,0,0,0,0,0,0,FUL,False
2026-27,1,487053,DEF,4,0.0,0.02,0,0,0,0,1,0,0,0,BRE,False
2026-27,1,487117,FWD,0,0.0,0.0,0,0,0,0,0,0,0,0,AVL,True
2026-27,1,487676,DEF,79,0.04,0.27,4,0,0,0,2,0,0,0,IPS,False
2026-27,1,487838,DEF,90,0.0,0.35,11,0,0,0,3,0,0,0,LIV,True
2026-27,1,487992,DEF,8,0.0,0.0,2,0,0,0,1,0,0,0,BHA,False
2026-27,1,488024,MID,35,0.06,0.02,5,0,0,0,1,0,0,0,EVE,False
2026-27,1,489580,DEF,0,0.0,0.0,0,0,0,0,0,0,0,0,NEW,False
2026-27,1,489639,GK,90,0.0,0.0,0,0,0,0,6,1,0,0,AVL,True
2026-27,1,489706,MID,0,0.0,0.0,0,0,0,0,0,0,0,0,EVE,False
2026-27,1,489888,MID,0,0.0,0.0,0,0,0,0,0,0,0,0,MCI,False
2026-27,1,490094,MID,0,0.0,0.0,0,0,0,0,0,0,0,0,CRY,True
2026-27,1,490145,FWD,0,0.0,0.0,0,0,0,0,0,0,0,0,BRE,False
2026-27,1,490161,MID,0,0.0,0.0,0,0,0,0,0,0,0,0,MUN,True
2026-27,1,490881,MID,0,0.0,0.0,0,0,0,0,0,0,0,0,HUL,False
2026-27,1,491007,MID,0,0.0,0.0,0,0,0,0,0,0,0,0,FUL,False
2026-27,1,491279,DEF,0,0.0,0.0,0,0,0,0,0,0,0,0,BRE,False
2026-27,1,491501,MID,0,0.0,0.0,0,0,0,0,0,0,0,0,NEW,False
2026-27,1,492498,MID,0,0.0,0.0,0,0,0,0,0,0,0,0,ARS,False
2026-27,1,492777,DEF,0,0.0,0.0,0,0,0,0,0,0,0,0,NEW,False
2026-27,1,492859,MID,0,0.0,0.0,0,0,0,0,0,0,0,0,NFO,False
2026-27,1,493105,MID,4,0.0,0.0,0,0,0,0,1,0,0,0,BHA,False
2026-27,1,493250,MID,0,0.0,0.0,0,0,0,0,0,0,0,0,HUL,False
2026-27,1,493362,MID,0,0.0,0.0,0,0,0,0,0,0,0,0,BRE,False
2026-27,1,494307,DEF,0,0.0,0.0,0,0,0,0,0,0,0,0,BOU,True
2026-27,1,494521,DEF,90,0.0,0.0,7,0,0,0,1,0,0,0,MCI,False
2026-27,1,494595,MID,62,0.26,0.04,5,0,0,0,2,0,0,0,NEW,False
2026-27,1,494928,DEF,0,0.0,0.0,0,0,0,0,0,0,0,0,MCI,False
2026-27,1,494950,GK,0,0.0,0.0,0,0,0,0,0,0,0,0,MUN,True
2026-27,1,496208,MID,1,0.0,0.0,1,0,0,0,1,0,0,0,MCI,False
2026-27,1,496221,MID,90,0.0,0.24,14,0,0,0,4,0,0,0,EVE,False
2026-27,1,496661,MID,0,0.0,0.0,0,0,0,0,0,0,0,0,CRY,True
2026-27,1,498016,GK,90,0.0,0.0,0,1,0,0,1,0,0,0,IPS,False
2026-27,1,498444,DEF,25,0.0,0.0,1,0,0,0,1,0,0,0,FUL,False
2026-27,1,499169,MID,90,0.06,0.11,7,0,0,0,3,1,0,0,COV,True
2026-27,1,499175,MID,0,0.0,0.0,0,0,0,0,0,0,0,0,COV,True
2026-27,1,499300,DEF,0,0.0,0.0,0,0,0,0,0,0,0,0,CRY,True
2026-27,1,499309,FWD,0,0.0,0.0,0,0,0,0,0,0,0,0,FUL,False
2026-27,1,499604,MID,88,0.04,0.03,1,0,0,0,2,0,0,0,MCI,False
2026-27,1,499716,DEF,0,0.0,0.0,0,0,0,0,0,0,0,0,BRE,False
2026-27,1,499721,MID,67,0.38,0.02,2,0,0,0,2,0,0,0,BRE,False
2026-27,1,499726,MID,0,0.0,0.0,0,0,0,0,0,0,0,0,BRE,False
2026-27,1,500040,DEF,90,0.0,0.0,6,0,0,0,6,1,0,0,COV,True
2026-27,1,500058,FWD,0,0.0,0.0,0,0,0,0,0,0,0,0,NEW,False
2026-27,1,500151,DEF,0,0.0,0.0,0,0,0,0,0,0,0,0,LEE,True
2026-27,1,500957,FWD,0,0.0,0.0,0,0,0,0,0,0,0,0,MUN,True
2026-27,1,501390,MID,79,0.03,0.03,12,0,0,0,4,0,0,0,SUN,True
2026-27,1,501459,MID,0,0.0,0.0,0,0,0,0,0,0,0,0,ARS,False
2026-27,1,501902,DEF,0,0.0,0.0,0,0,0,0,0,0,0,0,MUN,True
2026-27,1,502500,FWD,82,1.0,0.08,5,0,0,0,0,1,0,0,TOT,True
2026-27,1,502697,MID,1,0.02,0.0,3,0,0,0,1,0,0,0,CRY,True
2026-27,1,503037,FWD,0,0.0,0.0,0,0,0,0,0,0,0,0,FUL,False
2026-27,1,503139,MID,90,0.0,0.01,11,0,0,0,2,0,0,0,MCI,False
2026-27,1,503301,MID,0,0.0,0.0,0,0,0,0,0,0,0,0,LEE,True
2026-27,1,505079,GK,0,0.0,0.0,0,0,0,0,0,0,0,0,CHE,True
2026-27,1,507433,GK,0,0.0,0.0,0,0,0,0,0,0,0,0,TOT,True
2026-27,1,508395,MID,23,0.04,0.0,6,0,0,0,1,0,0,0,TOT,True
2026-27,1,508479,GK,0,0.0,0.0,0,0,0,0,0,0,0,0,FUL,False
2026-27,1,509416,MID,63,0.11,0.03,4,0,0,0,2,1,0,1,AVL,True
2026-27,1,510281,MID,0,0.0,0.0,0,0,0,0,0,0,0,0,BRE,False
2026-27,1,510663,FWD,0,0.0,0.0,0,0,0,0,0,0,0,0,NEW,False
2026-27,1,511499,MID,90,0.06,0.06,8,0,0,0,2,0,0,0,BRE,False
2026-27,1,512462,DEF,0,0.0,0.0,0,0,0,0,0,0,0,0,CRY,True
2026-27,1,513086,DEF,0,0.0,0.0,0,0,0,0,0,0,0,0,TOT,True
2026-27,1,513418,MID,90,0.52,0.01,9,0,0,0,3,1,0,0,TOT,True
2026-27,1,513466,MID,90,0.0,0.06,9,0,0,0,3,1,0,0,CRY,True
2026-27,1,513545,MID,75,0.05,0.33,13,0,0,2,14,1,3,0,TOT,True
2026-27,1,514254,MID,85,0.18,0.48,6,0,0,1,6,1,0,0,AVL,True
2026-27,1,514356,MID,64,0.21,0.03,9,0,0,0,1,0,0,1,FUL,False
2026-27,1,514514,MID,12,0.03,0.0,1,0,0,0,1,0,0,0,NEW,False
2026-27,1,515046,GK,0,0.0,0.0,0,0,0,0,0,0,0,0,IPS,False
2026-27,1,515597,MID,16,0.0,0.0,1,0,0,0,1,0,0,0,BHA,False
2026-27,1,515621,DEF,72,0.0,0.01,7,0,0,0,1,0,0,0,EVE,False
2026-27,1,516895,MID,23,0.07,0.01,1,0,0,0,1,0,0,0,HUL,False
2026-27,1,517052,FWD,0,0.0,0.0,0,0,0,0,0,0,0,0,BHA,False
2026-27,1,519440,DEF,0,0.0,0.0,0,0,0,0,0,0,0,0,NEW,False
2026-27,1,519634,DEF,0,0.0,0.0,0,0,0,0,0,0,0,0,IPS,False
2026-27,1,519913,MID,0,0.0,0.0,0,0,0,0,0,0,0,0,HUL,False
2026-27,1,522047,DEF,90,0.09,0.0,7,0,0,0,6,1,0,0,NFO,False
2026-27,1,523700,FWD,15,0.1,0.0,1,0,0,0,1,0,0,0,MCI,False
2026-27,1,524180,MID,0,0.0,0.0,0,0,0,0,0,0,0,0,SUN,True
2026-27,1,531442,MID,65,0.0,0.41,7,0,0,0,2,0,0,0,SUN,True
2026-27,1,532529,MID,63,1.41,0.02,3,0,2,0,16,1,3,0,AVL,True
2026-27,1,532605,MID,66,0.0,0.23,9,0,0,0,2,0,0,0,HUL,False
2026-27,1,533463,MID,66,0.05,0.29,6,0,0,0,3,1,0,0,TOT,True
2026-27,1,534392,FWD,0,0.0,0.0,0,0,0,0,0,0,0,0,MUN,True
2026-27,1,535301,MID,0,0.0,0.0,0,0,0,0,0,0,0,0,HUL,False
2026-27,1,535818,MID,0,0.0,0.0,0,0,0,0,0,0,0,0,IPS,False
2026-27,1,535928,MID,0,0.0,0.0,0,0,0,0,0,0,0,0,NEW,False
2026-27,1,536661,MID,58,0.15,0.01,7,0,1,0,5,0,0,1,IPS,False
2026-27,1,536694,MID,0,0.0,0.0,0,0,0,0,0,0,0,0,EVE,False
2026-27,1,536916,MID,0,0.0,0.0,0,0,0,0,0,0,0,0,AVL,True
2026-27,1,538007,FWD,0,0.0,0.0,0,0,0,0,0,0,0,0,AVL,True
2026-27,1,538207,FWD,55,0.06,0.14,5,0,0,1,4,0,0,0,LIV,True
2026-27,1,538638,DEF,0,0.0,0.0,0,0,0,0,0,0,0,0,LEE,True
2026-27,1,539142,DEF,90,0.0,0.01,9,0,0,0,1,0,0,0,ARS,False
2026-27,1,540324,MID,90,0.05,0.03,10,0,0,0,3,1,0,0,MUN,True
2026-27,1,543158,MID,0,0.0,0.0,0,0,0,0,0,0,0,0,FUL,False
2026-27,1,543295,MID,0,0.0,0.0,0,0,0,0,0,0,0,0,TOT,True
2026-27,1,543968,FWD,65,0.82,0.06,3,0,1,0,9,0,3,0,SUN,True
2026-27,1,544877,DEF,90,0.02,0.02,7,0,0,0,0,0,0,1,NEW,False
2026-27,1,545477,DEF,0,0.0,0.0,0,0,0,0,0,0,0,0,LIV,True
2026-27,1,546600,GK,0,0.0,0.0,0,0,0,0,0,0,0,0,SUN,True
2026-27,1,547027,MID,10,0.03,0.0,0,0,0,0,1,0,0,0,IPS,False
2026-27,1,547037,MID,0,0.0,0.0,0,0,0,0,0,0,0,0,HUL,False
2026-27,1,547676,DEF,0,0.0,0.0,0,0,0,0,0,0,0,0,HUL,False
2026-27,1,547686,DEF,0,0.0,0.0,0,0,0,0,0,0,0,0,CHE,True
2026-27,1,547701,MID,85,0.0,0.01,5,0,0,0,2,0,0,0,BRE,False
2026-27,1,547719,MID,75,0.05,0.01,13,0,0,0,3,0,0,1,LIV,True
2026-27,1,548308,DEF,0,0.0,0.0,0,0,0,0,0,0,0,0,BRE,False
2026-27,1,549067,DEF,0,0.0,0.0,0,0,0,0,0,0,0,0,LEE,True
2026-27,1,549074,MID,0,0.0,0.0,0,0,0,0,0,0,0,0,AVL,True
2026-27,1,549653,FWD,0,0.0,0.0,0,0,0,0,0,0,0,0,ARS,False
2026-27,1,549912,MID,31,0.0,0.0,2,0,0,0,1,0,0,0,IPS,False
2026-27,1,549939,GK,0,0.0,0.0,0,0,0,0,0,0,0,0,FUL,False
2026-27,1,550090,DEF,0,0.0,0.0,0,0,0,0,0,0,0,0,AVL,True
2026-27,1,550615,MID,83,0.18,0.08,7,0,0,0,3,1,0,0,CRY,True
2026-27,1,550839,MID,0,0.0,0.0,0,0,0,0,0,0,0,0,BRE,False
2026-27,1,550864,DEF,0,0.0,0.0,0,0,0,0,0,0,0,0,HUL,False
2026-27,1,551210,DEF,64,0.01,0.03,3,0,0,0,1,0,0,0,FUL,False
2026-27,1,551226,MID,45,0.0,0.06,2,0,0,0,1,0,0,0,BRE,False
2026-27,1,551262,FWD,0,0.0,0.0,0,0,0,0,0,0,0,0,ARS,False
2026-27,1,551466,FWD,90,0.73,0.01,2,0,1,0,6,0,0,0,CHE,True
2026-27,1,551499,MID,27,0.1,0.04,0,0,0,1,4,0,0,0,NEW,False
2026-27,1,552946,MID,0,0.0,0.0,0,0,0,0,0,0,0,0,MUN,True
2026-27,1,553746,DEF,0,0.0,0.0,0,0,0,0,0,0,0,0,LIV,True
2026-27,1,553783,MID,0,0.0,0.0,0,0,0,0,0,0,0,0,MUN,True
2026-27,1,554197,MID,10,0.0,0.0,1,0,0,0,1,0,0,0,IPS,False
2026-27,1,554578,GK,0,0.0,0.0,0,0,0,0,0,0,0,0,LIV,True
2026-27,1,556637,MID,0,0.0,0.0,0,0,0,0,0,0,0,0,AVL,True
2026-27,1,557012,FWD,10,0.0,0.0,0,0,0,0,1,0,0,0,SUN,True
2026-27,1,559152,MID,0,0.0,0.0,0,0,0,0,0,0,0,0,EVE,False
2026-27,1,560262,MID,0,0.0,0.0,0,0,0,0,0,0,0,0,MCI,False
2026-27,1,560552,MID,17,0.0,0.01,3,0,0,0,1,0,0,0,CHE,True
2026-27,1,561245,FWD,0,0.0,0.0,0,0,0,0,0,0,0,0,MCI,False
2026-27,1,565297,FWD,0,0.0,0.0,0,0,0,0,0,0,0,0,NFO,False
2026-27,1,567119,FWD,0,0.0,0.0,0,0,0,0,0,0,0,0,FUL,False
2026-27,1,568420,DEF,0,0.0,0.0,0,0,0,0,0,0,0,0,LEE,True
2026-27,1,569577,DEF,0,0.0,0.0,0,0,0,0,0,0,0,0,BHA,False
2026-27,1,570241,DEF,0,0.0,0.0,0,0,0,0,0,0,0,0,TOT,True
2026-27,1,570526,MID,45,0.0,0.01,8,0,0,0,1,0,0,0,BRE,False
2026-27,1,570794,DEF,35,0.0,0.16,9,0,0,0,1,0,0,0,EVE,False
2026-27,1,571380,MID,0,0.0,0.0,0,0,0,0,0,0,0,0,BHA,False
2026-27,1,571779,MID,72,0.16,0.01,4,0,0,0,2,0,0,0,CHE,True
2026-27,1,572584,DEF,10,0.0,0.0,2,0,0,0,1,0,0,0,SUN,True
2026-27,1,574458,DEF,0,0.0,0.0,0,0,0,0,0,0,0,0,FUL,False
2026-27,1,575204,MID,0,0.0,0.0,0,0,0,0,0,0,0,0,BOU,True
2026-27,1,575458,DEF,90,0.0,0.0,8,0,0,0,1,0,0,1,LEE,True
2026-27,1,575476,DEF,90,0.0,0.28,14,0,0,0,4,0,0,0,LEE,True
2026-27,1,575901,DEF,0,0.0,0.0,0,0,0,0,0,0,0,0,MCI,False
2026-27,1,576620,MID,0,0.0,0.0,0,0,0,0,0,0,0,0,HUL,False
2026-27,1,576628,MID,10,0.0,0.0,1,0,0,0,1,0,0,0,HUL,False
2026-27,1,577016,DEF,90,0.0,0.01,15,0,0,0,3,0,0,0,FUL,False
2026-27,1,577285,MID,90,0.0,0.0,5,0,0,0,2,0,0,0,BHA,False
2026-27,1,577411,DEF,0,0.0,0.0,0,0,0,0,0,0,0,0,ARS,False
2026-27,1,577669,MID,90,0.06,0.03,2,0,0,0,2,0,0,0,IPS,False
2026-27,1,577725,MID,90,0.17,0.04,8,0,1,0,7,0,0,0,CHE,True
2026-27,1,577974,DEF,0,0.0,0.0,0,0,0,0,0,0,0,0,HUL,False
2026-27,1,578153,DEF,90,0.0,0.02,4,0,0,0,2,0,0,0,BOU,True
2026-27,1,578545,DEF,0,0.0,0.0,0,0,0,0,0,0,0,0,BHA,False
2026-27,1,586268,GK,0,0.0,0.0,0,0,0,0,0,0,0,0,NEW,False
2026-27,1,586309,FWD,78,0.45,0.09,3,0,1,0,8,1,2,0,CRY,True
2026-27,1,590014,DEF,0,0.0,0.0,0,0,0,0,0,0,0,0,EVE,False
2026-27,1,590039,MID,0,0.0,0.0,0,0,0,0,0,0,0,0,BOU,True
2026-27,1,591386,MID,0,0.0,0.0,0,0,0,0,0,0,0,0,NEW,False
2026-27,1,592031,MID,0,0.0,0.0,0,0,0,0,0,0,0,0,AVL,True
2026-27,1,592740,MID,0,0.0,0.0,0,0,0,0,0,0,0,0,NFO,False
2026-27,1,593117,MID,8,0.0,0.0,1,0,0,0,1,0,0,0,FUL,False
2026-27,1,593174,FWD,0,0.0,0.0,0,0,0,0,0,0,0,0,TOT,True
2026-27,1,596047,FWD,0,0.0,0.0,0,0,0,0,0,0,0,0,HUL,False
2026-27,1,596777,MID,45,0.47,0.03,1,0,0,0,0,0,0,1,HUL,False
2026-27,1,597320,MID,0,0.0,0.0,0,0,0,0,0,0,0,0,AVL,True
2026-27,1,597462,DEF,26,0.0,0.0,4,0,0,0,1,0,0,0,MUN,True
2026-27,1,599303,FWD,0,0.0,0.0,0,0,0,0,0,0,0,0,LIV,True
2026-27,1,606702,DEF,69,0.0,0.02,3,0,0,0,1,0,0,0,NEW,False
2026-27,1,606745,DEF,90,0.12,0.04,2,0,0,0,1,0,0,0,HUL,False
2026-27,1,606798,DEF,0,0.0,0.0,0,0,0,0,0,0,0,0,BHA,False
2026-27,1,606921,MID,0,0.0,0.0,0,0,0,0,0,0,0,0,EVE,False
2026-27,1,606930,DEF,63,0.28,0.0,13,0,1,0,15,1,1,0,MUN,True
2026-27,1,607464,DEF,75,0.5,0.0,4,0,1,0,13,1,1,0,TOT,True
2026-27,1,608181,FWD,0,0.0,0.0,0,0,0,0,0,0,0,0,AVL,True
2026-27,1,608227,MID,70,0.0,0.03,6,0,0,0,3,1,0,0,MUN,True
2026-27,1,609873,MID,90,0.0,0.04,16,0,0,1,8,1,0,0,CRY,True
2026-27,1,610799,DEF,90,0.13,0.03,4,0,0,0,6,1,0,0,AVL,True
2026-27,1,611665,MID,0,0.0,0.0,0,0,0,0,0,0,0,0,LIV,True
2026-27,1,611695,MID,4,0.0,0.01,0,0,0,0,1,0,0,0,AVL,True
2026-27,1,611917,MID,0,0.0,0.0,0,0,0,0,0,0,0,0,BRE,False
2026-27,1,611922,MID,62,0.04,0.02,3,0,0,0,2,0,0,0,NEW,False
2026-27,1,612855,MID,12,0.0,0.05,2,0,0,0,1,0,0,0,AVL,True
2026-27,1,614071,MID,0,0.0,0.0,0,0,0,0,0,0,0,0,BHA,False
2026-27,1,614574,MID,15,0.0,0.0,2,0,0,0,1,0,0,0,MCI,False
2026-27,1,616077,MID,0,0.0,0.0,0,0,0,0,0,0,0,0,COV,True
2026-27,1,616221,DEF,0,0.0,0.0,0,0,0,0,0,0,0,0,BRE,False
2026-27,1,616222,DEF,0,0.0,0.0,0,0,0,0,0,0,0,0,BOU,True
2026-27,1,620109,DEF,0,0.0,0.0,0,0,0,0,0,0,0,0,FUL,False
2026-27,1,620487,DEF,0,0.0,0.0,0,0,0,0,0,0,0,0,MCI,False
2026-27,1,622758,DEF,0,0.0,0.0,0,0,0,0,0,0,0,0,FUL,False
2026-27,1,624773,MID,7,0.0,0.0,1,0,0,0,1,0,0,0,FUL,False
2026-27,1,627221,FWD,0,0.0,0.0,0,0,0,0,0,0,0,0,ARS,False
2026-27,1,629397,MID,0,0.0,0.0,0,0,0,0,0,0,0,0,ARS,False
2026-27,1,631786,FWD,0,0.0,0.0,0,0,0,0,0,0,0,0,CHE,True
2026-27,1,632794,MID,14,0.0,0.0,2,0,0,0,1,0,0,0,LIV,True
2026-27,1,636852,MID,55,0.0,0.0,2,0,0,0,1,0,0,0,LIV,True
2026-27,1,640419,DEF,0,0.0,0.0,0,0,0,0,0,0,0,0,BRE,False
2026-27,1,643970,DEF,0,0.0,0.0,0,0,0,0,0,0,0,0,NFO,False
2026-27,1,645618,MID,0,0.0,0.0,0,0,0,0,0,0,0,0,BHA,False
2026-27,1,647681,DEF,0,0.0,0.0,0,0,0,0,0,0,0,0,NEW,False
2026-27,1,647850,FWD,26,0.18,0.0,2,0,0,0,1,0,0,0,AVL,True
2026-27,1,649208,MID,0,0.0,0.0,0,0,0,0,0,0,0,0,BOU,True
2026-27,1,651426,DEF,90,0.05,0.01,8,0,0,0,1,0,0,0,EVE,False
2026-27,1,653481,MID,8,0.0,0.0,3,0,0,0,1,0,0,0,BHA,False
2026-27,1,660392,FWD,0,0.0,0.0,0,0,0,0,0,0,0,0,EVE,False
2026-27,1,661800,DEF,0,0.0,0.0,0,0,0,0,0,0,0,0,MUN,True
2026-27,1,661888,MID,61,0.0,0.0,3,0,0,0,1,0,0,1,ARS,False
2026-27,1,672492,MID,0,0.0,0.0,0,0,0,0,0,0,0,0,EVE,False
2026-27,1,684268,MID,0,0.0,0.0,0,0,0,0,0,0,0,0,ARS,False
2026-27,1,690838,FWD,0,0.0,0.0,0,0,0,0,0,0,0,0,BHA,False
2026-27,1,699989,MID,0,0.0,0.0,0,0,0,0,0,0,0,0,IPS,False
2026-27,1,700308,MID,12,0.0,0.03,0,0,0,0,1,0,0,0,AVL,True
2026-27,2,17761,DEF,90,0.1,0.01,10,0,1,0,12,0,2,0,BOU,False
2026-27,2,21205,GK,0,0.0,0.0,0,0,0,0,0,0,0,0,IPS,True
2026-27,2,40383,GK,0,0.0,0.0,0,0,0,0,0,0,0,0,EVE,True
2026-27,2,49262,GK,0,0.0,0.0,0,0,0,0,0,0,0,0,CHE,False
2026-27,2,50093,GK,0,0.0,0.0,0,0,0,0,0,0,0,0,MUN,False
2026-27,2,50175,FWD,0,0.0,0.0,0,0,0,0,0,0,0,0,BHA,True
2026-27,2,54469,DEF,90,0.0,0.02,6,0,0,0,1,0,0,1,EVE,True
2026-27,2,56979,MID,0,0.0,0.0,0,0,0,0,0,0,0,0,BHA,True
2026-27,2,59735,GK,0,0.0,0.0,0,0,0,0,0,0,0,0,IPS,True
2026-27,2,60307,MID,90,0.05,0.11,6,0,1,1,13,0,3,0,CHE,False
2026-27,2,60689,FWD,0,0.0,0.0,0,0,0,0,0,0,0,0,LIV,False
2026-27,2,67089,GK,0,0.0,0.0,0,0,0,0,0,0,0,0,NEW,True
2026-27,2,72147,GK,0,0.0,0.0,0,0,0,0,0,0,0,0,ARS,True
2026-27,2,75115,FWD,2,0.04,0.0,1,0,0,0,1,0,0,0,LEE,False
2026-27,2,76357,MID,0,0.0,0.0,0,0,0,0,0,0,0,0,SUN,False
2026-27,2,78916,DEF,0,0.0,0.0,0,0,0,0,0,0,0,0,TOT,False
2026-27,2,79602,GK,0,0.0,0.0,0,0,0,0,0,0,0,0,HUL,True
2026-27,2,80178,DEF,0,0.0,0.0,0,0,0,0,0,0,0,0,HUL,True
2026-27,2,80201,GK,90,0.0,0.0,0,3,0,0,3,0,0,0,SUN,False
2026-27,2,81441,GK,0,0.0,0.0,0,0,0,0,0,0,0,0,TOT,False
2026-27,2,83299,DEF,90,0.0,0.01,3,0,0,0,-1,0,0,1,CHE,False
2026-27,2,84450,MID,90,0.0,0.36,7,0,0,0,6,1,3,0,FUL,True
2026-27,2,85633,GK,90,0.0,0.01,0,2,0,0,1,0,0,0,LIV,False
2026-27,2,86873,GK,0,0.0,0.0,0,0,0,0,0,0,0,0,SUN,False
2026-27,2,88894,MID,77,0.03,0.02,10,0,0,0,2,0,0,0,ARS,True
2026-27,2,91651,MID,15,0.0,0.01,0,0,0,0,1,0,0,0,CRY,False
2026-27,2,93605,DEF,90,0.02,0.05,8,0,0,0,6,1,0,0,FUL,True
2026-27,2,95658,DEF,90,0.03,0.01,5,0,0,1,4,0,0,0,IPS,True
2026-27,2,97032,DEF,90,0.0,0.03,7,0,0,0,1,0,0,0,NFO,True
2026-27,2,97846,GK,0,0.0,0.0,0,0,0,0,0,0,0,0,BRE,True
2026-27,2,98747,GK,0,0.0,0.0,0,0,0,0,0,0,0,0,TOT,False
2026-27,2,98980,GK,90,0.0,0.01,0,4,0,0,2,0,0,0,BHA,True
2026-27,2,101188,DEF,0,0.0,0.0,0,0,0,0,0,0,0,0,ARS,True
2026-27,2,101282,MID,0,0.0,0.0,0,0,0,0,0,0,0,0,COV,False
2026-27,2,105666,GK,0,0.0,0.0,0,0,0,0,0,0,0,0,COV,False
2026-27,2,105717,DEF,0,0.0,0.0,0,0,0,0,0,0,0,0,FUL,True
2026-27,2,106611,DEF,0,0.0,0.0,0,0,0,0,0,0,0,0,BOU,False
2026-27,2,106760,DEF,72,0.0,0.02,8,0,0,0,2,0,0,0,IPS,True
2026-27,2,106921,GK,0,0.0,0.0,0,0,0,0,0,0,0,0,CRY,False
2026-27,2,108413,MID,0,0.0,0.0,0,0,0,0,0,0,0,0,MCI,True
2026-27,2,108416,DEF,90,0.0,0.0,13,0,0,0,9,1,1,0,COV,False
2026-27,2,108813,GK,0,0.0,0.0,0,0,0,0,0,0,0,0,MUN,False
2026-27,2,109646,DEF,0,0.0,0.0,0,0,0,0,0,0,0,0,BHA,True
2026-27,2,109745,GK,0,0.0,0.0,0,0,0,0,0,0,0,0,AVL,False
2026-27,2,110690,GK,0,0.0,0.0,0,0,0,0,0,0,0,0,HUL,True
2026-27,2,111234,GK,90,0.0,0.0,0,4,0,0,3,0,0,0,BOU,False
2026-27,2,111317,MID,9,0.0,0.01,0,0,0,0,1,0,0,0,EVE,True
2026-27,2,112520,GK,0,0.0,0.0,0,0,0,0,0,0,0,0,MUN,False
2026-27,2,114243,MID,8,0.0,0.2,3,0,0,0,1,0,0,0,TOT,False
2026-27,2,114283,MID,0,0.0,0.0,0,0,0,0,0,0,0,0,CRY,False
2026-27,2,115556,DEF,0,0.0,0.0,0,0,0,0,0,0,0,0,NEW,True
2026-27,2,116535,GK,90,0.0,0.0,0,1,0,0,0,0,0,1,NFO,True
2026-27,2,119090,MID,0,0.0,0.0,0,0,0,0,0,0,0,0,ARS,True
2026-27,2,119471,DEF,0,0.0,0.0,0,0,0,0,0,0,0,0,TOT,False
2026-27,2,121709,GK,0,0.0,0.0,0,0,0,0,0,0,0,0,MCI,True
2026-27,2,122074,GK,0,0.0,0.0,0,0,0,0,0,0,0,0,CRY,False
2026-27,2,122798,DEF,67,0.06,0.02,3,0,0,0,2,0,0,0,NEW,True
2026-27,2,122806,MID,90,0.05,0.05,4,0,0,0,1,0,0,1,ARS,True
2026-27,2,128295,MID,0,0.0,0.0,0,0,0,0,0,0,0,0,BOU,False
2026-27,2,135720,DEF,0,0.0,0.0,0,0,0,0,0,0,0,0,NEW,True
2026-27,2,138001,GK,0,0.0,0.0,0,0,0,0,0,0,0,0,BOU,False
2026-27,2,141746,MID,90,2.02,0.48,8,0,3,1,23,0,3,0,IPS,True
2026-27,2,146426,DEF,90,0.0,0.0,7,0,0,0,6,1,0,0,COV,False
2026-27,2,147675,FWD,45,0.97,0.0,0,0,1,0,5,0,0,0,MUN,False
2026-27,2,149484,DEF,0,0.0,0.0,0,0,0,0,0,0,0,0,ARS,True
2026-27,2,149929,MID,0,0.0,0.0,0,0,0,0,0,0,0,0,MUN,False
2026-27,2,152551,MID,0,0.0,0.0,0,0,0,0,0,0,0,0,MCI,True
2026-27,2,153133,MID,90,0.01,0.4,4,0,0,0,2,0,0,0,SUN,False
2026-27,2,153366,MID,0,0.0,0.0,0,0,0,0,0,0,0,0,SUN,False
2026-27,2,153682,MID,45,0.01,0.04,6,0,0,0,1,0,0,0,BRE,True
2026-27,2,154561,GK,90,0.0,0.0,0,0,0,0,6,1,0,0,AVL,False
2026-27,2,154566,FWD,15,0.2,0.0,0,0,0,0,1,0,0,0,NEW,True
2026-27,2,155405,MID,0,0.0,0.0,0,0,0,0,0,0,0,0,CRY,False
2026-27,2,155408,MID,68,0.0,0.01,2,0,0,0,3,1,0,0,EVE,True
2026-27,2,155503,GK,0,0.0,0.0,0,0,0,0,0,0,0,0,NFO,True
2026-27,2,158499,MID,3,0.0,0.0,2,0,0,0,1,0,0,0,EVE,True
2026-27,2,158983,MID,0,0.0,0.0,0,0,0,0,0,0,0,0,NFO,True
2026-27,2,159506,DEF,85,0.0,0.35,5,0,0,0,0,0,0,1,LIV,False
2026-27,2,160817,DEF,0,0.0,0.0,0,0,0,0,0,0,0,0,COV,False
2026-27,2,166477,DEF,67,0.0,0.0,2,0,0,0,6,1,0,0,SUN,False
2026-27,2,166989,MID,90,0.47,0.11,13,0,0,0,4,0,0,0,IPS,True
2026-27,2,167074,DEF,0,0.0,0.0,0,0,0,0,0,0,0,0,SUN,False
2026-27,2,167512,DEF,0,0.0,0.0,0,0,0,0,0,0,0,0,FUL,True
2026-27,2,167825,GK,0,0.0,0.0,0,0,0,0,0,0,0,0,COV,False
2026-27,2,168144,MID,90,0.01,0.04,10,0,0,0,2,0,0,0,HUL,True
2026-27,2,168636,FWD,0,0.0,0.0,0,0,0,0,0,0,0,0,EVE,True
2026-27,2,169359,DEF,0,0.0,0.0,0,0,0,0,0,0,0,0,COV,False
2026-27,2,169432,FWD,90,0.0,0.01,4,0,0,0,1,1,0,1,COV,False
2026-27,2,169528,DEF,90,0.0,0.02,3,0,0,0,2,0,0,0,SUN,False
2026-27,2,169593,GK,0,0.0,0.0,0,0,0,0,0,0,0,0,MCI,True
2026-27,2,171270,MID,0,0.0,0.0,0,0,0,0,0,0,0,0,COV,False
2026-27,2,171287,DEF,0,0.0,0.0,0,0,0,0,0,0,0,0,NFO,True
2026-27,2,171314,DEF,90,0.09,0.57,6,0,0,0,2,0,0,0,CRY,False
2026-27,2,172453,MID,0,0.0,0.0,0,0,0,0,0,0,0,0,MUN,False
2026-27,2,172649,GK,90,0.0,0.0,0,4,0,0,1,0,0,0,MCI,True
2026-27,2,172780,MID,0,0.0,0.0,0,0,0,0,0,0,0,0,NEW,True
2026-27,2,173774,DEF,56,0.0,0.0,6,0,0,0,1,0,0,0,BRE,True
2026-27,2,173878,DEF,90,0.18,0.05,3,0,0,0,2,0,0,0,HUL,True
2026-27,2,173879,FWD,19,0.0,0.0,0,0,0,0,1,0,0,0,ARS,True
2026-27,2,174594,FWD,21,0.1,0.0,1,0,0,1,4,0,0,0,BRE,True
2026-27,2,174874,DEF,90,0.0,0.04,8,0,0,0,1,0,0,1,SUN,False
2026-27,2,176297,MID,79,0.26,0.05,6,0,0,0,2,0,0,0,IPS,True
2026-27,2,176412,FWD,0,0.0,0.0,0,0,0,0,0,0,0,0,HUL,True
2026-27,2,176420,DEF,17,0.0,0.0,3,0,0,0,1,0,0,0,MUN,False
2026-27,2,177815,FWD,90,0.92,0.02,4,0,1,0,8,0,2,0,BRE,True
2026-27,2,178301,FWD,0,0.0,0.0,0,0,0,0,0,0,0,0,ARS,True
2026-27,2,180135,MID,0,0.0,0.0,0,0,0,0,0,0,0,0,BRE,True
2026-27,2,180736,DEF,0,0.0,0.0,0,0,0,0,0,0,0,0,BHA,True
2026-27,2,180974,MID,0,0.0,0.0,0,0,0,0,0,0,0,0,TOT,False
2026-27,2,183015,DEF,0,0.0,0.0,0,0,0,0,0,0,0,0,MUN,False
2026-27,2,183656,MID,0,0.0,0.0,0,0,0,0,0,0,0,0,LEE,False
2026-27,2,184029,MID,70,0.08,0.07,5,0,0,0,3,1,0,0,AVL,False
2026-27,2,184254,GK,0,0.0,0.0,0,0,0,0,0,0,0,0,NEW,True
2026-27,2,184341,MID,0,0.0,0.0,0,0,0,0,0,0,0,0,IPS,True
2026-27,2,184349,DEF,22,0.02,0.12,1,0,0,0,1,0,0,0,SUN,False
2026-27,2,184667,DEF,90,0.0,0.08,7,0,0,0,2,0,0,0,ARS,True
2026-27,2,191866,DEF,90,0.0,0.01,17,0,0,0,3,0,0,1,LEE,False
2026-27,2,193278,DEF,45,0.0,0.0,4,0,0,0,0,0,0,1,COV,False
2026-27,2,194010,DEF,2,0.0,0.0,0,0,0,0,1,0,0,0,LEE,False
2026-27,2,195384,MID,19,0.0,0.0,4,0,0,0,1,0,0,0,AVL,False
2026-27,2,195546,MID,90,0.04,0.02,5,0,0,0,2,0,0,0,ARS,True
2026-27,2,196100,MID,19,0.0,0.02,0,0,0,0,1,0,0,0,HUL,True
2026-27,2,198869,DEF,90,0.0,0.05,4,0,0,0,7,1,1,0,AVL,False
2026-27,2,199598,MID,90,0.01,0.09,10,0,0,0,2,0,0,0,BRE,True
2026-27,2,199796,DEF,77,0.15,0.01,6,0,0,0,2,0,0,0,ARS,True
2026-27,2,199798,DEF,11,0.0,0.0,1,0,0,0,1,0,0,0,AVL,False
2026-27,2,200089,MID,70,0.07,0.02,2,0,0,0,3,1,0,0,TOT,False
2026-27,2,200617,MID,22,0.24,0.01,2,0,0,0,1,0,0,0,BRE,True
2026-27,2,200641,MID,0,0.0,0.0,0,0,0,0,0,0,0,0,AVL,False
2026-27,2,200720,GK,90,0.0,0.0,0,1,0,0,2,0,0,0,LEE,False
2026-27,2,200785,MID,21,0.0,0.0,3,0,0,0,1,0,0,0,EVE,True
2026-27,2,200834,DEF,90,0.0,0.01,19,0,0,0,9,1,1,0,FUL,True
2026-27,2,201595,GK,0,0.0,0.0,0,0,0,0,0,0,0,0,BRE,True
2026-27,2,201658,MID,90,0.09,0.21,11,0,0,0,1,0,0,1,EVE,True
2026-27,2,201666,MID,90,0.04,0.01,4,0,0,0,3,1,0,0,TOT,False
2026-27,2,201895,DEF,0,0.0,0.0,0,0,0,0,0,0,0,0,FUL,True
2026-27,2,202993,MID,90,0.0,0.02,11,0,0,0,2,0,0,0,NEW,True
2026-27,2,204120,DEF,90,0.05,0.11,3,0,0,0,-1,0,0,1,CHE,False
2026-27,2,204480,MID,84,0.0,0.1,12,0,0,0,5,1,0,0,AVL,False
2026-27,2,204561,MID,90,0.05,0.0,15,0,0,0,4,0,0,0,LIV,False
2026-27,2,204580,MID,90,0.0,0.14,10,0,0,0,1,0,0,1,LEE,False
2026-27,2,204813,DEF,0,0.0,0.0,0,0,0,0,0,0,0,0,HUL,True
2026-27,2,204822,DEF,0,0.0,0.0,0,0,0,0,0,0,0,0,LIV,False
2026-27,2,204936,GK,90,0.0,0.0,0,1,0,0,0,0,0,0,CRY,False
2026-27,2,204968,MID,0,0.0,0.0,0,0,0,0,0,0,0,0,LIV,False
2026-27,2,205533,FWD,67,0.36,0.0,6,0,0,0,2,0,0,0,MCI,True
2026-27,2,205651,FWD,0,0.0,0.0,0,0,0,0,0,0,0,0,AVL,False
2026-27,2,206915,MID,0,0.0,0.0,0,0,0,0,0,0,0,0,NFO,True
2026-27,2,207189,MID,82,0.0,0.2,2,0,0,0,2,0,0,0,SUN,False
2026-27,2,207283,MID,0,0.0,0.0,0,0,0,0,0,0,0,0,LEE,False
2026-27,2,208481,MID,0,0.0,0.0,0,0,0,0,0,0,0,0,COV,False
2026-27,2,208706,MID,19,0.0,0.01,3,0,0,0,1,0,0,0,AVL,False
2026-27,2,209036,DEF,90,0.0,0.04,5,0,0,0,2,0,0,0,CRY,False
2026-27,2,209046,MID,1,0.0,0.0,0,0,0,0,1,0,0,0,LIV,False
2026-27,2,209244,MID,90,0.87,0.45,7,0,0,2,9,0,1,0,CRY,False
2026-27,2,209289,MID,14,0.06,0.02,1,0,0,0,1,0,0,0,SUN,False
2026-27,2,209365,DEF,0,0.0,0.0,0,0,0,0,0,0,0,0,IPS,True
2026-27,2,209400,MID,90,0.05,0.02,9,0,0,0,2,0,0,0,MCI,True
2026-27,2,210156,FWD,90,0.93,0.03,3,0,0,0,2,0,0,0,HUL,True
2026-27,2,210462,MID,0,0.0,0.0,0,0,0,0,0,0,0,0,LIV,False
2026-27,2,212314,MID,72,0.02,0.02,11,0,0,0,1,0,0,1,MUN,False
2026-27,2,212319,FWD,0,0.0,0.0,0,0,0,0,0,0,0,0,NEW,True
2026-27,2,213292,MID,0,0.0,0.0,0,0,0,0,0,0,0,0,COV,False
2026-27,2,214225,DEF,33,0.0,0.0,4,0,0,0,1,0,0,0,BRE,True
2026-27,2,214285,DEF,19,0.04,0.01,0,0,0,0,1,0,0,0,NFO,True
2026-27,2,214572,GK,0,0.0,0.0,0,0,0,0,0,0,0,0,NEW,True
2026-27,2,214590,DEF,12,0.0,0.0,2,0,0,0,1,0,0,0,ARS,True
2026-27,2,215059,GK,0,0.0,0.0,0,0,0,0,0,0,0,0,BHA,True
2026-27,2,215136,DEF,90,0.12,0.15,12,0,0,1,6,0,0,0,LIV,False
2026-27,2,215379,MID,81,0.07,0.22,14,0,0,0,3,0,0,1,CRY,False
2026-27,2,215413,MID,90,0.06,0.16,10,0,0,0,2,0,0,0,BOU,False
2026-27,2,215711,MID,0,0.0,0.0,0,0,0,0,0,0,0,0,ARS,True
2026-27,2,216051,DEF,73,0.15,0.12,4,0,0,0,2,0,0,0,IPS,True
2026-27,2,216055,MID,0,0.0,0.0,0,0,0,0,0,0,0,0,MUN,False
2026-27,2,216094,DEF,70,0.0,0.02,6,0,0,0,1,0,0,0,NFO,True
2026-27,2,216616,DEF,90,0.07,0.01,1,0,0,0,0,0,0,0,MUN,False
2026-27,2,216646,FWD,81,0.35,0.0,6,0,1,0,8,1,2,0,TOT,False
2026-27,2,218364,DEF,0,0.0,0.0,0,0,0,0,0,0,0,0,MCI,True
2026-27,2,218543,MID,28,0.0,0.01,6,0,0,0,1,0,0,0,MUN,False
2026-27,2,218997,FWD,0,0.0,0.0,0,0,0,0,0,0,0,0,HUL,True
2026-27,2,219168,FWD,90,0.99,0.0,1,0,1,0,8,0,2,0,NFO,True
2026-27,2,219249,MID,0,0.0,0.0,0,0,0,0,0,0,0,0,CHE,False
2026-27,2,219847,FWD,90,0.02,0.03,5,0,0,0,2,1,0,0,AVL,False
2026-27,2,219924,DEF,90,0.0,0.0,12,0,0,0,2,0,0,0,MUN,False
2026-27,2,220237,DEF,90,0.01,0.0,5,0,0,0,5,1,0,1,TOT,False
2026-27,2,220362,DEF,16,0.0,0.0,1,0,0,0,1,0,0,0,MCI,True
2026-27,2,220566,MID,0,0.0,0.0,0,0,0,0,0,0,0,0,CRY,False
2026-27,2,220583,DEF,0,0.0,0.0,0,0,0,0,0,0,0,0,HUL,True
2026-27,2,220627,DEF,90,0.03,0.01,8,0,0,0,2,0,0,0,BRE,True
2026-27,2,221389,GK,0,0.0,0.0,0,0,0,0,0,0,0,0,LIV,False
2026-27,2,221399,MID,0,0.0,0.0,0,0,0,0,0,0,0,0,BRE,True
2026-27,2,221466,DEF,0,0.0,0.0,0,0,0,0,0,0,0,0,NEW,True
2026-27,2,221632,DEF,0,0.0,0.0,0,0,0,0,0,0,0,0,NEW,True
2026-27,2,221820,DEF,90,0.03,0.06,0,0,0,0,1,0,0,0,IPS,True
2026-27,2,222018,DEF,0,0.0,0.0,0,0,0,0,0,0,0,0,MUN,False
2026-27,2,222531,MID,90,0.79,0.04,5,0,1,1,13,0,3,0,LIV,False
2026-27,2,222625,FWD,0,0.0,0.0,0,0,0,0,0,0,0,0,MUN,False
2026-27,2,222683,MID,80,0.61,0.05,5,0,0,0,3,1,0,0,EVE,True
2026-27,2,222694,DEF,0,0.0,0.0,0,0,0,0,0,0,0,0,CHE,False
2026-27,2,223094,FWD,90,0.66,0.0,5,0,2,0,13,0,3,0,CRY,False
2026-27,2,223340,MID,90,0.63,0.04,11,0,1,0,11,1,3,0,AVL,False
2026-27,2,223434,DEF,0,0.0,0.0,0,0,0,0,0,0,0,0,CHE,False
2026-27,2,223541,MID,0,0.0,0.0,0,0,0,0,0,0,0,0,NFO,True
2026-27,2,223723,DEF,73,0.0,0.0,8,0,0,0,1,0,0,0,MCI,True
2026-27,2,223827,DEF,90,0.03,0.0,10,0,0,0,8,1,0,0,FUL,True
2026-27,2,224117,FWD,0,0.0,0.0,0,0,0,0,0,0,0,0,AVL,False
2026-27,2,224967,DEF,90,0.0,0.01,12,0,0,0,4,0,0,0,BOU,False
2026-27,2,225796,DEF,22,0.0,0.0,0,0,0,0,1,0,0,0,BHA,True
2026-27,2,226182,DEF,67,0.0,0.01,7,0,0,0,2,0,0,0,BRE,True
2026-27,2,226597,DEF,90,0.13,0.02,10,0,0,0,8,1,0,0,AVL,False
2026-27,2,226944,MID,90,0.0,0.03,8,0,0,0,2,0,0,0,ARS,True
2026-27,2,226965,MID,19,0.0,0.01,2,0,0,0,1,0,0,0,HUL,True
2026-27,2,227444,DEF,90,0.0,0.0,13,0,0,0,3,0,0,0,LIV,False
2026-27,2,229164,MID,0,0.0,0.0,0,0,0,0,0,0,0,0,MUN,False
2026-27,2,229600,GK,0,0.0,0.0,0,0,0,0,0,0,0,0,BOU,False
2026-27,2,230001,DEF,17,0.0,0.0,0,0,0,0,1,0,0,0,IPS,True
2026-27,2,230650,GK,0,0.0,0.0,0,0,0,0,0,0,0,0,EVE,True
2026-27,2,230730,FWD,32,0.0,0.0,2,0,0,0,1,0,0,0,HUL,True
2026-27,2,231065,DEF,12,0.0,0.0,2,0,0,0,1,0,0,0,HUL,True
2026-27,2,231416,DEF,90,0.02,0.01,0,0,0,0,0,0,0,0,CHE,False
2026-27,2,231747,FWD,0,0.0,0.0,0,0,0,0,0,0,0,0,MCI,True
2026-27,2,231899,MID,0,0.0,0.0,0,0,0,0,0,0,0,0,MUN,False
2026-27,2,232112,MID,0,0.0,0.0,0,0,0,0,0,0,0,0,IPS,True
2026-27,2,232185,MID,0,0.0,0.0,0,0,0,0,0,0,0,0,MCI,True
2026-27,2,232351,DEF,90,0.0,0.07,2,0,0,0,6,1,0,0,COV,False
2026-27,2,232413,MID,45,0.0,0.07,3,0,0,0,1,0,0,0,AVL,False
2026-27,2,232457,MID,0,0.0,0.0,0,0,0,0,0,0,0,0,MUN,False
2026-27,2,232571,GK,0,0.0,0.0,0,0,0,0,0,0,0,0,FUL,True
2026-27,2,232653,MID,8,0.0,0.13,1,0,0,0,1,0,0,0,TOT,False
2026-27,2,232787,MID,0,0.0,0.0,0,0,0,0,0,0,0,0,NEW,True
2026-27,2,232859,DEF,0,0.0,0.0,0,0,0,0,0,0,0,0,NEW,True
2026-27,2,232892,DEF,90,0.0,0.01,7,0,0,0,2,0,0,0,SUN,False
2026-27,2,232905,MID,31,0.58,0.0,1,0,1,0,6,0,0,0,COV,False
2026-27,2,232928,MID,61,0.0,0.0,10,0,0,0,1,0,0,1,BOU,False
2026-27,2,235826,FWD,0,0.0,0.0,0,0,0,0,0,0,0,0,BRE,True
2026-27,2,240514,GK,90,0.0,0.01,0,6,0,0,2,0,0,0,MUN,False
2026-27,2,241117,MID,0,0.0,0.0,0,0,0,0,0,0,0,0,MUN,False
2026-27,2,241293,MID,57,0.0,0.06,4,0,0,0,1,0,0,0,HUL,True
2026-27,2,242313,DEF,15,0.0,0.0,1,0,0,0,1,0,0,0,MCI,True
2026-27,2,242880,DEF,0,0.0,0.0,0,0,0,0,0,0,0,0,BHA,True
2026-27,2,242882,DEF,0,0.0,0.0,0,0,0,0,0,0,0,0,EVE,True
2026-27,2,242898,MID,28,0.0,0.0,2,0,0,0,1,0,0,0,BOU,False
2026-27,2,243016,MID,76,0.0,0.39,10,0,0,0,2,0,0,0,NFO,True
2026-27,2,243298,MID,70,0.0,0.65,3,0,0,1,5,0,0,0,NFO,True
2026-27,2,243413,MID,90,0.0,0.01,10,0,0,0,2,1,0,1,COV,False
2026-27,2,243526,DEF,0,0.0,0.0,0,0,0,0,0,0,0,0,BRE,True
2026-27,2,243571,DEF,0,0.0,0.0,0,0,0,0,0,0,0,0,BOU,False
2026-27,2,244042,FWD,0,0.0,0.0,0,0,0,0,0,0,0,0,SUN,False
2026-27,2,244723,DEF,90,0.11,0.16,5,0,0,0,0,0,0,0,MCI,True
2026-27,2,244850,MID,90,0.14,1.01,5,0,0,1,5,0,0,0,BHA,True
2026-27,2,244851,MID,90,0.66,0.13,8,0,1,0,7,0,0,0,BHA,True
2026-27,2,244858,MID,0,0.0,0.0,0,0,0,0,0,0,0,0,LEE,False
2026-27,2,244860,MID,28,0.0,0.01,3,0,0,0,1,0,0,0,BOU,False
2026-27,2,244954,DEF,90,0.0,0.01,4,0,0,0,2,0,0,0,ARS,True
2026-27,2,246301,DEF,0,0.0,0.0,0,0,0,0,0,0,0,0,SUN,False
2026-27,2,247348,DEF,0,0.0,0.0,0,0,0,0,0,0,0,0,LIV,False
2026-27,2,247412,FWD,62,0.05,0.0,4,0,0,0,2,0,0,0,MCI,True
2026-27,2,247632,MID,67,0.41,0.33,4,0,1,0,7,0,0,0,BHA,True
2026-27,2,248056,MID,45,0.0,0.01,11,0,0,0,1,0,0,0,BRE,True
2026-27,2,248857,MID,0,0.0,0.0,0,0,0,0,0,0,0,0,AVL,False
2026-27,2,248875,MID,0,0.0,0.0,0,0,0,0,0,0,0,0,CRY,False
2026-27,2,249231,MID,87,0.02,0.13,11,0,0,1,6,0,1,0,LEE,False
2026-27,2,250199,MID,1,0.0,0.0,0,0,0,0,1,0,0,0,LIV,False
2026-27,2,424876,MID,90,0.16,0.17,13,0,0,0,4,0,0,0,NFO,True
2026-27,2,427623,DEF,90,0.04,0.0,6,0,0,0,0,0,0,0,MCI,True
2026-27,2,427637,MID,45,0.0,0.01,3,0,0,0,1,0,0,0,BRE,True
2026-27,2,428580,MID,0,0.0,0.0,0,0,0,0,0,0,0,0,HUL,True
2026-27,2,428971,GK,0,0.0,0.0,0,0,0,0,0,0,0,0,LIV,False
2026-27,2,430871,MID,79,0.11,0.15,2,0,0,2,9,0,1,0,IPS,True
2026-27,2,432422,MID,74,0.05,0.02,4,0,0,0,2,0,0,0,NEW,True
2026-27,2,432714,MID,90,0.0,0.16,8,0,0,0,2,0,0,0,LIV,False
2026-27,2,432720,GK,90,0.0,0.0,0,4,0,0,3,0,0,0,BRE,True
2026-27,2,432830,DEF,90,0.17,0.01,13,0,0,0,3,0,0,1,LEE,False
2026-27,2,432987,GK,0,0.0,0.0,0,0,0,0,0,0,0,0,NFO,True
2026-27,2,433036,MID,0,0.0,0.0,0,0,0,0,0,0,0,0,CRY,False
2026-27,2,433154,MID,22,0.0,0.0,2,0,0,0,1,0,0,0,MCI,True
2026-27,2,433590,DEF,45,0.0,0.0,3,0,0,0,1,0,0,0,COV,False
2026-27,2,433969,GK,90,0.0,0.0,0,1,0,0,2,0,0,0,ARS,True
2026-27,2,434399,DEF,90,0.0,0.01,7,0,0,0,6,1,0,0,FUL,True
2026-27,2,434752,DEF,45,0.0,0.0,5,0,0,0,1,0,0,0,BRE,True
2026-27,2,435997,MID,68,0.08,0.01,2,0,0,0,2,0,0,0,BRE,True
2026-27,2,436761,DEF,0,0.0,0.0,0,0,0,0,0,0,0,0,HUL,True
2026-27,2,436893,DEF,0,0.0,0.0,0,0,0,0,0,0,0,0,EVE,True
2026-27,2,437495,GK,0,0.0,0.0,0,0,0,0,0,0,0,0,AVL,False
2026-27,2,437499,DEF,90,0.02,0.0,9,0,0,0,1,0,0,0,BHA,True
2026-27,2,437505,FWD,26,1.39,0.0,0,0,1,0,8,0,3,0,FUL,True
2026-27,2,437730,MID,90,0.06,0.57,3,0,0,1,5,0,0,0,CRY,False
2026-27,2,437738,DEF,0,0.0,0.0,0,0,0,0,0,0,0,0,BRE,True
2026-27,2,438098,MID,0,0.0,0.0,0,0,0,0,0,0,0,0,AVL,False
2026-27,2,438234,FWD,90,0.17,0.07,4,0,0,0,2,0,0,0,NEW,True
2026-27,2,438464,MID,0,0.0,0.0,0,0,0,0,0,0,0,0,MCI,True
2026-27,2,439509,MID,45,0.0,0.01,3,0,0,0,0,0,0,1,AVL,False
2026-27,2,439668,MID,0,0.0,0.0,0,0,0,0,0,0,0,0,HUL,True
2026-27,2,440089,MID,68,0.03,0.13,9,0,0,0,3,1,0,0,LEE,False
2026-27,2,440993,MID,90,0.02,0.07,13,0,0,0,4,0,0,0,BOU,False
2026-27,2,441164,DEF,90,0.33,0.1,4,0,0,0,1,0,0,0,NEW,True
2026-27,2,441191,DEF,0,0.0,0.0,0,0,0,0,0,0,0,0,TOT,False
2026-27,2,441264,FWD,63,0.03,0.0,4,0,0,0,2,1,0,0,FUL,True
2026-27,2,441266,MID,19,0.0,0.01,1,0,0,0,1,0,0,0,NFO,True
2026-27,2,441302,DEF,90,0.07,0.0,8,0,0,0,1,0,0,1,ARS,True
2026-27,2,442967,MID,72,0.06,0.01,5,0,0,0,2,0,0,0,MUN,False
2026-27,2,443261,MID,0,0.0,0.0,0,0,0,0,0,0,0,0,MUN,False
2026-27,2,444102,FWD,80,0.58,0.04,3,0,0,1,5,1,0,0,EVE,True
2026-27,2,444145,MID,0,0.0,0.0,0,0,0,0,0,0,0,0,AVL,False
2026-27,2,444172,GK,0,0.0,0.0,0,0,0,0,0,0,0,0,EVE,True
2026-27,2,444180,MID,60,0.11,0.06,1,0,0,0,2,1,0,1,LEE,False
2026-27,2,444307,GK,0,0.0,0.0,0,0,0,0,0,0,0,0,COV,False
2026-27,2,444463,DEF,67,0.0,0.01,9,0,0,0,0,0,0,1,BHA,True
2026-27,2,444765,DEF,0,0.0,0.0,0,0,0,0,0,0,0,0,LEE,False
2026-27,2,444884,MID,0,0.0,0.0,0,0,0,0,0,0,0,0,NFO,True
2026-27,2,445028,MID,45,0.0,0.0,3,0,0,0,1,0,0,0,COV,False
2026-27,2,445044,MID,0,0.0,0.0,0,0,0,0,0,0,0,0,NEW,True
2026-27,2,445087,DEF,13,0.0,0.01,1,0,0,0,0,0,0,1,NFO,True
2026-27,2,445122,DEF,0,0.0,0.0,0,0,0,0,0,0,0,0,AVL,False
2026-27,2,446008,MID,90,1.76,0.21,5,0,1,1,11,0,2,1,IPS,True
2026-27,2,448047,MID,0,0.0,0.0,0,0,0,0,0,0,0,0,BHA,True
2026-27,2,448089,MID,0,0.0,0.0,0,0,0,0,0,0,0,0,ARS,True
2026-27,2,448104,DEF,0,0.0,0.0,0,0,0,0,0,0,0,0,AVL,False
2026-27,2,448514,DEF,0,0.0,0.0,0,0,0,0,0,0,0,0,CRY,False
2026-27,2,449027,GK,0,0.0,0.0,0,0,0,0,0,0,0,0,NFO,True
2026-27,2,449428,DEF,0,0.0,0.0,0,0,0,0,0,0,0,0,COV,False
2026-27,2,449429,DEF,90,0.0,0.01,10,0,0,0,-1,0,0,1,MUN,False
2026-27,2,449434,MID,81,0.2,0.1,3,0,1,0,8,1,0,0,TOT,False
2026-27,2,449871,MID,0,0.0,0.0,0,0,0,0,0,0,0,0,ARS,True
2026-27,2,450542,MID,0,0.0,0.0,0,0,0,0,0,0,0,0,MCI,True
2026-27,2,451284,DEF,90,0.0,0.19,2,0,0,0,2,0,0,0,HUL,True
2026-27,2,451302,GK,0,0.0,0.0,0,0,0,0,0,0,0,0,IPS,True
2026-27,2,451340,MID,0,0.0,0.0,0,0,0,0,0,0,0,0,CHE,False
2026-27,2,451490,DEF,10,0.0,0.0,0,0,0,0,0,0,0,1,CHE,False
2026-27,2,454490,DEF,0,0.0,0.0,0,0,0,0,0,0,0,0,CHE,False
2026-27,2,455084,DEF,90,0.54,0.12,4,0,1,0,6,0,0,0,MUN,False
2026-27,2,456512,MID,65,0.35,0.63,9,0,1,0,9,0,2,0,LIV,False
2026-27,2,457569,GK,90,0.0,0.0,0,5,0,0,3,0,0,0,EVE,True
2026-27,2,458249,FWD,0,0.0,0.0,0,0,0,0,0,0,0,0,IPS,True
2026-27,2,460028,DEF,71,0.0,0.0,9,0,0,0,1,0,0,0,BHA,True
2026-27,2,460842,MID,22,0.04,0.01,2,0,0,0,1,0,0,0,NEW,True
2026-27,2,461102,DEF,77,0.0,0.01,9,0,0,0,8,1,2,0,HUL,True
2026-27,2,461199,MID,1,0.17,0.0,1,0,0,0,1,0,0,0,FUL,True
2026-27,2,461587,MID,7,0.0,0.0,1,0,0,0,1,0,0,0,MUN,False
2026-27,2,462387,FWD,0,0.0,0.0,0,0,0,0,0,0,0,0,MUN,False
2026-27,2,462424,DEF,0,0.0,0.0,0,0,0,0,0,0,0,0,AVL,False
2026-27,2,462635,MID,0,0.0,0.0,0,0,0,0,0,0,0,0,COV,False
2026-27,2,463034,FWD,24,0.07,0.0,0,0,0,0,1,0,0,0,LIV,False
2026-27,2,463067,FWD,0,0.0,0.0,0,0,0,0,0,0,0,0,CHE,False
2026-27,2,463210,MID,22,0.09,0.03,2,0,0,0,1,0,0,0,SUN,False
2026-27,2,463726,DEF,90,0.0,0.06,8,0,0,1,11,1,2,0,TOT,False
2026-27,2,463936,MID,0,0.0,0.0,0,0,0,0,0,0,0,0,BHA,True
2026-27,2,463981,DEF,90,0.0,0.74,12,0,0,0,4,0,0,0,EVE,True
2026-27,2,464353,GK,0,0.0,0.0,0,0,0,0,0,0,0,0,NFO,True
2026-27,2,465247,GK,90,0.0,0.0,0,3,0,0,2,0,0,0,IPS,True
2026-27,2,465351,DEF,0,0.0,0.0,0,0,0,0,0,0,0,0,CRY,False
2026-27,2,465390,DEF,0,0.0,0.0,0,0,0,0,0,0,0,0,HUL,True
2026-27,2,465525,MID,0,0.0,0.0,0,0,0,0,0,0,0,0,COV,False
2026-27,2,465642,DEF,90,0.0,0.02,3,0,0,0,6,1,0,0,TOT,False
2026-27,2,465680,FWD,0,0.0,0.0,0,0,0,0,0,0,0,0,LIV,False
2026-27,2,465694,MID,70,0.0,0.2,4,0,0,0,2,1,0,1,TOT,False
2026-27,2,465730,DEF,90,0.03,0.05,2,0,0,0,0,0,0,0,CHE,False
2026-27,2,465920,MID,0,0.0,0.0,0,0,0,0,0,0,0,0,BHA,True
2026-27,2,466052,MID,81,0.35,0.55,3,0,2,0,14,0,3,1,CRY,False
2026-27,2,466075,DEF,90,0.11,0.46,3,0,0,1,11,1,2,0,AVL,False
2026-27,2,466525,MID,90,0.07,0.01,16,0,0,0,4,0,0,0,BRE,True
2026-27,2,467779,DEF,79,0.03,0.08,7,0,0,0,0,0,0,0,CHE,False
2026-27,2,469142,DEF,90,0.11,0.03,8,0,0,0,1,0,0,0,NEW,True
2026-27,2,469247,MID,0,0.0,0.0,0,0,0,0,0,0,0,0,ARS,True
2026-27,2,469266,MID,45,0.0,0.01,6,0,0,0,1,0,0,0,COV,False
2026-27,2,469272,MID,58,0.05,0.13,6,0,0,0,1,0,0,0,HUL,True
2026-27,2,470294,MID,0,0.0,0.0,0,0,0,0,0,0,0,0,COV,False
2026-27,2,470313,FWD,19,0.02,0.01,0,0,0,1,4,0,0,0,TOT,False
2026-27,2,470315,DEF,4,0.0,0.0,1,0,0,0,1,0,0,0,LIV,False
2026-27,2,470551,GK,90,0.0,0.0,0,4,0,0,7,1,0,0,TOT,False
2026-27,2,472713,DEF,2,0.0,0.02,1,0,0,0,1,0,0,0,LEE,False
2026-27,2,472739,GK,90,0.0,0.0,0,1,0,0,2,0,0,0,HUL,True
2026-27,2,472769,DEF,88,0.02,0.02,1,0,0,0,2,0,0,0,CRY,False
2026-27,2,473284,GK,90,0.0,0.0,0,3,0,0,10,1,3,0,COV,False
2026-27,2,474120,MID,90,0.4,0.31,8,0,0,1,5,0,0,0,MUN,False
2026-27,2,475168,FWD,90,1.23,0.04,3,0,1,1,9,0,2,0,BHA,True
2026-27,2,476887,MID,0,0.0,0.0,0,0,0,0,0,0,0,0,LIV,False
2026-27,2,477064,DEF,0,0.0,0.0,0,0,0,0,0,0,0,0,CRY,False
2026-27,2,477424,DEF,74,0.0,0.04,2,0,0,1,5,0,0,0,CRY,False
2026-27,2,477547,DEF,0,0.0,0.0,0,0,0,0,0,0,0,0,FUL,True
2026-27,2,477555,MID,67,0.0,0.01,5,0,0,0,3,1,0,0,SUN,False
2026-27,2,480455,DEF,90,0.09,0.01,12,0,0,0,4,0,0,0,BOU,False
2026-27,2,480457,MID,70,0.06,0.09,6,0,0,0,3,1,0,0,HUL,True
2026-27,2,481624,MID,0,0.0,0.0,0,0,0,0,0,0,0,0,MUN,False
2026-27,2,481655,MID,5,0.0,0.0,2,0,0,0,1,0,0,0,AVL,False
2026-27,2,482442,MID,0,0.0,0.0,0,0,0,0,0,0,0,0,NEW,True
2026-27,2,482609,DEF,90,0.0,0.01,5,0,0,0,1,0,0,0,BHA,True
2026-27,2,482973,FWD,90,0.74,0.04,5,0,0,0,1,0,0,1,LIV,False
2026-27,2,483067,DEF,90,0.25,0.03,10,0,0,0,4,0,0,0,EVE,True
2026-27,2,484389,GK,0,0.0,0.0,0,0,0,0,0,0,0,0,HUL,True
2026-27,2,484420,MID,89,0.37,0.17,6,0,0,0,3,1,0,0,FUL,True
2026-27,2,485047,DEF,0,0.0,0.0,0,0,0,0,0,0,0,0,LIV,False
2026-27,2,485055,GK,90,0.0,0.0,0,0,0,0,1,0,0,0,NEW,True
2026-27,2,485337,MID,27,0.0,0.01,1,0,0,0,1,0,0,0,MCI,True
2026-27,2,485711,FWD,10,0.0,0.01,3,0,0,0,1,0,0,0,IPS,True
2026-27,2,486385,FWD,20,0.04,0.0,1,0,0,0,1,0,0,0,BOU,False
2026-27,2,486520,MID,0,0.0,0.0,0,0,0,0,0,0,0,0,BRE,True
2026-27,2,486672,MID,13,0.0,0.0,0,0,0,0,1,0,0,0,BHA,True
2026-27,2,487053,DEF,22,0.0,0.19,1,0,0,0,1,0,0,0,NEW,True
2026-27,2,487117,FWD,0,0.0,0.0,0,0,0,0,0,0,0,0,CHE,False
2026-27,2,487676,DEF,90,0.0,0.01,6,0,0,0,6,1,0,0,FUL,True
2026-27,2,487838,DEF,90,0.03,0.31,13,0,0,0,11,1,3,0,TOT,False
2026-27,2,487992,DEF,0,0.0,0.0,0,0,0,0,0,0,0,0,ARS,True
2026-27,2,488024,MID,67,0.05,0.07,10,0,0,1,5,0,0,0,MCI,True
2026-27,2,489580,DEF,0,0.0,0.0,0,0,0,0,0,0,0,0,NFO,True
2026-27,2,489639,GK,90,0.0,0.0,0,1,0,0,0,0,0,0,CHE,False
2026-27,2,489706,MID,0,0.0,0.0,0,0,0,0,0,0,0,0,MCI,True
2026-27,2,489888,MID,0,0.0,0.0,0,0,0,0,0,0,0,0,EVE,True
2026-27,2,490094,MID,4,0.0,0.0,0,0,0,0,1,0,0,0,BOU,False
2026-27,2,490145,FWD,0,0.0,0.0,0,0,0,0,0,0,0,0,NEW,True
2026-27,2,490161,MID,0,0.0,0.0,0,0,0,0,0,0,0,0,COV,False
2026-27,2,490881,MID,0,0.0,0.0,0,0,0,0,0,0,0,0,IPS,True
2026-27,2,490884,MID,7,0.0,0.0,0,0,0,0,1,0,0,0,COV,False
2026-27,2,491007,MID,0,0.0,0.0,0,0,0,0,0,0,0,0,BHA,True
2026-27,2,491279,DEF,90,0.0,0.02,8,0,0,0,0,0,0,1,NEW,True
2026-27,2,491501,MID,0,0.0,0.0,0,0,0,0,0,0,0,0,NFO,True
2026-27,2,492498,MID,0,0.0,0.0,0,0,0,0,0,0,0,0,HUL,True
2026-27,2,492777,DEF,0,0.0,0.0,0,0,0,0,0,0,0,0,NFO,True
2026-27,2,492859,MID,0,0.0,0.0,0,0,0,0,0,0,0,0,BRE,True
2026-27,2,493105,MID,12,0.0,0.0,2,0,0,0,1,0,0,0,ARS,True
2026-27,2,493250,MID,0,0.0,0.0,0,0,0,0,0,0,0,0,IPS,True
2026-27,2,493362,MID,0,0.0,0.0,0,0,0,0,0,0,0,0,NEW,True
2026-27,2,494307,DEF,0,0.0,0.0,0,0,0,0,0,0,0,0,CRY,False
2026-27,2,494521,DEF,90,0.0,0.07,9,0,0,0,4,0,2,0,EVE,True
2026-27,2,494595,MID,90,0.23,0.2,10,0,0,1,4,0,0,1,NFO,True
2026-27,2,494928,DEF,0,0.0,0.0,0,0,0,0,0,0,0,0,EVE,True
2026-27,2,494950,GK,0,0.0,0.0,0,0,0,0,0,0,0,0,COV,False
2026-27,2,496208,MID,0,0.0,0.0,0,0,0,0,0,0,0,0,EVE,True
2026-27,2,496221,MID,90,0.0,0.07,7,0,0,0,2,0,0,0,MCI,True
2026-27,2,496661,MID,0,0.0,0.0,0,0,0,0,0,0,0,0,BOU,False
2026-27,2,498016,GK,90,0.0,0.0,0,0,0,0,6,1,0,0,FUL,True
2026-27,2,498444,DEF,18,0.0,0.02,3,0,0,0,1,0,0,0,BHA,True
2026-27,2,499169,MID,70,0.07,0.02,5,0,0,0,3,1,0,0,AVL,False
2026-27,2,499175,MID,0,0.0,0.0,0,0,0,0,0,0,0,0,AVL,False
2026-27,2,499300,DEF,0,0.0,0.0,0,0,0,0,0,0,0,0,BOU,False
2026-27,2,499309,FWD,0,0.0,0.0,0,0,0,0,0,0,0,0,BHA,True
2026-27,2,499604,MID,90,0.4,0.02,5,0,0,0,2,0,0,0,EVE,True
2026-27,2,499716,DEF,0,0.0,0.0,0,0,0,0,0,0,0,0,NEW,True
2026-27,2,499721,MID,22,0.02,0.0,1,0,0,0,1,0,0,0,NEW,True
2026-27,2,499726,MID,0,0.0,0.0,0,0,0,0,0,0,0,0,NEW,True
2026-27,2,500040,DEF,78,0.0,0.01,4,0,0,0,6,1,0,0,AVL,False
2026-27,2,500058,FWD,0,0.0,0.0,0,0,0,0,0,0,0,0,NFO,True
2026-27,2,500151,DEF,0,0.0,0.0,0,0,0,0,0,0,0,0,LIV,False
2026-27,2,500957,FWD,0,0.0,0.0,0,0,0,0,0,0,0,0,COV,False
2026-27,2,501390,MID,61,0.0,0.02,9,0,0,0,2,0,0,0,MUN,False
2026-27,2,501459,MID,31,0.02,0.02,4,0,0,0,1,0,0,0,HUL,True
2026-27,2,501902,DEF,0,0.0,0.0,0,0,0,0,0,0,0,0,COV,False
2026-27,2,502500,FWD,90,0.8,0.01,4,0,0,0,2,0,0,0,LEE,False
2026-27,2,502697,MID,4,0.03,0.02,0,0,0,0,0,0,0,1,BOU,False
2026-27,2,503037,FWD,0,0.0,0.0,0,0,0,0,0,0,0,0,BHA,True
2026-27,2,503139,MID,86,0.26,0.27,15,0,1,0,12,1,3,1,EVE,True
2026-27,2,503301,MID,0,0.0,0.0,0,0,0,0,0,0,0,0,LIV,False
2026-27,2,505079,GK,0,0.0,0.0,0,0,0,0,0,0,0,0,SUN,False
2026-27,2,507433,GK,0,0.0,0.0,0,0,0,0,0,0,0,0,LEE,False
2026-27,2,508395,MID,21,0.0,0.01,0,0,0,0,1,0,0,0,LEE,False
2026-27,2,508479,GK,0,0.0,0.0,0,0,0,0,0,0,0,0,BHA,True
2026-27,2,509416,MID,0,0.0,0.0,0,0,0,0,0,0,0,0,CHE,False
2026-27,2,510281,MID,0,0.0,0.0,0,0,0,0,0,0,0,0,NEW,True
2026-27,2,510663,FWD,0,0.0,0.0,0,0,0,0,0,0,0,0,NFO,True
2026-27,2,511499,MID,67,0.14,0.03,3,0,0,0,2,0,0,0,NEW,True
2026-27,2,512123,DEF,0,0.0,0.0,0,0,0,0,0,0,0,0,CHE,False
2026-27,2,512462,DEF,0,0.0,0.0,0,0,0,0,0,0,0,0,BOU,False
2026-27,2,513086,DEF,0,0.0,0.0,0,0,0,0,0,0,0,0,LEE,False
2026-27,2,513418,MID,87,0.25,0.02,9,0,1,0,10,0,3,0,LEE,False
2026-27,2,513466,MID,85,0.0,0.01,9,0,0,0,2,0,0,0,BOU,False
2026-27,2,513545,MID,90,0.21,0.03,14,0,0,0,4,0,0,0,LEE,False
2026-27,2,514254,MID,90,0.38,0.17,5,0,0,1,5,0,0,0,CHE,False
2026-27,2,514356,MID,67,0.54,0.0,7,0,1,0,7,0,0,0,BHA,True
2026-27,2,514514,MID,0,0.0,0.0,0,0,0,0,0,0,0,0,NFO,True
2026-27,2,515046,GK,0,0.0,0.0,0,0,0,0,0,0,0,0,FUL,True
2026-27,2,515597,MID,0,0.0,0.0,0,0,0,0,0,0,0,0,ARS,True
2026-27,2,515621,DEF,0,0.0,0.0,0,0,0,0,0,0,0,0,MCI,True
2026-27,2,516895,MID,79,0.14,0.27,15,0,0,0,4,0,0,0,IPS,True
2026-27,2,517052,FWD,70,0.0,0.1,3,0,0,0,2,0,0,0,ARS,True
2026-27,2,519324,MID,0,0.0,0.0,0,0,0,0,0,0,0,0,CHE,False
2026-27,2,519440,DEF,0,0.0,0.0,0,0,0,0,0,0,0,0,NFO,True
2026-27,2,519634,DEF,0,0.0,0.0,0,0,0,0,0,0,0,0,FUL,True
2026-27,2,519913,MID,0,0.0,0.0,0,0,0,0,0,0,0,0,IPS,True
2026-27,2,522047,DEF,90,0.0,0.01,19,0,0,0,4,0,0,0,BRE,True
2026-27,2,523700,FWD,0,0.0,0.0,0,0,0,0,0,0,0,0,EVE,True
2026-27,2,524180,MID,0,0.0,0.0,0,0,0,0,0,0,0,0,MUN,False
2026-27,2,531442,MID,82,0.0,0.22,4,0,0,1,4,0,0,1,MUN,False
2026-27,2,532529,MID,0,0.0,0.0,0,0,0,0,0,0,0,0,CHE,False
2026-27,2,532605,MID,10,0.0,0.0,5,0,0,0,1,0,0,0,IPS,True
2026-27,2,533463,MID,29,0.02,0.08,7,0,0,0,1,0,0,0,LEE,False
2026-27,2,534392,FWD,0,0.0,0.0,0,0,0,0,0,0,0,0,COV,False
2026-27,2,535301,MID,0,0.0,0.0,0,0,0,0,0,0,0,0,IPS,True
2026-27,2,535818,MID,0,0.0,0.0,0,0,0,0,0,0,0,0,FUL,True
2026-27,2,535928,MID,0,0.0,0.0,0,0,0,0,0,0,0,0,NFO,True
2026-27,2,536661,MID,64,0.0,0.04,5,0,0,0,3,1,0,0,FUL,True
2026-27,2,536694,MID,0,0.0,0.0,0,0,0,0,0,0,0,0,MCI,True
2026-27,2,536916,MID,0,0.0,0.0,0,0,0,0,0,0,0,0,CHE,False
2026-27,2,538007,FWD,10,0.0,0.0,0,0,0,0,1,0,0,0,CHE,False
2026-27,2,538207,FWD,0,0.0,0.0,0,0,0,0,0,0,0,0,TOT,False
2026-27,2,538638,DEF,0,0.0,0.0,0,0,0,0,0,0,0,0,LIV,False
2026-27,2,539142,DEF,90,0.02,0.04,4,0,0,0,1,0,0,1,HUL,True
2026-27,2,540324,MID,82,0.12,0.02,10,0,0,1,6,1,0,0,COV,False
2026-27,2,543158,MID,8,0.04,0.0,1,0,0,0,1,0,0,0,BHA,True
2026-27,2,543295,MID,0,0.0,0.0,0,0,0,0,0,0,0,0,LEE,False
2026-27,2,543968,FWD,45,0.0,0.0,1,0,0,0,1,0,0,0,MUN,False
2026-27,2,544877,DEF,70,0.0,0.01,8,0,0,0,1,0,0,0,NFO,True
2026-27,2,545477,DEF,0,0.0,0.0,0,0,0,0,0,0,0,0,TOT,False
2026-27,2,546600,GK,0,0.0,0.0,0,0,0,0,0,0,0,0,MUN,False
2026-27,2,547027,MID,18,0.0,0.16,0,0,0,1,4,0,0,0,FUL,True
2026-27,2,547037,MID,0,0.0,0.0,0,0,0,0,0,0,0,0,IPS,True
2026-27,2,547676,DEF,0,0.0,0.0,0,0,0,0,0,0,0,0,IPS,True
2026-27,2,547686,DEF,0,0.0,0.0,0,0,0,0,0,0,0,0,SUN,False
2026-27,2,547701,MID,67,0.0,0.0,6,0,0,0,2,0,0,0,NEW,True
2026-27,2,547719,MID,90,0.0,0.04,9,0,0,0,3,1,0,0,TOT,False
2026-27,2,548308,DEF,0,0.0,0.0,0,0,0,0,0,0,0,0,NEW,True
2026-27,2,549067,DEF,0,0.0,0.0,0,0,0,0,0,0,0,0,LIV,False
2026-27,2,549074,MID,0,0.0,0.0,0,0,0,0,0,0,0,0,CHE,False
2026-27,2,549653,FWD,0,0.0,0.0,0,0,0,0,0,0,0,0,HUL,True
2026-27,2,549912,MID,0,0.0,0.0,0,0,0,0,0,0,0,0,FUL,True
2026-27,2,549939,GK,0,0.0,0.0,0,0,0,0,0,0,0,0,BHA,True
2026-27,2,550090,DEF,0,0.0,0.0,0,0,0,0,0,0,0,0,CHE,False
2026-27,2,550615,MID,61,0.05,0.01,2,0,0,0,2,0,0,0,BOU,False
2026-27,2,550839,MID,0,0.0,0.0,0,0,0,0,0,0,0,0,NEW,True
2026-27,2,550864,DEF,16,0.0,0.01,2,0,0,0,1,0,0,0,IPS,True
2026-27,2,551210,DEF,90,0.0,0.06,6,0,0,1,4,0,0,0,BHA,True
2026-27,2,551226,MID,90,0.01,0.17,8,0,0,0,2,0,0,0,NEW,True
2026-27,2,551262,FWD,0,0.0,0.0,0,0,0,0,0,0,0,0,HUL,True
2026-27,2,551466,FWD,90,0.27,0.01,4,0,0,0,2,0,0,0,SUN,False
2026-27,2,551499,MID,90,0.32,0.19,7,0,1,0,6,0,0,1,NFO,True
2026-27,2,552946,MID,0,0.0,0.0,0,0,0,0,0,0,0,0,COV,False
2026-27,2,553746,DEF,0,0.0,0.0,0,0,0,0,0,0,0,0,TOT,False
2026-27,2,553783,MID,0,0.0,0.0,0,0,0,0,0,0,0,0,COV,False
2026-27,2,554054,DEF,1,0.0,0.0,0,0,0,0,1,0,0,0,CRY,False
2026-27,2,554197,MID,7,0.0,0.0,0,0,0,0,1,0,0,0,FUL,True
2026-27,2,554578,GK,0,0.0,0.0,0,0,0,0,0,0,0,0,TOT,False
2026-27,2,556637,MID,0,0.0,0.0,0,0,0,0,0,0,0,0,CHE,False
2026-27,2,557012,FWD,0,0.0,0.0,0,0,0,0,0,0,0,0,MUN,False
2026-27,2,559152,MID,22,0.0,0.0,1,0,0,0,1,0,0,0,MCI,True
2026-27,2,560262,MID,0,0.0,0.0,0,0,0,0,0,0,0,0,EVE,True
2026-27,2,560552,MID,7,0.0,0.04,0,0,0,0,1,0,0,0,SUN,False
2026-27,2,561245,FWD,9,0.0,0.0,1,0,0,0,1,0,0,0,EVE,True
2026-27,2,565297,FWD,0,0.0,0.0,0,0,0,0,0,0,0,0,BRE,True
2026-27,2,567119,FWD,0,0.0,0.0,0,0,0,0,0,0,0,0,BHA,True
2026-27,2,568420,DEF,0,0.0,0.0,0,0,0,0,0,0,0,0,LIV,False
2026-27,2,569577,DEF,0,0.0,0.0,0,0,0,0,0,0,0,0,ARS,True
2026-27,2,570241,DEF,0,0.0,0.0,0,0,0,0,0,0,0,0,LEE,False
2026-27,2,570526,MID,0,0.0,0.0,0,0,0,0,0,0,0,0,NEW,True
2026-27,2,570794,DEF,74,0.02,0.0,14,0,0,0,2,0,0,1,MCI,True
2026-27,2,571380,MID,0,0.0,0.0,0,0,0,0,0,0,0,0,ARS,True
2026-27,2,571779,MID,75,0.02,0.0,9,0,0,0,1,0,0,1,SUN,False
2026-27,2,572584,DEF,17,0.0,0.0,0,0,0,0,1,0,0,0,MUN,False
2026-27,2,574458,DEF,0,0.0,0.0,0,0,0,0,0,0,0,0,BHA,True
2026-27,2,575204,MID,0,0.0,0.0,0,0,0,0,0,0,0,0,CRY,False
2026-27,2,575458,DEF,90,0.0,0.0,8,0,0,0,1,0,0,0,LIV,False
2026-27,2,575476,DEF,90,0.18,0.0,6,0,0,0,1,0,0,0,LIV,False
2026-27,2,575901,DEF,0,0.0,0.0,0,0,0,0,0,0,0,0,EVE,True
2026-27,2,576620,MID,0,0.0,0.0,0,0,0,0,0,0,0,0,IPS,True
2026-27,2,576628,MID,0,0.0,0.0,0,0,0,0,0,0,0,0,IPS,True
2026-27,2,577016,DEF,22,0.0,0.0,3,0,0,0,1,0,0,0,BHA,True
2026-27,2,577285,MID,70,0.0,0.01,6,0,0,0,2,0,0,0,ARS,True
2026-27,2,577411,DEF,0,0.0,0.0,0,0,0,0,0,0,0,0,HUL,True
2026-27,2,577669,MID,90,0.02,0.02,11,0,0,0,3,1,0,0,FUL,True
2026-27,2,577725,MID,90,0.47,0.03,4,0,0,0,2,0,0,0,SUN,False
2026-27,2,577974,DEF,0,0.0,0.0,0,0,0,0,0,0,0,0,IPS,True
2026-27,2,578153,DEF,88,0.0,0.02,7,0,0,0,2,0,0,0,CRY,False
2026-27,2,578545,DEF,0,0.0,0.0,0,0,0,0,0,0,0,0,ARS,True
2026-27,2,586268,GK,0,0.0,0.0,0,0,0,0,0,0,0,0,NFO,True
2026-27,2,586309,FWD,69,1.48,0.0,3,0,0,0,2,0,0,0,BOU,False
2026-27,2,590014,DEF,0,0.0,0.0,0,0,0,0,0,0,0,0,MCI,True
2026-27,2,590039,MID,0,0.0,0.0,0,0,0,0,0,0,0,0,CRY,False
2026-27,2,591386,MID,13,0.0,0.0,5,0,0,0,1,0,0,0,NFO,True
2026-27,2,592031,MID,0,0.0,0.0,0,0,0,0,0,0,0,0,CHE,False
2026-27,2,592740,MID,0,0.0,0.0,0,0,0,0,0,0,0,0,BRE,True
2026-27,2,593117,MID,0,0.0,0.0,0,0,0,0,0,0,0,0,BHA,True
2026-27,2,593174,FWD,0,0.0,0.0,0,0,0,0,0,0,0,0,LEE,False
2026-27,2,596047,FWD,0,0.0,0.0,0,0,0,0,0,0,0,0,IPS,True
2026-27,2,596777,MID,10,0.18,0.01,2,0,0,0,1,0,0,0,IPS,True
2026-27,2,597320,MID,0,0.0,0.0,0,0,0,0,0,0,0,0,CHE,False
2026-27,2,597462,DEF,31,0.0,0.0,1,0,0,0,1,0,0,0,COV,False
2026-27,2,599303,FWD,0,0.0,0.0,0,0,0,0,0,0,0,0,TOT,False
2026-27,2,606702,DEF,76,0.0,0.05,11,0,0,0,3,0,0,0,NFO,True
2026-27,2,606745,DEF,0,0.0,0.0,0,0,0,0,0,0,0,0,IPS,True
2026-27,2,606798,DEF,0,0.0,0.0,0,0,0,0,0,0,0,0,ARS,True
2026-27,2,606921,MID,0,0.0,0.0,0,0,0,0,0,0,0,0,MCI,True
2026-27,2,606930,DEF,58,0.01,0.0,9,0,0,0,1,0,0,0,COV,False
2026-27,2,607464,DEF,87,0.02,0.21,4,0,0,0,2,0,0,0,LEE,False
2026-27,2,608181,FWD,0,0.0,0.0,0,0,0,0,0,0,0,0,CHE,False
2026-27,2,608227,MID,58,0.01,0.01,7,0,0,0,0,0,0,1,COV,False
2026-27,2,609873,MID,86,0.0,0.03,9,0,0,0,2,0,0,0,BOU,False
2026-27,2,610799,DEF,90,0.03,0.02,8,0,0,0,0,0,0,0,CHE,False
2026-27,2,611665,MID,1,0.0,0.0,0,0,0,0,1,0,0,0,TOT,False
2026-27,2,611695,MID,73,0.7,0.16,7,0,1,0,8,0,1,0,CHE,False
2026-27,2,611917,MID,0,0.0,0.0,0,0,0,0,0,0,0,0,NEW,True
2026-27,2,611922,MID,19,0.0,0.03,0,0,0,0,1,0,0,0,NFO,True
2026-27,2,612855,MID,16,0.0,0.01,1,0,0,0,1,0,0,0,CHE,False
2026-27,2,613804,DEF,0,0.0,0.0,0,0,0,0,0,0,0,0,LEE,False
2026-27,2,614071,MID,0,0.0,0.0,0,0,0,0,0,0,0,0,ARS,True
2026-27,2,614574,MID,0,0.0,0.0,0,0,0,0,0,0,0,0,EVE,True
2026-27,2,616069,MID,0,0.0,0.0,0,0,0,0,0,0,0,0,SUN,False
2026-27,2,616077,MID,0,0.0,0.0,0,0,0,0,0,0,0,0,AVL,False
2026-27,2,616221,DEF,0,0.0,0.0,0,0,0,0,0,0,0,0,NEW,True
2026-27,2,616222,DEF,1,0.0,0.0,0,0,0,0,1,0,0,0,CRY,False
2026-27,2,616288,MID,8,0.1,0.0,0,0,0,0,1,0,0,0,CRY,False
2026-27,2,620109,DEF,0,0.0,0.0,0,0,0,0,0,0,0,0,BHA,True
2026-27,2,620487,DEF,0,0.0,0.0,0,0,0,0,0,0,0,0,EVE,True
2026-27,2,622758,DEF,0,0.0,0.0,0,0,0,0,0,0,0,0,BHA,True
2026-27,2,624773,MID,0,0.0,0.0,0,0,0,0,0,0,0,0,BHA,True
2026-27,2,627221,FWD,0,0.0,0.0,0,0,0,0,0,0,0,0,HUL,True
2026-27,2,629397,MID,0,0.0,0.0,0,0,0,0,0,0,0,0,HUL,True
2026-27,2,631786,FWD,0,0.0,0.0,0,0,0,0,0,0,0,0,SUN,False
2026-27,2,632794,MID,0,0.0,0.0,0,0,0,0,0,0,0,0,TOT,False
2026-27,2,636852,MID,19,0.0,0.0,3,0,0,0,1,0,0,0,TOT,False
2026-27,2,637238,MID,8,0.0,0.12,1,0,0,0,1,0,0,0,CRY,False
2026-27,2,638411,DEF,0,0.0,0.0,0,0,0,0,0,0,0,0,FUL,True
2026-27,2,640419,DEF,0,0.0,0.0,0,0,0,0,0,0,0,0,NEW,True
2026-27,2,643970,DEF,0,0.0,0.0,0,0,0,0,0,0,0,0,BRE,True
2026-27,2,645618,MID,0,0.0,0.0,0,0,0,0,0,0,0,0,ARS,True
2026-27,2,647681,DEF,0,0.0,0.0,0,0,0,0,0,0,0,0,NFO,True
2026-27,2,647850,FWD,79,0.17,0.02,6,0,0,1,5,0,0,0,CHE,False
2026-27,2,649208,MID,0,0.0,0.0,0,0,0,0,0,0,0,0,CRY,False
2026-27,2,651426,DEF,90,0.0,0.0,7,0,0,0,0,0,0,0,MCI,True
2026-27,2,653481,MID,19,0.0,0.0,2,0,0,0,0,0,0,1,ARS,True
2026-27,2,660392,FWD,0,0.0,0.0,0,0,0,0,0,0,0,0,MCI,True
2026-27,2,661800,DEF,0,0.0,0.0,0,0,0,0,0,0,0,0,COV,False
2026-27,2,661888,MID,70,0.03,0.13,7,0,0,0,3,1,0,0,HUL,True
2026-27,2,672492,MID,0,0.0,0.0,0,0,0,0,0,0,0,0,MCI,True
2026-27,2,684268,MID,0,0.0,0.0,0,0,0,0,0,0,0,0,HUL,True
2026-27,2,690838,FWD,0,0.0,0.0,0,0,0,0,0,0,0,0,ARS,True
2026-27,2,696104,MID,0,0.0,0.0,0,0,0,0,0,0,0,0,FUL,True
2026-27,2,699989,MID,0,0.0,0.0,0,0,0,0,0,0,0,0,FUL,True
2026-27,2,700308,MID,0,0.0,0.0,0,0,0,0,0,0,0,0,CHE,False
2026-27,3,17761,DEF,90,0.02,0.01,12,0,0,0,3,0,0,0,MUN,True
2026-27,3,21205,GK,0,0.0,0.0,0,0,0,0,0,0,0,0,EVE,False
2026-27,3,40383,GK,0,0.0,0.0,0,0,0,0,0,0,0,0,NEW,False
2026-27,3,49262,GK,0,0.0,0.0,0,0,0,0,0,0,0,0,LEE,True
2026-27,3,50093,GK,0,0.0,0.0,0,0,0,0,0,0,0,0,LIV,True
2026-27,3,50175,FWD,3,0.0,0.0,0,0,0,0,1,0,0,0,ARS,False
2026-27,3,54469,DEF,90,0.01,0.04,4,0,0,0,0,0,0,1,NEW,False
2026-27,3,56979,MID,0,0.0,0.0,0,0,0,0,0,0,0,0,ARS,False
2026-27,3,59735,GK,0,0.0,0.0,0,0,0,0,0,0,0,0,EVE,False
2026-27,3,60307,MID,90,0.79,0.04,4,0,0,0,1,0,0,1,LEE,True
2026-27,3,60689,FWD,16,0.0,0.0,0,0,0,0,1,0,0,0,TOT,True
2026-27,3,67089,GK,0,0.0,0.0,0,0,0,0,0,0,0,0,NFO,False
2026-27,3,72147,GK,0,0.0,0.0,0,0,0,0,0,0,0,0,HUL,False
2026-27,3,75115,FWD,4,0.0,0.0,1,0,0,0,1,0,0,0,SUN,True
2026-27,3,76357,MID,0,0.0,0.0,0,0,0,0,0,0,0,0,CRY,True
2026-27,3,78916,DEF,0,0.0,0.0,0,0,0,0,0,0,0,0,BOU,True
2026-27,3,79602,GK,0,0.0,0.0,0,0,0,0,0,0,0,0,MCI,False
2026-27,3,80178,DEF,0,0.0,0.0,0,0,0,0,0,0,0,0,MCI,False
2026-27,3,80201,GK,90,0.0,0.0,0,2,0,0,1,0,0,0,CRY,True
2026-27,3,81441,GK,0,0.0,0.0,0,0,0,0,0,0,0,0,BOU,True
2026-27,3,83299,DEF,90,0.0,0.01,12,0,0,0,5,0,1,0,LEE,True
2026-27,3,84450,MID,90,0.06,0.12,15,0,0,0,3,0,0,1,BRE,False
2026-27,3,85633,GK,90,0.0,0.0,0,0,0,0,6,1,0,0,TOT,True
2026-27,3,86873,GK,0,0.0,0.0,0,0,0,0,0,0,0,0,CRY,True
2026-27,3,88894,MID,90,0.22,0.09,6,0,0,0,3,1,0,0,HUL,False
2026-27,3,91651,MID,0,0.0,0.0,0,0,0,0,0,0,0,0,COV,True
2026-27,3,93605,DEF,63,0.11,0.0,2,0,0,0,2,0,0,0,BRE,False
2026-27,3,95658,DEF,90,0.0,0.01,12,0,0,0,2,0,0,1,EVE,False
2026-27,3,97032,DEF,90,0.0,0.02,7,0,0,0,6,1,0,0,IPS,False
2026-27,3,97846,GK,0,0.0,0.0,0,0,0,0,0,0,0,0,BHA,False
2026-27,3,98747,GK,0,0.0,0.0,0,0,0,0,0,0,0,0,BOU,True
2026-27,3,98980,GK,90,0.0,0.0,0,8,0,0,3,0,0,0,ARS,False
2026-27,3,101188,DEF,0,0.0,0.0,0,0,0,0,0,0,0,0,HUL,False
2026-27,3,101282,MID,0,0.0,0.0,0,0,0,0,0,0,0,0,AVL,True
2026-27,3,105666,GK,0,0.0,0.0,0,0,0,0,0,0,0,0,AVL,True
2026-27,3,105717,DEF,0,0.0,0.0,0,0,0,0,0,0,0,0,BRE,False
2026-27,3,106611,DEF,0,0.0,0.0,0,0,0,0,0,0,0,0,MUN,True
2026-27,3,106760,DEF,90,0.02,0.23,8,0,0,1,4,0,0,1,EVE,False
2026-27,3,106921,GK,0,0.0,0.0,0,0,0,0,0,0,0,0,COV,True
2026-27,3,108413,MID,16,0.0,0.0,3,0,0,0,1,0,0,0,FUL,False
2026-27,3,108416,DEF,90,0.0,0.0,7,0,0,0,6,1,0,0,AVL,True
2026-27,3,108813,GK,0,0.0,0.0,0,0,0,0,0,0,0,0,LIV,True
2026-27,3,109646,DEF,0,0.0,0.0,0,0,0,0,0,0,0,0,NFO,False
2026-27,3,109745,GK,0,0.0,0.0,0,0,0,0,0,0,0,0,CHE,True
2026-27,3,110690,GK,0,0.0,0.0,0,0,0,0,0,0,0,0,MCI,False
2026-27,3,111234,GK,90,0.0,0.0,0,1,0,0,1,0,0,0,MUN,True
2026-27,3,111317,MID,14,0.0,0.0,0,0,0,0,1,0,0,0,NEW,False
2026-27,3,112520,GK,0,0.0,0.0,0,0,0,0,0,0,0,0,LIV,True
2026-27,3,114243,MID,13,0.0,0.0,1,0,0,0,1,0,0,0,BOU,True
2026-27,3,114283,MID,24,0.02,0.13,1,0,0,0,1,0,0,0,MUN,True
2026-27,3,115556,DEF,0,0.0,0.0,0,0,0,0,0,0,0,0,NFO,False
2026-27,3,116535,GK,90,0.0,0.0,0,5,0,0,8,1,1,0,IPS,False
2026-27,3,119090,MID,0,0.0,0.0,0,0,0,0,0,0,0,0,HUL,False
2026-27,3,119471,DEF,0,0.0,0.0,0,0,0,0,0,0,0,0,BOU,True
2026-27,3,121709,GK,0,0.0,0.0,0,0,0,0,0,0,0,0,FUL,False
2026-27,3,122074,GK,0,0.0,0.0,0,0,0,0,0,0,0,0,COV,True
2026-27,3,122798,DEF,29,0.0,0.0,1,0,0,0,1,0,0,0,NFO,False
2026-27,3,122806,MID,90,0.68,0.03,5,0,0,0,3,1,0,0,HUL,False
2026-27,3,128295,MID,0,0.0,0.0,0,0,0,0,0,0,0,0,MUN,True
2026-27,3,135720,DEF,90,0.0,0.08,8,0,0,0,2,0,0,0,BRE,False
2026-27,3,138001,GK,0,0.0,0.0,0,0,0,0,0,0,0,0,MUN,True
2026-27,3,141746,MID,90,0.15,0.06,2,0,0,0,2,0,0,0,EVE,False
2026-27,3,146426,DEF,90,0.0,0.0,6,0,0,0,5,1,0,1,AVL,True
2026-27,3,147675,FWD,0,0.0,0.0,0,0,0,0,0,0,0,0,LIV,True
2026-27,3,149484,DEF,90,0.11,0.02,5,0,0,0,6,1,0,0,HUL,False
2026-27,3,149929,MID,0,0.0,0.0,0,0,0,0,0,0,0,0,LIV,True
2026-27,3,152551,MID,0,0.0,0.0,0,0,0,0,0,0,0,0,FUL,False
2026-27,3,153133,MID,82,0.04,0.26,4,0,0,0,2,0,0,0,CRY,True
2026-27,3,153366,MID,0,0.0,0.0,0,0,0,0,0,0,0,0,CRY,True
2026-27,3,153682,MID,17,0.0,0.0,1,0,0,0,0,0,0,1,BHA,False
2026-27,3,154043,DEF,13,0.03,0.0,0,0,1,0,7,0,0,0,MUN,True
2026-27,3,154561,GK,90,0.0,0.01,0,4,0,0,3,0,0,0,CHE,True
2026-27,3,154566,FWD,6,0.17,0.0,1,0,0,0,1,0,0,0,NFO,False
2026-27,3,155405,MID,0,0.0,0.0,0,0,0,0,0,0,0,0,COV,True
2026-27,3,155408,MID,14,0.0,0.0,1,0,0,0,1,0,0,0,NEW,False
2026-27,3,155465,GK,0,0.0,0.0,0,0,0,0,0,0,0,0,BHA,False
2026-27,3,155503,GK,0,0.0,0.0,0,0,0,0,0,0,0,0,IPS,False
2026-27,3,158499,MID,1,0.0,0.0,0,0,0,0,1,0,0,0,NEW,False
2026-27,3,158983,MID,0,0.0,0.0,0,0,0,0,0,0,0,0,IPS,False
2026-27,3,159506,DEF,58,0.0,0.0,7,0,0,0,1,0,0,0,TOT,True
2026-27,3,160817,DEF,0,0.0,0.0,0,0,0,0,0,0,0,0,AVL,True
2026-27,3,166477,DEF,90,0.58,0.19,7,0,0,0,1,0,0,0,CRY,True
2026-27,3,166989,MID,90,0.05,0.06,7,0,0,0,2,0,0,0,EVE,False
2026-27,3,167074,DEF,0,0.0,0.0,0,0,0,0,0,0,0,0,CRY,True
2026-27,3,167512,DEF,0,0.0,0.0,0,0,0,0,0,0,0,0,BRE,False
2026-27,3,167825,GK,0,0.0,0.0,0,0,0,0,0,0,0,0,AVL,True
2026-27,3,168144,MID,90,0.04,0.0,8,0,0,0,2,0,0,0,MCI,False
2026-27,3,168636,FWD,0,0.0,0.0,0,0,0,0,0,0,0,0,NEW,False
2026-27,3,169359,DEF,0,0.0,0.0,0,0,0,0,0,0,0,0,AVL,True
2026-27,3,169432,FWD,90,0.38,0.05,3,0,0,0,2,1,0,0,AVL,True
2026-27,3,169528,DEF,78,0.08,0.1,5,0,0,0,1,0,0,0,CRY,True
2026-27,3,169593,GK,0,0.0,0.0,0,0,0,0,0,0,0,0,FUL,False
2026-27,3,171270,MID,0,0.0,0.0,0,0,0,0,0,0,0,0,AVL,True
2026-27,3,171287,DEF,0,0.0,0.0,0,0,0,0,0,0,0,0,IPS,False
2026-27,3,171314,DEF,90,0.0,0.03,3,0,0,0,6,1,0,0,COV,True
2026-27,3,172453,MID,0,0.0,0.0,0,0,0,0,0,0,0,0,LIV,True
2026-27,3,172649,GK,90,0.0,0.0,0,5,0,0,2,0,0,0,FUL,False
2026-27,3,172780,MID,0,0.0,0.0,0,0,0,0,0,0,0,0,NFO,False
2026-27,3,172850,DEF,16,0.15,0.0,0,0,1,0,7,0,0,0,FUL,False
2026-27,3,173774,DEF,90,0.0,0.57,10,0,0,0,4,0,0,0,BHA,False
2026-27,3,173878,DEF,84,0.0,0.08,7,0,0,0,2,0,0,0,MCI,False
2026-27,3,173879,FWD,5,0.0,0.0,1,0,0,0,1,0,0,0,HUL,False
2026-27,3,174594,FWD,17,0.17,0.14,0,0,0,0,1,0,0,0,BHA,False
2026-27,3,174874,DEF,90,0.0,0.06,7,0,0,0,1,0,0,0,CRY,True
2026-27,3,176297,MID,69,0.0,0.06,4,0,0,0,3,1,0,0,EVE,False
2026-27,3,176412,FWD,0,0.0,0.0,0,0,0,0,0,0,0,0,MCI,False
2026-27,3,176420,DEF,0,0.0,0.0,0,0,0,0,0,0,0,0,LIV,True
2026-27,3,177815,FWD,72,0.56,0.06,3,0,0,0,1,0,0,1,BHA,False
2026-27,3,178301,FWD,0,0.0,0.0,0,0,0,0,0,0,0,0,HUL,False
2026-27,3,180135,MID,0,0.0,0.0,0,0,0,0,0,0,0,0,BHA,False
2026-27,3,180736,DEF,0,0.0,0.0,0,0,0,0,0,0,0,0,ARS,False
2026-27,3,180974,MID,0,0.0,0.0,0,0,0,0,0,0,0,0,BOU,True
2026-27,3,183015,DEF,0,0.0,0.0,0,0,0,0,0,0,0,0,LIV,True
2026-27,3,183656,MID,0,0.0,0.0,0,0,0,0,0,0,0,0,SUN,True
2026-27,3,184029,MID,76,0.72,0.88,3,0,1,0,10,0,3,0,CHE,True
2026-27,3,184254,GK,0,0.0,0.0,0,0,0,0,0,0,0,0,NFO,False
2026-27,3,184341,MID,0,0.0,0.0,0,0,0,0,0,0,0,0,EVE,False
2026-27,3,184349,DEF,11,0.08,0.32,1,0,0,0,1,0,0,0,CRY,True
2026-27,3,184667,DEF,90,0.0,0.08,4,0,0,0,6,1,0,0,HUL,False
2026-27,3,191866,DEF,90,0.0,0.0,5,0,0,0,2,0,0,0,SUN,True
2026-27,3,193278,DEF,63,0.0,0.01,0,0,0,0,6,1,0,0,AVL,True
2026-27,3,194010,DEF,0,0.0,0.0,0,0,0,0,0,0,0,0,SUN,True
2026-27,3,195384,MID,13,0.0,0.0,0,0,0,0,0,0,0,1,CHE,True
2026-27,3,195546,MID,74,0.61,0.05,2,0,0,0,3,1,0,0,HUL,False
2026-27,3,196100,MID,5,0.0,0.0,2,0,0,0,1,0,0,0,MCI,False
2026-27,3,198869,DEF,90,0.0,0.03,6,0,0,0,2,0,0,0,CHE,True
2026-27,3,199598,MID,90,0.0,0.01,11,0,0,0,2,0,0,0,BHA,False
2026-27,3,199796,DEF,84,0.0,0.03,1,0,0,0,6,1,0,0,HUL,False
2026-27,3,199798,DEF,90,0.0,0.01,10,0,0,0,4,0,0,0,CHE,True
2026-27,3,200089,MID,62,0.36,0.01,3,0,0,0,2,0,0,0,BOU,True
2026-27,3,200617,MID,0,0.0,0.0,0,0,0,0,0,0,0,0,BHA,False
2026-27,3,200641,MID,0,0.0,0.0,0,0,0,0,0,0,0,0,CHE,True
2026-27,3,200720,GK,90,0.0,0.0,0,2,0,0,2,0,0,0,SUN,True
2026-27,3,200785,MID,75,0.0,0.01,12,0,0,0,4,0,0,0,NEW,False
2026-27,3,200834,DEF,90,0.0,0.02,14,0,0,0,4,0,0,0,BRE,False
2026-27,3,201595,GK,0,0.0,0.0,0,0,0,0,0,0,0,0,BHA,False
2026-27,3,201658,MID,88,1.01,0.05,9,0,1,0,10,0,3,0,NEW,False
2026-27,3,201666,MID,90,0.11,0.03,6,0,1,1,12,0,2,0,BOU,True
2026-27,3,201895,DEF,0,0.0,0.0,0,0,0,0,0,0,0,0,BRE,False
2026-27,3,202993,MID,90,0.02,0.01,17,0,0,0,5,1,0,0,NFO,False
2026-27,3,204120,DEF,90,0.0,0.33,4,0,0,0,2,0,0,0,LEE,True
2026-27,3,204480,MID,90,0.03,0.08,6,0,0,1,5,0,0,0,CHE,True
2026-27,3,204561,MID,90,0.03,0.06,10,0,0,0,3,1,0,0,TOT,True
2026-27,3,204580,MID,90,0.11,0.01,12,0,1,0,11,0,3,1,SUN,True
2026-27,3,204813,DEF,0,0.0,0.0,0,0,0,0,0,0,0,0,MCI,False
2026-27,3,204822,DEF,0,0.0,0.0,0,0,0,0,0,0,0,0,TOT,True
2026-27,3,204936,GK,90,0.0,0.0,0,3,0,0,7,1,0,0,COV,True
2026-27,3,204968,MID,0,0.0,0.0,0,0,0,0,0,0,0,0,TOT,True
2026-27,3,205533,FWD,45,0.14,0.0,2,0,0,1,4,0,0,0,FUL,False
2026-27,3,205651,FWD,0,0.0,0.0,0,0,0,0,0,0,0,0,CHE,True
2026-27,3,206915,MID,0,0.0,0.0,0,0,0,0,0,0,0,0,IPS,False
2026-27,3,207189,MID,29,0.0,0.1,2,0,0,0,1,0,0,0,CRY,True
2026-27,3,207283,MID,0,0.0,0.0,0,0,0,0,0,0,0,0,SUN,True
2026-27,3,208481,MID,0,0.0,0.0,0,0,0,0,0,0,0,0,AVL,True
2026-27,3,208706,MID,0,0.0,0.0,0,0,0,0,0,0,0,0,CHE,True
2026-27,3,209036,DEF,90,0.0,0.02,9,0,0,0,8,1,2,0,COV,True
2026-27,3,209046,MID,0,0.0,0.0,0,0,0,0,0,0,0,0,TOT,True
2026-27,3,209244,MID,24,0.62,0.01,1,0,0,0,1,0,0,0,COV,True
2026-27,3,209289,MID,11,0.0,0.0,0,0,0,0,1,0,0,0,CRY,True
2026-27,3,209365,DEF,0,0.0,0.0,0,0,0,0,0,0,0,0,EVE,False
2026-27,3,209400,MID,88,0.0,0.01,4,0,0,1,5,0,0,0,FUL,False
2026-27,3,210156,FWD,70,0.31,0.0,5,0,0,0,2,0,0,0,MCI,False
2026-27,3,210462,MID,0,0.0,0.0,0,0,0,0,0,0,0,0,TOT,True
2026-27,3,212314,MID,90,0.0,0.02,4,0,0,0,2,0,0,0,LIV,True
2026-27,3,212319,FWD,0,0.0,0.0,0,0,0,0,0,0,0,0,NFO,False
2026-27,3,213292,MID,0,0.0,0.0,0,0,0,0,0,0,0,0,AVL,True
2026-27,3,214225,DEF,0,0.0,0.0,0,0,0,0,0,0,0,0,BHA,False
2026-27,3,214285,DEF,0,0.0,0.0,0,0,0,0,0,0,0,0,IPS,False
2026-27,3,214572,GK,0,0.0,0.0,0,0,0,0,0,0,0,0,NFO,False
2026-27,3,214590,DEF,5,0.0,0.0,1,0,0,0,1,0,0,0,HUL,False
2026-27,3,215059,GK,0,0.0,0.0,0,0,0,0,0,0,0,0,ARS,False
2026-27,3,215136,DEF,90,0.0,0.07,6,0,0,0,7,1,1,0,TOT,True
2026-27,3,215379,MID,90,0.02,0.17,11,0,0,0,3,1,0,0,COV,True
2026-27,3,215413,MID,90,0.27,0.07,11,0,0,0,2,0,0,0,MUN,True
2026-27,3,215711,MID,0,0.0,0.0,0,0,0,0,0,0,0,0,HUL,False
2026-27,3,216051,DEF,83,0.01,0.01,4,0,0,0,1,0,0,1,EVE,False
2026-27,3,216055,MID,0,0.0,0.0,0,0,0,0,0,0,0,0,LIV,True
2026-27,3,216094,DEF,0,0.0,0.0,0,0,0,0,0,0,0,0,IPS,False
2026-27,3,216616,DEF,90,0.0,0.01,11,0,0,0,3,0,0,0,LIV,True
2026-27,3,216646,FWD,90,0.0,0.03,3,0,0,0,1,0,0,1,BOU,True
2026-27,3,218364,DEF,0,0.0,0.0,0,0,0,0,0,0,0,0,FUL,False
2026-27,3,218543,MID,77,0.0,0.02,19,0,0,0,4,0,0,0,LIV,True
2026-27,3,218997,FWD,19,0.3,0.0,0,0,0,0,1,0,0,0,MCI,False
2026-27,3,219168,FWD,63,0.21,0.05,3,0,2,0,13,1,3,0,IPS,False
2026-27,3,219249,MID,0,0.0,0.0,0,0,0,0,0,0,0,0,LEE,True
2026-27,3,219847,FWD,77,0.27,0.27,1,0,1,0,8,0,2,0,CHE,True
2026-27,3,219924,DEF,90,0.0,0.01,11,0,0,0,3,0,0,0,LIV,True
2026-27,3,220237,DEF,90,0.0,0.16,9,0,0,0,1,0,0,0,BOU,True
2026-27,3,220362,DEF,90,0.0,0.04,13,0,0,0,3,0,0,0,FUL,False
2026-27,3,220566,MID,0,0.0,0.0,0,0,0,0,0,0,0,0,COV,True
2026-27,3,220583,DEF,0,0.0,0.0,0,0,0,0,0,0,0,0,MCI,False
2026-27,3,220627,DEF,90,0.14,0.0,10,0,0,0,4,0,0,0,BHA,False
2026-27,3,221389,GK,0,0.0,0.0,0,0,0,0,0,0,0,0,TOT,True
2026-27,3,221399,MID,0,0.0,0.0,0,0,0,0,0,0,0,0,BHA,False
2026-27,3,221466,DEF,0,0.0,0.0,0,0,0,0,0,0,0,0,NFO,False
2026-27,3,221632,DEF,0,0.0,0.0,0,0,0,0,0,0,0,0,NFO,False
2026-27,3,221820,DEF,90,0.0,0.0,10,0,0,0,3,0,0,0,EVE,False
2026-27,3,222018,DEF,0,0.0,0.0,0,0,0,0,0,0,0,0,LIV,True
2026-27,3,222531,MID,90,0.48,0.01,7,0,0,0,3,1,0,0,TOT,True
2026-27,3,222625,FWD,0,0.0,0.0,0,0,0,0,0,0,0,0,LIV,True
2026-27,3,222683,MID,75,0.06,0.01,4,0,0,0,1,0,0,1,NEW,False
2026-27,3,222694,DEF,1,0.0,0.0,0,0,0,0,1,0,0,0,LEE,True
2026-27,3,223094,FWD,90,1.06,0.48,7,0,1,0,9,1,3,0,COV,True
2026-27,3,223340,MID,89,0.23,0.23,4,0,0,0,2,0,0,0,CHE,True
2026-27,3,223434,DEF,0,0.0,0.0,0,0,0,0,0,0,0,0,LEE,True
2026-27,3,223541,MID,0,0.0,0.0,0,0,0,0,0,0,0,0,IPS,False
2026-27,3,223723,DEF,0,0.0,0.0,0,0,0,0,0,0,0,0,FUL,False
2026-27,3,223827,DEF,90,0.06,0.14,10,0,0,0,4,0,0,0,BRE,False
2026-27,3,224117,FWD,12,0.0,0.0,1,0,0,0,1,0,0,0,CHE,True
2026-27,3,224967,DEF,90,0.0,0.01,6,0,0,0,1,0,0,0,MUN,True
2026-27,3,225796,DEF,90,0.07,0.05,3,0,0,0,1,0,0,0,ARS,False
2026-27,3,226182,DEF,60,0.9,0.02,2,0,1,0,14,1,3,1,BHA,False
2026-27,3,226597,DEF,90,0.31,0.02,7,0,0,0,2,0,0,0,CHE,True
2026-27,3,226944,MID,90,0.0,0.07,10,0,0,0,3,1,0,0,HUL,False
2026-27,3,226965,MID,0,0.0,0.0,0,0,0,0,0,0,0,0,MCI,False
2026-27,3,227444,DEF,90,0.0,0.01,11,0,0,0,7,1,0,1,TOT,True
2026-27,3,229164,MID,0,0.0,0.0,0,0,0,0,0,0,0,0,LIV,True
2026-27,3,229600,GK,0,0.0,0.0,0,0,0,0,0,0,0,0,MUN,True
2026-27,3,230001,DEF,1,0.0,0.01,1,0,0,0,1,0,0,0,EVE,False
2026-27,3,230650,GK,0,0.0,0.0,0,0,0,0,0,0,0,0,NEW,False
2026-27,3,230730,FWD,19,0.0,0.0,3,0,0,0,1,0,0,0,MCI,False
2026-27,3,231065,DEF,90,0.11,0.0,13,0,0,0,3,0,0,1,MCI,False
2026-27,3,231416,DEF,77,0.06,0.01,5,0,0,0,2,0,0,0,LEE,True
2026-27,3,231747,FWD,0,0.0,0.0,0,0,0,0,0,0,0,0,FUL,False
2026-27,3,231899,MID,0,0.0,0.0,0,0,0,0,0,0,0,0,LIV,True
2026-27,3,232112,MID,0,0.0,0.0,0,0,0,0,0,0,0,0,EVE,False
2026-27,3,232185,MID,0,0.0,0.0,0,0,0,0,0,0,0,0,FUL,False
2026-27,3,232351,DEF,90,0.0,0.04,4,0,0,0,8,1,2,0,AVL,True
2026-27,3,232413,MID,0,0.0,0.0,0,0,0,0,0,0,0,0,CHE,True
2026-27,3,232457,MID,0,0.0,0.0,0,0,0,0,0,0,0,0,LIV,True
2026-27,3,232571,GK,0,0.0,0.0,0,0,0,0,0,0,0,0,BRE,False
2026-27,3,232653,MID,27,0.11,0.02,4,0,1,0,6,0,0,0,BOU,True
2026-27,3,232787,MID,83,0.0,0.06,11,0,0,0,3,1,0,0,NFO,False
2026-27,3,232859,DEF,0,0.0,0.0,0,0,0,0,0,0,0,0,NFO,False
2026-27,3,232892,DEF,90,0.0,0.04,2,0,0,0,1,0,0,0,CRY,True
2026-27,3,232905,MID,0,0.0,0.0,0,0,0,0,0,0,0,0,AVL,True
2026-27,3,232928,MID,76,0.0,0.08,8,0,0,0,2,0,0,0,MUN,True
2026-27,3,235826,FWD,0,0.0,0.0,0,0,0,0,0,0,0,0,BHA,False
2026-27,3,240514,GK,90,0.0,0.0,0,5,0,0,2,0,0,0,LIV,True
2026-27,3,241117,MID,0,0.0,0.0,0,0,0,0,0,0,0,0,LIV,True
2026-27,3,241293,MID,70,0.0,0.0,5,0,0,0,2,0,0,0,MCI,False
2026-27,3,242313,DEF,1,0.0,0.0,1,0,0,0,1,0,0,0,FUL,False
2026-27,3,242880,DEF,0,0.0,0.0,0,0,0,0,0,0,0,0,ARS,False
2026-27,3,242882,DEF,0,0.0,0.0,0,0,0,0,0,0,0,0,NEW,False
2026-27,3,242898,MID,65,0.05,0.04,8,0,0,0,1,0,0,1,MUN,True
2026-27,3,243016,MID,83,0.08,0.02,11,0,0,0,2,1,0,1,IPS,False
2026-27,3,243298,MID,90,0.06,0.4,10,0,0,2,11,1,2,0,IPS,False
2026-27,3,243413,MID,90,0.04,0.01,6,0,0,0,3,1,0,0,AVL,True
2026-27,3,243526,DEF,90,0.0,0.0,5,0,0,0,2,0,0,0,BHA,False
2026-27,3,243571,DEF,0,0.0,0.0,0,0,0,0,0,0,0,0,MUN,True
2026-27,3,243951,MID,27,0.0,0.04,1,0,0,0,1,0,0,0,AVL,True
2026-27,3,244042,FWD,7,0.38,0.0,0,0,0,0,1,0,0,0,CRY,True
2026-27,3,244723,DEF,73,0.66,0.01,6,0,2,0,15,0,2,0,FUL,False
2026-27,3,244850,MID,86,0.08,0.03,5,0,1,0,6,0,0,1,ARS,False
2026-27,3,244851,MID,90,0.11,0.04,3,0,0,0,1,0,0,1,ARS,False
2026-27,3,244858,MID,0,0.0,0.0,0,0,0,0,0,0,0,0,SUN,True
2026-27,3,244860,MID,15,0.04,0.09,1,0,0,1,4,0,0,0,MUN,True
2026-27,3,244954,DEF,0,0.0,0.0,0,0,0,0,0,0,0,0,HUL,False
2026-27,3,245719,DEF,0,0.0,0.0,0,0,0,0,0,0,0,0,HUL,False
2026-27,3,246301,DEF,0,0.0,0.0,0,0,0,0,0,0,0,0,CRY,True
2026-27,3,247348,DEF,31,0.03,0.0,1,0,0,0,1,0,0,0,TOT,True
2026-27,3,247412,FWD,45,0.0,0.0,4,0,0,0,1,0,0,0,FUL,False
2026-27,3,247632,MID,80,0.03,0.03,7,0,0,0,2,0,0,0,ARS,False
2026-27,3,248056,MID,72,0.53,0.01,8,0,0,1,5,0,0,0,BHA,False
2026-27,3,248857,MID,1,0.0,0.01,1,0,0,0,1,0,0,0,CHE,True
2026-27,3,248875,MID,0,0.0,0.0,0,0,0,0,0,0,0,0,COV,True
2026-27,3,249231,MID,90,0.24,0.4,6,0,0,0,2,0,0,0,SUN,True
2026-27,3,250199,MID,0,0.0,0.0,0,0,0,0,0,0,0,0,TOT,True
2026-27,3,424876,MID,90,0.16,0.08,9,0,0,0,3,1,0,0,IPS,False
2026-27,3,427623,DEF,90,0.04,0.0,9,0,0,0,1,0,0,0,FUL,False
2026-27,3,427637,MID,28,0.0,0.0,0,0,0,0,1,0,0,0,BHA,False
2026-27,3,428580,MID,62,0.0,0.0,3,0,0,0,2,0,0,0,MCI,False
2026-27,3,428971,GK,0,0.0,0.0,0,0,0,0,0,0,0,0,TOT,True
2026-27,3,430871,MID,69,0.12,0.05,3,0,0,0,3,1,0,0,EVE,False
2026-27,3,431639,FWD,24,0.02,0.01,0,0,0,0,1,0,0,0,LIV,True
2026-27,3,432422,MID,90,0.0,0.01,12,0,0,0,5,1,0,0,NFO,False
2026-27,3,432714,MID,90,0.13,0.22,7,0,0,0,2,1,0,1,TOT,True
2026-27,3,432720,GK,90,0.0,0.0,0,4,0,0,3,0,0,0,BHA,False
2026-27,3,432830,DEF,16,0.0,0.0,1,0,0,0,1,0,0,0,SUN,True
2026-27,3,432987,GK,0,0.0,0.0,0,0,0,0,0,0,0,0,IPS,False
2026-27,3,433036,MID,0,0.0,0.0,0,0,0,0,0,0,0,0,COV,True
2026-27,3,433154,MID,0,0.0,0.0,0,0,0,0,0,0,0,0,FUL,False
2026-27,3,433590,DEF,0,0.0,0.0,0,0,0,0,0,0,0,0,AVL,True
2026-27,3,433969,GK,90,0.0,0.0,0,4,0,0,10,1,3,0,HUL,False
2026-27,3,434399,DEF,90,0.0,0.01,7,0,0,0,2,0,0,0,BRE,False
2026-27,3,434752,DEF,29,0.0,0.0,4,0,0,0,1,0,0,0,BHA,False
2026-27,3,435997,MID,61,0.0,0.01,0,0,0,0,3,1,0,0,BHA,False
2026-27,3,436761,DEF,0,0.0,0.0,0,0,0,0,0,0,0,0,MCI,False
2026-27,3,436893,DEF,0,0.0,0.0,0,0,0,0,0,0,0,0,NEW,False
2026-27,3,437495,GK,0,0.0,0.0,0,0,0,0,0,0,0,0,CHE,True
2026-27,3,437497,DEF,0,0.0,0.0,0,0,0,0,0,0,0,0,BHA,False
2026-27,3,437499,DEF,90,0.0,0.01,11,0,0,0,2,0,0,1,ARS,False
2026-27,3,437505,FWD,26,0.1,0.01,2,0,0,1,4,0,0,0,BRE,False
2026-27,3,437730,MID,90,0.05,0.34,4,0,0,1,6,1,0,0,COV,True
2026-27,3,437738,DEF,0,0.0,0.0,0,0,0,0,0,0,0,0,BHA,False
2026-27,3,438098,MID,0,0.0,0.0,0,0,0,0,0,0,0,0,CHE,True
2026-27,3,438234,FWD,83,0.17,0.01,0,0,0,0,2,1,0,0,NFO,False
2026-27,3,438464,MID,0,0.0,0.0,0,0,0,0,0,0,0,0,FUL,False
2026-27,3,439509,MID,90,0.0,0.2,8,0,0,1,5,0,1,1,CHE,True
2026-27,3,439668,MID,0,0.0,0.0,0,0,0,0,0,0,0,0,MCI,False
2026-27,3,440089,MID,85,0.0,0.21,4,0,0,1,8,0,3,0,SUN,True
2026-27,3,440993,MID,86,0.02,0.04,5,0,0,0,3,1,0,0,COV,True
2026-27,3,441164,DEF,90,0.03,0.06,4,0,0,0,7,1,1,0,NFO,False
2026-27,3,441191,DEF,1,0.0,0.0,0,0,0,0,1,0,0,0,BOU,True
2026-27,3,441264,FWD,90,0.26,0.06,3,0,0,0,2,0,0,0,BRE,False
2026-27,3,441266,MID,26,0.0,0.0,2,0,0,0,1,0,0,0,IPS,False
2026-27,3,441302,DEF,74,0.0,0.42,3,0,0,0,7,1,1,0,HUL,False
2026-27,3,442299,DEF,0,0.0,0.0,0,0,0,0,0,0,0,0,CRY,True
2026-27,3,442967,MID,65,0.04,0.0,5,0,0,0,2,0,0,0,LIV,True
2026-27,3,443261,MID,24,0.05,0.02,2,0,0,0,1,0,0,0,LIV,True
2026-27,3,444102,FWD,90,0.13,0.01,7,0,0,0,2,0,0,0,NEW,False
2026-27,3,444145,MID,0,0.0,0.0,0,0,0,0,0,0,0,0,CHE,True
2026-27,3,444172,GK,0,0.0,0.0,0,0,0,0,0,0,0,0,NEW,False
2026-27,3,444180,MID,45,0.05,0.01,4,0,0,0,1,0,0,0,SUN,True
2026-27,3,444307,GK,0,0.0,0.0,0,0,0,0,0,0,0,0,AVL,True
2026-27,3,444463,DEF,90,0.0,0.04,17,0,0,0,3,0,0,0,ARS,False
2026-27,3,444765,DEF,0,0.0,0.0,0,0,0,0,0,0,0,0,SUN,True
2026-27,3,444884,MID,0,0.0,0.0,0,0,0,0,0,0,0,0,IPS,False
2026-27,3,445028,MID,0,0.0,0.0,0,0,0,0,0,0,0,0,AVL,True
2026-27,3,445044,MID,0,0.0,0.0,0,0,0,0,0,0,0,0,NFO,False
2026-27,3,445087,DEF,90,0.0,0.01,10,0,0,0,8,1,0,0,IPS,False
2026-27,3,445122,DEF,0,0.0,0.0,0,0,0,0,0,0,0,0,CHE,True
2026-27,3,446008,MID,90,0.05,0.03,8,0,1,0,8,0,1,0,EVE,False
2026-27,3,448047,MID,75,0.13,0.12,3,0,0,0,3,1,0,0,COV,True
2026-27,3,448089,MID,0,0.0,0.0,0,0,0,0,0,0,0,0,HUL,False
2026-27,3,448104,DEF,23,0.0,0.0,3,0,0,0,1,0,0,0,CHE,True
2026-27,3,448514,DEF,0,0.0,0.0,0,0,0,0,0,0,0,0,COV,True
2026-27,3,449027,GK,0,0.0,0.0,0,0,0,0,0,0,0,0,IPS,False
2026-27,3,449428,DEF,0,0.0,0.0,0,0,0,0,0,0,0,0,AVL,True
2026-27,3,449429,DEF,90,0.0,0.04,7,0,0,0,1,0,0,0,LIV,True
2026-27,3,449434,MID,76,0.0,0.23,4,0,0,0,1,0,0,1,BOU,True
2026-27,3,449871,MID,0,0.0,0.0,0,0,0,0,0,0,0,0,HUL,False
2026-27,3,450063,MID,73,0.02,0.0,6,0,0,0,2,0,0,0,FUL,False
2026-27,3,450542,MID,0,0.0,0.0,0,0,0,0,0,0,0,0,FUL,False
2026-27,3,451284,DEF,90,0.0,0.06,11,0,0,0,3,0,0,1,MCI,False
2026-27,3,451302,GK,0,0.0,0.0,0,0,0,0,0,0,0,0,EVE,False
2026-27,3,451340,MID,0,0.0,0.0,0,0,0,0,0,0,0,0,LEE,True
2026-27,3,451490,DEF,12,0.0,0.16,1,0,0,0,1,0,0,0,LEE,True
2026-27,3,454490,DEF,0,0.0,0.0,0,0,0,0,0,0,0,0,LEE,True
2026-27,3,455084,DEF,90,0.11,0.12,6,0,0,0,1,0,0,0,LIV,True
2026-27,3,456512,MID,58,0.0,0.0,5,0,0,0,1,0,0,0,TOT,True
2026-27,3,457569,GK,90,0.0,0.0,0,0,0,0,1,0,0,0,NEW,False
2026-27,3,458249,FWD,0,0.0,0.0,0,0,0,0,0,0,0,0,EVE,False
2026-27,3,460028,DEF,0,0.0,0.0,0,0,0,0,0,0,0,0,ARS,False
2026-27,3,460842,MID,29,0.0,0.16,3,0,0,0,1,0,0,0,NFO,False
2026-27,3,461102,DEF,90,0.22,0.17,12,0,0,0,4,0,0,0,MCI,False
2026-27,3,461199,MID,0,0.0,0.0,0,0,0,0,0,0,0,0,BRE,False
2026-27,3,461587,MID,11,0.05,0.0,1,0,0,0,1,0,0,0,LIV,True
2026-27,3,462387,FWD,0,0.0,0.0,0,0,0,0,0,0,0,0,LIV,True
2026-27,3,462424,DEF,0,0.0,0.0,0,0,0,0,0,0,0,0,CHE,True
2026-27,3,462635,MID,0,0.0,0.0,0,0,0,0,0,0,0,0,AVL,True
2026-27,3,463034,FWD,73,0.06,0.06,5,0,0,0,2,1,0,0,TOT,True
2026-27,3,463067,FWD,0,0.0,0.0,0,0,0,0,0,0,0,0,LEE,True
2026-27,3,463210,MID,78,0.0,0.09,11,0,0,0,2,0,0,0,CRY,True
2026-27,3,463726,DEF,90,0.11,0.02,1,0,0,0,1,0,0,0,BOU,True
2026-27,3,463936,MID,0,0.0,0.0,0,0,0,0,0,0,0,0,ARS,False
2026-27,3,463981,DEF,90,0.0,0.02,6,0,0,0,1,0,0,0,NEW,False
2026-27,3,464353,GK,0,0.0,0.0,0,0,0,0,0,0,0,0,IPS,False
2026-27,3,465247,GK,90,0.0,0.0,0,4,0,0,2,0,0,0,EVE,False
2026-27,3,465351,DEF,0,0.0,0.0,0,0,0,0,0,0,0,0,COV,True
2026-27,3,465390,DEF,0,0.0,0.0,0,0,0,0,0,0,0,0,MCI,False
2026-27,3,465525,MID,0,0.0,0.0,0,0,0,0,0,0,0,0,AVL,True
2026-27,3,465642,DEF,90,0.0,0.05,3,0,0,0,-1,0,0,0,BOU,True
2026-27,3,465680,FWD,0,0.0,0.0,0,0,0,0,0,0,0,0,TOT,True
2026-27,3,465694,MID,76,0.0,0.01,7,0,0,0,2,0,0,0,BOU,True
2026-27,3,465730,DEF,76,0.0,0.14,2,0,0,1,4,0,0,1,LEE,True
2026-27,3,465920,MID,16,0.0,0.0,0,0,0,0,1,0,0,0,NFO,False
2026-27,3,466052,MID,65,0.21,0.3,3,0,0,0,3,1,0,0,COV,True
2026-27,3,466075,DEF,66,0.39,0.03,1,0,0,0,2,0,0,0,CHE,True
2026-27,3,466525,MID,90,0.32,0.1,6,0,0,0,2,0,0,0,BHA,False
2026-27,3,467779,DEF,0,0.0,0.0,0,0,0,0,0,0,0,0,LEE,True
2026-27,3,469142,DEF,90,0.09,0.01,4,0,0,0,8,1,2,0,NFO,False
2026-27,3,469247,MID,0,0.0,0.0,0,0,0,0,0,0,0,0,HUL,False
2026-27,3,469266,MID,81,0.0,0.01,10,0,0,0,2,1,0,1,AVL,True
2026-27,3,469272,MID,27,0.1,0.03,1,0,0,0,1,0,0,0,MCI,False
2026-27,3,470294,MID,0,0.0,0.0,0,0,0,0,0,0,0,0,AVL,True
2026-27,3,470313,FWD,0,0.0,0.0,0,0,0,0,0,0,0,0,BOU,True
2026-27,3,470315,DEF,0,0.0,0.0,0,0,0,0,0,0,0,0,TOT,True
2026-27,3,470551,GK,90,0.0,0.0,0,4,0,0,2,0,0,0,BOU,True
2026-27,3,471551,MID,0,0.0,0.0,0,0,0,0,0,0,0,0,LEE,True
2026-27,3,472713,DEF,45,0.0,0.0,5,0,0,0,1,0,0,0,SUN,True
2026-27,3,472739,GK,90,0.0,0.0,0,2,0,0,2,0,0,0,MCI,False
2026-27,3,472769,DEF,0,0.0,0.0,0,0,0,0,0,0,0,0,COV,True
2026-27,3,473284,GK,90,0.0,0.0,0,1,0,0,6,1,0,0,AVL,True
2026-27,3,474120,MID,90,0.24,0.02,5,0,0,0,1,0,0,1,LIV,True
2026-27,3,475168,FWD,90,0.02,0.05,1,0,0,0,1,0,0,1,ARS,False
2026-27,3,476887,MID,0,0.0,0.0,0,0,0,0,0,0,0,0,TOT,True
2026-27,3,477064,DEF,0,0.0,0.0,0,0,0,0,0,0,0,0,COV,True
2026-27,3,477424,DEF,90,0.01,0.02,8,0,0,0,8,1,2,0,COV,True
2026-27,3,477547,DEF,0,0.0,0.0,0,0,0,0,0,0,0,0,BRE,False
2026-27,3,477555,MID,78,0.32,0.65,4,0,0,0,2,0,0,0,CRY,True
2026-27,3,480455,DEF,90,0.08,0.0,11,0,0,0,3,0,0,0,MUN,True
2026-27,3,480457,MID,62,0.29,0.09,5,0,0,0,2,0,0,0,MCI,False
2026-27,3,481624,MID,0,0.0,0.0,0,0,0,0,0,0,0,0,LIV,True
2026-27,3,481655,MID,23,0.08,0.02,4,0,0,0,1,0,0,0,CHE,True
2026-27,3,482442,MID,0,0.0,0.0,0,0,0,0,0,0,0,0,NFO,False
2026-27,3,482609,DEF,30,0.04,0.01,2,0,0,0,1,0,0,0,ARS,False
2026-27,3,482616,MID,26,0.0,0.07,0,0,0,0,1,0,0,0,IPS,False
2026-27,3,482973,FWD,31,0.0,0.0,1,0,0,0,1,0,0,0,TOT,True
2026-27,3,483067,DEF,90,0.02,0.01,8,0,0,0,1,0,0,0,NEW,False
2026-27,3,484389,GK,0,0.0,0.0,0,0,0,0,0,0,0,0,MCI,False
2026-27,3,484420,MID,90,0.84,0.03,6,0,1,0,8,0,1,0,BRE,False
2026-27,3,485047,DEF,0,0.0,0.0,0,0,0,0,0,0,0,0,TOT,True
2026-27,3,485055,GK,90,0.0,0.0,0,1,0,0,6,1,0,0,NFO,False
2026-27,3,485337,MID,0,0.0,0.0,0,0,0,0,0,0,0,0,FUL,False
2026-27,3,485711,FWD,20,0.29,0.0,0,0,1,0,5,0,0,0,EVE,False
2026-27,3,486385,FWD,0,0.0,0.0,0,0,0,0,0,0,0,0,MUN,True
2026-27,3,486520,MID,0,0.0,0.0,0,0,0,0,0,0,0,0,BHA,False
2026-27,3,486672,MID,0,0.0,0.0,0,0,0,0,0,0,0,0,ARS,False
2026-27,3,487053,DEF,60,0.0,0.02,3,0,0,0,5,1,0,1,NFO,False
2026-27,3,487117,FWD,0,0.0,0.0,0,0,0,0,0,0,0,0,LEE,True
2026-27,3,487676,DEF,26,0.0,0.0,2,0,0,0,1,0,0,0,BRE,False
2026-27,3,487838,DEF,89,0.01,0.01,6,0,0,1,4,0,0,0,BOU,True
2026-27,3,487992,DEF,15,0.0,0.01,1,0,0,0,1,0,0,0,HUL,False
2026-27,3,488024,MID,88,0.25,0.3,5,0,0,1,5,0,0,0,FUL,False
2026-27,3,489580,DEF,0,0.0,0.0,0,0,0,0,0,0,0,0,IPS,False
2026-27,3,489639,GK,90,0.0,0.2,0,3,0,0,3,0,0,0,LEE,True
2026-27,3,489706,MID,0,0.0,0.0,0,0,0,0,0,0,0,0,FUL,False
2026-27,3,489888,MID,0,0.0,0.0,0,0,0,0,0,0,0,0,NEW,False
2026-27,3,490094,MID,0,0.0,0.0,0,0,0,0,0,0,0,0,AVL,True
2026-27,3,490145,FWD,0,0.0,0.0,0,0,0,0,0,0,0,0,NFO,False
2026-27,3,490161,MID,0,0.0,0.0,0,0,0,0,0,0,0,0,AVL,True
2026-27,3,490881,MID,0,0.0,0.0,0,0,0,0,0,0,0,0,EVE,False
2026-27,3,490884,MID,8,0.05,0.0,0,0,0,0,1,0,0,0,AVL,True
2026-27,3,491007,MID,0,0.0,0.0,0,0,0,0,0,0,0,0,ARS,False
2026-27,3,491279,DEF,90,0.57,0.0,9,0,0,0,9,1,3,0,NFO,False
2026-27,3,491501,MID,0,0.0,0.0,0,0,0,0,0,0,0,0,IPS,False
2026-27,3,492498,MID,0,0.0,0.0,0,0,0,0,0,0,0,0,MCI,False
2026-27,3,492777,DEF,0,0.0,0.0,0,0,0,0,0,0,0,0,IPS,False
2026-27,3,492859,MID,0,0.0,0.0,0,0,0,0,0,0,0,0,BHA,False
2026-27,3,493105,MID,15,0.0,0.0,0,0,0,0,1,0,0,0,HUL,False
2026-27,3,493250,MID,0,0.0,0.0,0,0,0,0,0,0,0,0,EVE,False
2026-27,3,493362,MID,0,0.0,0.0,0,0,0,0,0,0,0,0,NFO,False
2026-27,3,494307,DEF,0,0.0,0.0,0,0,0,0,0,0,0,0,COV,True
2026-27,3,494521,DEF,90,0.01,0.06,6,0,0,0,0,0,0,1,NEW,False
2026-27,3,494595,MID,90,0.18,0.05,4,0,0,0,3,1,0,0,IPS,False
2026-27,3,494928,DEF,0,0.0,0.0,0,0,0,0,0,0,0,0,NEW,False
2026-27,3,494950,GK,0,0.0,0.0,0,0,0,0,0,0,0,0,AVL,True
2026-27,3,496181,DEF,26,0.0,0.0,1,0,0,0,1,0,0,0,AVL,True
2026-27,3,496208,MID,1,0.02,0.0,2,0,0,0,1,0,0,0,NEW,False
2026-27,3,496221,MID,90,0.0,0.01,8,0,0,0,2,0,0,0,FUL,False
2026-27,3,496661,MID,0,0.0,0.0,0,0,0,0,0,0,0,0,MUN,True
2026-27,3,498016,GK,90,0.0,0.0,0,1,0,0,2,0,0,0,BRE,False
2026-27,3,498444,DEF,30,0.0,0.0,2,0,0,0,1,0,0,0,ARS,False
2026-27,3,499169,MID,66,0.03,0.1,2,0,0,0,2,0,0,0,CHE,True
2026-27,3,499175,MID,0,0.0,0.0,0,0,0,0,0,0,0,0,CHE,True
2026-27,3,499300,DEF,0,0.0,0.0,0,0,0,0,0,0,0,0,MUN,True
2026-27,3,499309,FWD,0,0.0,0.0,0,0,0,0,0,0,0,0,ARS,False
2026-27,3,499604,MID,88,0.04,0.01,2,0,0,0,2,0,0,0,NEW,False
2026-27,3,499716,DEF,0,0.0,0.0,0,0,0,0,0,0,0,0,NFO,False
2026-27,3,499721,MID,0,0.0,0.0,0,0,0,0,0,0,0,0,NFO,False
2026-27,3,499726,MID,0,0.0,0.0,0,0,0,0,0,0,0,0,NFO,False
2026-27,3,500033,MID,0,0.0,0.0,0,0,0,0,0,0,0,0,CRY,True
2026-27,3,500040,DEF,0,0.0,0.0,0,0,0,0,0,0,0,0,CHE,True
2026-27,3,500058,FWD,0,0.0,0.0,0,0,0,0,0,0,0,0,IPS,False
2026-27,3,500151,DEF,0,0.0,0.0,0,0,0,0,0,0,0,0,TOT,True
2026-27,3,500957,FWD,0,0.0,0.0,0,0,0,0,0,0,0,0,AVL,True
2026-27,3,501390,MID,0,0.0,0.0,0,0,0,0,0,0,0,0,LIV,True
2026-27,3,501459,MID,0,0.0,0.0,0,0,0,0,0,0,0,0,MCI,False
2026-27,3,501902,DEF,0,0.0,0.0,0,0,0,0,0,0,0,0,AVL,True
2026-27,3,502500,FWD,90,0.5,0.01,6,0,0,0,2,0,0,0,SUN,True
2026-27,3,502697,MID,0,0.0,0.0,0,0,0,0,0,0,0,0,MUN,True
2026-27,3,503037,FWD,0,0.0,0.0,0,0,0,0,0,0,0,0,ARS,False
2026-27,3,503139,MID,90,0.07,0.02,11,0,0,2,10,0,2,0,NEW,False
2026-27,3,503301,MID,0,0.0,0.0,0,0,0,0,0,0,0,0,TOT,True
2026-27,3,505079,GK,0,0.0,0.0,0,0,0,0,0,0,0,0,CRY,True
2026-27,3,507433,GK,0,0.0,0.0,0,0,0,0,0,0,0,0,SUN,True
2026-27,3,508395,MID,45,0.03,0.02,5,0,0,0,0,0,0,1,SUN,True
2026-27,3,508479,GK,0,0.0,0.0,0,0,0,0,0,0,0,0,ARS,False
2026-27,3,509416,MID,90,0.17,0.04,3,0,0,0,2,0,0,0,LEE,True
2026-27,3,510281,MID,60,0.02,0.27,0,0,0,0,3,1,0,0,NFO,False
2026-27,3,510663,FWD,0,0.0,0.0,0,0,0,0,0,0,0,0,IPS,False
2026-27,3,511499,MID,73,0.0,0.05,2,0,0,0,3,1,0,0,NFO,False
2026-27,3,512123,DEF,0,0.0,0.0,0,0,0,0,0,0,0,0,LEE,True
2026-27,3,512462,DEF,0,0.0,0.0,0,0,0,0,0,0,0,0,MUN,True
2026-27,3,513086,DEF,73,0.1,0.01,10,0,0,0,4,0,0,0,SUN,True
2026-27,3,513418,MID,90,0.0,0.17,5,0,0,0,2,0,0,0,SUN,True
2026-27,3,513466,MID,74,0.0,0.13,6,0,0,0,1,0,0,1,MUN,True
2026-27,3,513545,MID,45,0.15,0.01,5,0,0,0,0,0,0,1,SUN,True
2026-27,3,514254,MID,90,0.09,0.05,9,0,0,0,2,0,0,0,LEE,True
2026-27,3,514356,MID,59,0.0,0.01,6,0,0,0,1,0,0,0,ARS,False
2026-27,3,514514,MID,1,0.0,0.0,0,0,0,0,1,0,0,0,IPS,False
2026-27,3,515046,GK,0,0.0,0.0,0,0,0,0,0,0,0,0,BRE,False
2026-27,3,515597,MID,0,0.0,0.0,0,0,0,0,0,0,0,0,HUL,False
2026-27,3,515621,DEF,0,0.0,0.0,0,0,0,0,0,0,0,0,FUL,False
2026-27,3,516895,MID,83,0.0,0.07,15,0,0,1,9,0,2,0,EVE,False
2026-27,3,517052,FWD,84,0.24,0.44,2,0,0,0,2,1,0,0,HUL,False
2026-27,3,519324,MID,0,0.0,0.0,0,0,0,0,0,0,0,0,LEE,True
2026-27,3,519440,DEF,0,0.0,0.0,0,0,0,0,0,0,0,0,IPS,False
2026-27,3,519634,DEF,0,0.0,0.0,0,0,0,0,0,0,0,0,BRE,False
2026-27,3,519913,MID,0,0.0,0.0,0,0,0,0,0,0,0,0,EVE,False
2026-27,3,522047,DEF,90,0.0,0.01,13,0,0,0,4,0,0,0,BHA,False
2026-27,3,523700,FWD,1,0.0,0.0,0,0,0,0,1,0,0,0,NEW,False
2026-27,3,524180,MID,0,0.0,0.0,0,0,0,0,0,0,0,0,LIV,True
2026-27,3,531442,MID,78,0.03,0.15,6,0,0,0,2,0,0,0,LIV,True
2026-27,3,532529,MID,0,0.0,0.0,0,0,0,0,0,0,0,0,LEE,True
2026-27,3,532605,MID,6,0.0,0.01,4,0,0,0,1,0,0,0,EVE,False
2026-27,3,533463,MID,45,0.0,0.01,11,0,0,0,1,0,0,0,SUN,True
2026-27,3,533646,MID,1,0.0,0.0,1,0,0,0,1,0,0,0,FUL,False
2026-27,3,534392,FWD,0,0.0,0.0,0,0,0,0,0,0,0,0,AVL,True
2026-27,3,535301,MID,0,0.0,0.0,0,0,0,0,0,0,0,0,EVE,False
2026-27,3,535818,MID,0,0.0,0.0,0,0,0,0,0,0,0,0,BRE,False
2026-27,3,535928,MID,0,0.0,0.0,0,0,0,0,0,0,0,0,IPS,False
2026-27,3,536661,MID,63,0.0,0.07,5,0,0,0,2,0,0,0,BRE,False
2026-27,3,536694,MID,0,0.0,0.0,0,0,0,0,0,0,0,0,FUL,False
2026-27,3,536916,MID,0,0.0,0.0,0,0,0,0,0,0,0,0,LEE,True
2026-27,3,538007,FWD,13,0.42,0.0,0,0,0,0,0,0,0,1,LEE,True
2026-27,3,538207,FWD,0,0.0,0.0,0,0,0,0,0,0,0,0,BOU,True
2026-27,3,538638,DEF,0,0.0,0.0,0,0,0,0,0,0,0,0,TOT,True
2026-27,3,539142,DEF,90,0.0,0.34,3,0,0,0,2,0,0,0,MCI,False
2026-27,3,540324,MID,81,0.03,0.01,12,0,0,0,5,1,0,0,AVL,True
2026-27,3,543158,MID,0,0.0,0.0,0,0,0,0,0,0,0,0,ARS,False
2026-27,3,543295,MID,0,0.0,0.0,0,0,0,0,0,0,0,0,SUN,True
2026-27,3,543968,FWD,65,0.22,0.0,3,0,0,0,2,0,0,0,LIV,True
2026-27,3,544877,DEF,90,0.0,0.03,5,0,0,0,5,1,0,1,IPS,False
2026-27,3,545477,DEF,0,0.0,0.0,0,0,0,0,0,0,0,0,BOU,True
2026-27,3,546600,GK,0,0.0,0.0,0,0,0,0,0,0,0,0,LIV,True
2026-27,3,547027,MID,0,0.0,0.0,0,0,0,0,0,0,0,0,BRE,False
2026-27,3,547037,MID,0,0.0,0.0,0,0,0,0,0,0,0,0,EVE,False
2026-27,3,547676,DEF,0,0.0,0.0,0,0,0,0,0,0,0,0,EVE,False
2026-27,3,547686,DEF,0,0.0,0.0,0,0,0,0,0,0,0,0,CRY,True
2026-27,3,547701,MID,0,0.0,0.0,0,0,0,0,0,0,0,0,NFO,False
2026-27,3,547719,MID,62,0.0,0.02,4,0,0,0,2,0,0,0,BOU,True
2026-27,3,548308,DEF,0,0.0,0.0,0,0,0,0,0,0,0,0,NFO,False
2026-27,3,549067,DEF,0,0.0,0.0,0,0,0,0,0,0,0,0,TOT,True
2026-27,3,549074,MID,0,0.0,0.0,0,0,0,0,0,0,0,0,LEE,True
2026-27,3,549653,FWD,0,0.0,0.0,0,0,0,0,0,0,0,0,MCI,False
2026-27,3,549912,MID,0,0.0,0.0,0,0,0,0,0,0,0,0,BRE,False
2026-27,3,549939,GK,0,0.0,0.0,0,0,0,0,0,0,0,0,ARS,False
2026-27,3,549940,MID,16,0.0,0.0,0,0,0,0,1,0,0,0,BRE,False
2026-27,3,550090,DEF,0,0.0,0.0,0,0,0,0,0,0,0,0,LEE,True
2026-27,3,550615,MID,90,0.04,0.07,4,0,1,0,10,0,3,0,MUN,True
2026-27,3,550839,MID,0,0.0,0.0,0,0,0,0,0,0,0,0,NFO,False
2026-27,3,550864,DEF,6,0.0,0.01,3,0,0,0,1,0,0,0,EVE,False
2026-27,3,551050,MID,11,0.13,0.22,1,0,0,0,1,0,0,0,CRY,True
2026-27,3,551210,DEF,59,0.0,0.02,6,0,0,1,3,0,0,0,ARS,False
2026-27,3,551226,MID,7,0.0,0.0,0,0,0,0,0,0,0,1,NFO,False
2026-27,3,551262,FWD,0,0.0,0.0,0,0,0,0,0,0,0,0,MCI,False
2026-27,3,551466,FWD,90,0.44,0.2,7,0,0,0,2,0,0,0,CRY,True
2026-27,3,551499,MID,63,0.0,0.02,4,0,0,0,3,1,0,0,IPS,False
2026-27,3,552946,MID,8,0.0,0.0,1,0,0,0,1,0,0,0,AVL,True
2026-27,3,553746,DEF,0,0.0,0.0,0,0,0,0,0,0,0,0,BOU,True
2026-27,3,553783,MID,0,0.0,0.0,0,0,0,0,0,0,0,0,AVL,True
2026-27,3,554054,DEF,0,0.0,0.0,0,0,0,0,0,0,0,0,COV,True
2026-27,3,554197,MID,0,0.0,0.0,0,0,0,0,0,0,0,0,BRE,False
2026-27,3,554578,GK,0,0.0,0.0,0,0,0,0,0,0,0,0,BOU,True
2026-27,3,556637,MID,0,0.0,0.0,0,0,0,0,0,0,0,0,LEE,True
2026-27,3,557012,FWD,0,0.0,0.0,0,0,0,0,0,0,0,0,LIV,True
2026-27,3,559152,MID,0,0.0,0.0,0,0,0,0,0,0,0,0,FUL,False
2026-27,3,560262,MID,0,0.0,0.0,0,0,0,0,0,0,0,0,NEW,False
2026-27,3,560552,MID,0,0.0,0.0,0,0,0,0,0,0,0,0,CRY,True
2026-27,3,561245,FWD,0,0.0,0.0,0,0,0,0,0,0,0,0,NEW,False
2026-27,3,565297,FWD,0,0.0,0.0,0,0,0,0,0,0,0,0,BHA,False
2026-27,3,567119,FWD,0,0.0,0.0,0,0,0,0,0,0,0,0,ARS,False
2026-27,3,568420,DEF,1,0.0,0.0,0,0,0,0,1,0,0,0,TOT,True
2026-27,3,569577,DEF,0,0.0,0.0,0,0,0,0,0,0,0,0,HUL,False
2026-27,3,570241,DEF,0,0.0,0.0,0,0,0,0,0,0,0,0,SUN,True
2026-27,3,570526,MID,0,0.0,0.0,0,0,0,0,0,0,0,0,NFO,False
2026-27,3,570794,DEF,90,0.72,0.01,10,0,0,0,3,0,0,0,FUL,False
2026-27,3,571380,MID,0,0.0,0.0,0,0,0,0,0,0,0,0,HUL,False
2026-27,3,571779,MID,60,0.8,0.02,0,0,1,0,8,0,1,0,CRY,True
2026-27,3,572584,DEF,12,0.0,0.02,0,0,0,0,1,0,0,0,LIV,True
2026-27,3,574458,DEF,0,0.0,0.0,0,0,0,0,0,0,0,0,ARS,False
2026-27,3,575204,MID,0,0.0,0.0,0,0,0,0,0,0,0,0,COV,True
2026-27,3,575458,DEF,90,0.03,0.01,12,0,0,0,8,1,0,0,TOT,True
2026-27,3,575476,DEF,89,0.17,0.0,10,0,0,0,8,1,0,0,TOT,True
2026-27,3,575901,DEF,0,0.0,0.0,0,0,0,0,0,0,0,0,NEW,False
2026-27,3,576620,MID,0,0.0,0.0,0,0,0,0,0,0,0,0,EVE,False
2026-27,3,576628,MID,0,0.0,0.0,0,0,0,0,0,0,0,0,EVE,False
2026-27,3,577016,DEF,90,0.0,0.01,1,0,0,0,1,0,0,0,ARS,False
2026-27,3,577285,MID,74,0.07,0.14,7,0,0,0,3,1,0,0,HUL,False
2026-27,3,577411,DEF,0,0.0,0.0,0,0,0,0,0,0,0,0,MCI,False
2026-27,3,577669,MID,73,0.28,0.18,3,0,0,0,1,0,0,1,BRE,False
2026-27,3,577725,MID,90,0.31,0.27,7,0,1,0,10,0,3,0,CRY,True
2026-27,3,577974,DEF,0,0.0,0.0,0,0,0,0,0,0,0,0,EVE,False
2026-27,3,578153,DEF,90,0.0,0.02,6,0,0,0,5,1,0,1,COV,True
2026-27,3,578545,DEF,0,0.0,0.0,0,0,0,0,0,0,0,0,HUL,False
2026-27,3,586268,GK,0,0.0,0.0,0,0,0,0,0,0,0,0,IPS,False
2026-27,3,586309,FWD,90,0.38,0.02,4,0,0,0,2,0,0,0,MUN,True
2026-27,3,587982,MID,0,0.0,0.0,0,0,0,0,0,0,0,0,BHA,False
2026-27,3,590014,DEF,0,0.0,0.0,0,0,0,0,0,0,0,0,FUL,False
2026-27,3,590039,MID,0,0.0,0.0,0,0,0,0,0,0,0,0,COV,True
2026-27,3,591386,MID,6,0.0,0.0,0,0,0,0,1,0,0,0,IPS,False
2026-27,3,592031,MID,0,0.0,0.0,0,0,0,0,0,0,0,0,LEE,True
2026-27,3,592740,MID,0,0.0,0.0,0,0,0,0,0,0,0,0,BHA,False
2026-27,3,592984,MID,0,0.0,0.0,0,0,0,0,0,0,0,0,LEE,True
2026-27,3,593117,MID,0,0.0,0.0,0,0,0,0,0,0,0,0,ARS,False
2026-27,3,593174,FWD,0,0.0,0.0,0,0,0,0,0,0,0,0,SUN,True
2026-27,3,595480,MID,0,0.0,0.0,0,0,0,0,0,0,0,0,COV,True
2026-27,3,596047,FWD,0,0.0,0.0,0,0,0,0,0,0,0,0,EVE,False
2026-27,3,596777,MID,20,0.0,0.01,3,0,0,0,1,0,0,0,EVE,False
2026-27,3,597320,MID,0,0.0,0.0,0,0,0,0,0,0,0,0,LEE,True
2026-27,3,597462,DEF,19,0.0,0.0,2,0,0,0,1,0,0,0,AVL,True
2026-27,3,599303,FWD,0,0.0,0.0,0,0,0,0,0,0,0,0,BOU,True
2026-27,3,605972,DEF,0,0.0,0.0,0,0,0,0,0,0,0,0,FUL,False
2026-27,3,606702,DEF,90,0.0,0.03,9,0,0,0,5,1,0,1,IPS,False
2026-27,3,606745,DEF,0,0.0,0.0,0,0,0,0,0,0,0,0,EVE,False
2026-27,3,606798,DEF,0,0.0,0.0,0,0,0,0,0,0,0,0,HUL,False
2026-27,3,606921,MID,0,0.0,0.0,0,0,0,0,0,0,0,0,FUL,False
2026-27,3,606930,DEF,70,0.03,0.0,10,0,0,0,8,1,0,0,AVL,True
2026-27,3,607464,DEF,45,0.03,0.0,5,0,0,0,1,0,0,0,SUN,True
2026-27,3,608181,FWD,0,0.0,0.0,0,0,0,0,0,0,0,0,LEE,True
2026-27,3,608227,MID,62,0.04,0.01,2,0,0,0,3,1,0,0,AVL,True
2026-27,3,609873,MID,90,0.09,0.03,5,0,0,0,1,0,0,1,MUN,True
2026-27,3,610799,DEF,90,0.19,0.01,10,0,1,0,12,0,2,0,LEE,True
2026-27,3,611665,MID,0,0.0,0.0,0,0,0,0,0,0,0,0,BOU,True
2026-27,3,611695,MID,90,0.05,0.09,5,0,0,0,2,0,0,0,LEE,True
2026-27,3,611917,MID,0,0.0,0.0,0,0,0,0,0,0,0,0,NFO,False
2026-27,3,611922,MID,0,0.0,0.0,0,0,0,0,0,0,0,0,IPS,False
2026-27,3,612855,MID,0,0.0,0.0,0,0,0,0,0,0,0,0,LEE,True
2026-27,3,613221,FWD,27,0.0,0.0,1,0,0,0,1,0,0,0,BOU,True
2026-27,3,613804,DEF,0,0.0,0.0,0,0,0,0,0,0,0,0,SUN,True
2026-27,3,614071,MID,0,0.0,0.0,0,0,0,0,0,0,0,0,HUL,False
2026-27,3,614574,MID,0,0.0,0.0,0,0,0,0,0,0,0,0,NEW,False
2026-27,3,616069,MID,0,0.0,0.0,0,0,0,0,0,0,0,0,CRY,True
2026-27,3,616077,MID,0,0.0,0.0,0,0,0,0,0,0,0,0,CHE,True
2026-27,3,616221,DEF,0,0.0,0.0,0,0,0,0,0,0,0,0,NFO,False
2026-27,3,616222,DEF,0,0.0,0.0,0,0,0,0,0,0,0,0,COV,True
2026-27,3,616288,MID,3,0.0,0.0,4,0,0,0,1,0,0,0,COV,True
2026-27,3,620109,DEF,0,0.0,0.0,0,0,0,0,0,0,0,0,ARS,False
2026-27,3,620487,DEF,0,0.0,0.0,0,0,0,0,0,0,0,0,NEW,False
2026-27,3,622758,DEF,0,0.0,0.0,0,0,0,0,0,0,0,0,ARS,False
2026-27,3,624773,MID,9,0.04,0.0,0,0,0,0,1,0,0,0,ARS,False
2026-27,3,624777,MID,0,0.0,0.0,0,0,0,0,0,0,0,0,COV,True
2026-27,3,626751,FWD,0,0.0,0.0,0,0,0,0,0,0,0,0,AVL,True
2026-27,3,627221,FWD,0,0.0,0.0,0,0,0,0,0,0,0,0,MCI,False
2026-27,3,629068,MID,0,0.0,0.0,0,0,0,0,0,0,0,0,MUN,True
2026-27,3,629397,MID,0,0.0,0.0,0,0,0,0,0,0,0,0,MCI,False
2026-27,3,631000,FWD,0,0.0,0.0,0,0,0,0,0,0,0,0,AVL,True
2026-27,3,631786,FWD,0,0.0,0.0,0,0,0,0,0,0,0,0,CRY,True
2026-27,3,632794,MID,0,0.0,0.0,0,0,0,0,0,0,0,0,BOU,True
2026-27,3,636852,MID,13,0.0,0.0,2,0,0,0,1,0,0,0,BOU,True
2026-27,3,637238,MID,14,0.0,0.0,5,0,0,0,1,0,0,0,COV,True
2026-27,3,638411,DEF,0,0.0,0.0,0,0,0,0,0,0,0,0,BRE,False
2026-27,3,638987,MID,0,0.0,0.0,0,0,0,0,0,0,0,0,HUL,False
2026-27,3,640419,DEF,0,0.0,0.0,0,0,0,0,0,0,0,0,NFO,False
2026-27,3,643970,DEF,0,0.0,0.0,0,0,0,0,0,0,0,0,BHA,False
2026-27,3,645618,MID,0,0.0,0.0,0,0,0,0,0,0,0,0,HUL,False
2026-27,3,647681,DEF,0,0.0,0.0,0,0,0,0,0,0,0,0,IPS,False
2026-27,3,647839,MID,0,0.0,0.0,0,0,0,0,0,0,0,0,AVL,True
2026-27,3,647850,FWD,90,0.43,0.02,8,0,0,0,2,0,0,0,LEE,True
2026-27,3,649208,MID,0,0.0,0.0,0,0,0,0,0,0,0,0,COV,True
2026-27,3,651426,DEF,90,0.0,0.0,9,0,0,0,1,0,0,0,FUL,False
2026-27,3,653481,MID,15,0.0,0.0,1,0,0,0,1,0,0,0,HUL,False
2026-27,3,660392,FWD,0,0.0,0.0,0,0,0,0,0,0,0,0,FUL,False
2026-27,3,661313,FWD,0,0.0,0.0,0,0,0,0,0,0,0,0,BRE,False
2026-27,3,661800,DEF,0,0.0,0.0,0,0,0,0,0,0,0,0,AVL,True
2026-27,3,661888,MID,27,0.0,0.0,6,0,0,0,1,0,0,0,MCI,False
2026-27,3,672492,MID,0,0.0,0.0,0,0,0,0,0,0,0,0,FUL,False
2026-27,3,684268,MID,0,0.0,0.0,0,0,0,0,0,0,0,0,MCI,False
2026-27,3,690838,FWD,0,0.0,0.0,0,0,0,0,0,0,0,0,HUL,False
2026-27,3,696104,MID,0,0.0,0.0,0,0,0,0,0,0,0,0,BRE,False
2026-27,3,699989,MID,0,0.0,0.0,0,0,0,0,0,0,0,0,BRE,False
2026-27,3,700308,MID,0,0.0,0.0,0,0,0,0,0,0,0,0,LEE,True
2026-27,4,17761,DEF,90,0.0,0.01,8,0,0,0,8,1,2,0,TOT,False
2026-27,4,21205,GK,0,0.0,0.0,0,0,0,0,0,0,0,0,MCI,True
2026-27,4,40383,GK,0,0.0,0.0,0,0,0,0,0,0,0,0,BRE,True
2026-27,4,49262,GK,0,0.0,0.0,0,0,0,0,0,0,0,0,COV,False
2026-27,4,50093,GK,0,0.0,0.0,0,0,0,0,0,0,0,0,CRY,False
2026-27,4,50175,FWD,12,0.0,0.06,1,0,0,0,1,0,0,0,HUL,True
2026-27,4,54469,DEF,90,0.0,0.01,6,0,0,0,0,0,0,1,BRE,True
2026-27,4,56979,MID,0,0.0,0.0,0,0,0,0,0,0,0,0,HUL,True
2026-27,4,59735,GK,0,0.0,0.0,0,0,0,0,0,0,0,0,MCI,True
2026-27,4,60307,MID,90,0.82,0.19,6,0,1,2,17,1,3,0,COV,False
2026-27,4,60689,FWD,1,0.0,0.0,0,0,0,0,1,0,0,0,AVL,False
2026-27,4,67089,GK,0,0.0,0.0,0,0,0,0,0,0,0,0,EVE,True
2026-27,4,72147,GK,0,0.0,0.0,0,0,0,0,0,0,0,0,NFO,True
2026-27,4,75115,FWD,0,0.0,0.0,0,0,0,0,0,0,0,0,BOU,False
2026-27,4,76357,MID,0,0.0,0.0,0,0,0,0,0,0,0,0,LIV,False
2026-27,4,78916,DEF,0,0.0,0.0,0,0,0,0,0,0,0,0,LEE,False
2026-27,4,79602,GK,0,0.0,0.0,0,0,0,0,0,0,0,0,BHA,True
2026-27,4,80178,DEF,0,0.0,0.0,0,0,0,0,0,0,0,0,BHA,True
2026-27,4,80201,GK,90,0.0,0.0,0,3,0,0,9,1,2,0,LIV,False
2026-27,4,81441,GK,0,0.0,0.0,0,0,0,0,0,0,0,0,LEE,False
2026-27,4,83299,DEF,90,0.03,0.03,6,0,1,0,12,1,0,0,COV,False
2026-27,4,84450,MID,90,0.0,0.37,11,0,0,0,1,0,0,1,ARS,True
2026-27,4,85633,GK,90,0.0,0.0,0,5,0,0,3,0,0,0,AVL,False
2026-27,4,86873,GK,0,0.0,0.0,0,0,0,0,0,0,0,0,LIV,False
2026-27,4,88894,MID,62,0.03,0.01,7,0,0,0,2,0,0,0,NFO,True
2026-27,4,91651,MID,0,0.0,0.0,0,0,0,0,0,0,0,0,MUN,False
2026-27,4,93605,DEF,75,0.13,0.0,2,0,0,0,2,0,0,0,ARS,True
2026-27,4,95658,DEF,90,0.12,0.01,5,0,0,0,1,0,0,1,MCI,True
2026-27,4,97032,DEF,90,0.0,0.01,10,0,0,0,8,1,0,0,FUL,True
2026-27,4,97846,GK,0,0.0,0.0,0,0,0,0,0,0,0,0,NEW,True
2026-27,4,98747,GK,0,0.0,0.0,0,0,0,0,0,0,0,0,LEE,False
2026-27,4,98980,GK,90,0.0,0.0,0,3,0,0,2,0,0,0,HUL,True
2026-27,4,101188,DEF,0,0.0,0.0,0,0,0,0,0,0,0,0,NFO,True
2026-27,4,101282,MID,68,0.0,0.0,10,0,0,0,1,0,0,1,CHE,False
2026-27,4,105666,GK,0,0.0,0.0,0,0,0,0,0,0,0,0,CHE,False
2026-27,4,105717,DEF,0,0.0,0.0,0,0,0,0,0,0,0,0,ARS,True
2026-27,4,106611,DEF,0,0.0,0.0,0,0,0,0,0,0,0,0,TOT,False
2026-27,4,106760,DEF,0,0.0,0.0,0,0,0,0,0,0,0,0,MCI,True
2026-27,4,106921,GK,0,0.0,0.0,0,0,0,0,0,0,0,0,MUN,False
2026-27,4,108413,MID,13,0.0,0.04,4,0,0,0,1,0,0,0,IPS,True
2026-27,4,108416,DEF,90,0.04,0.0,14,0,0,0,2,0,0,1,CHE,False
2026-27,4,108813,GK,0,0.0,0.0,0,0,0,0,0,0,0,0,CRY,False
2026-27,4,109646,DEF,5,0.0,0.0,4,0,0,0,1,0,0,0,EVE,True
2026-27,4,109745,GK,0,0.0,0.0,0,0,0,0,0,0,0,0,SUN,False
2026-27,4,110690,GK,0,0.0,0.0,0,0,0,0,0,0,0,0,BHA,True
2026-27,4,111234,GK,90,0.0,0.0,0,2,0,0,6,1,0,0,TOT,False
2026-27,4,111317,MID,7,0.0,0.0,3,0,0,0,0,0,0,1,BRE,True
2026-27,4,112520,GK,0,0.0,0.0,0,0,0,0,0,0,0,0,CRY,False
2026-27,4,114243,MID,56,0.0,0.14,4,0,0,0,0,0,0,1,LEE,False
2026-27,4,114283,MID,25,0.0,0.01,4,0,0,0,1,0,0,0,TOT,False
2026-27,4,115556,DEF,0,0.0,0.0,0,0,0,0,0,0,0,0,EVE,True
2026-27,4,116535,GK,90,0.0,0.0,0,3,0,0,9,1,2,0,FUL,True
2026-27,4,119090,MID,0,0.0,0.0,0,0,0,0,0,0,0,0,NFO,True
2026-27,4,119471,DEF,0,0.0,0.0,0,0,0,0,0,0,0,0,LEE,False
2026-27,4,121709,GK,90,0.0,0.0,0,3,0,0,2,0,0,0,IPS,True
2026-27,4,122074,GK,0,0.0,0.0,0,0,0,0,0,0,0,0,MUN,False
2026-27,4,122798,DEF,90,0.07,0.09,2,0,0,0,7,1,1,0,EVE,True
2026-27,4,122806,MID,90,0.0,0.11,9,0,0,1,6,0,1,0,NFO,True
2026-27,4,128295,MID,0,0.0,0.0,0,0,0,0,0,0,0,0,TOT,False
2026-27,4,135720,DEF,90,0.0,0.08,4,0,0,0,1,0,0,0,ARS,True
2026-27,4,138001,GK,0,0.0,0.0,0,0,0,0,0,0,0,0,TOT,False
2026-27,4,141746,MID,90,0.03,0.33,7,0,0,0,2,0,0,0,MCI,True
2026-27,4,146426,DEF,90,0.13,0.0,3,0,0,0,1,0,0,0,CHE,False
2026-27,4,147675,FWD,0,0.0,0.0,0,0,0,0,0,0,0,0,CRY,False
2026-27,4,149484,DEF,65,0.09,0.0,5,0,0,0,0,0,0,1,NFO,True
2026-27,4,149929,MID,0,0.0,0.0,0,0,0,0,0,0,0,0,CRY,False
2026-27,4,152551,MID,6,0.0,0.0,1,0,0,0,1,0,0,0,IPS,True
2026-27,4,153133,MID,76,0.15,0.11,4,0,0,0,3,1,0,0,LIV,False
2026-27,4,153366,MID,0,0.0,0.0,0,0,0,0,0,0,0,0,LIV,False
2026-27,4,153682,MID,18,0.0,0.03,2,0,0,0,1,0,0,0,NEW,True
2026-27,4,154043,DEF,74,0.03,0.14,5,0,0,0,6,1,0,0,TOT,False
2026-27,4,154561,GK,90,0.0,0.0,0,2,0,0,14,1,3,0,SUN,False
2026-27,4,154566,FWD,62,0.0,0.01,2,0,0,0,2,1,0,0,EVE,True
2026-27,4,155405,MID,0,0.0,0.0,0,0,0,0,0,0,0,0,MUN,False
2026-27,4,155408,MID,8,0.0,0.0,2,0,0,0,0,0,0,1,BRE,True
2026-27,4,155465,GK,0,0.0,0.0,0,0,0,0,0,0,0,0,NEW,True
2026-27,4,155503,GK,0,0.0,0.0,0,0,0,0,0,0,0,0,FUL,True
2026-27,4,158499,MID,24,0.0,0.12,7,0,0,0,1,0,0,0,BRE,True
2026-27,4,158983,MID,0,0.0,0.0,0,0,0,0,0,0,0,0,FUL,True
2026-27,4,159506,DEF,90,0.0,0.01,8,0,0,0,2,0,0,0,AVL,False
2026-27,4,160817,DEF,0,0.0,0.0,0,0,0,0,0,0,0,0,CHE,False
2026-27,4,166477,DEF,71,0.0,0.01,5,0,0,0,6,1,0,0,LIV,False
2026-27,4,166989,MID,66,0.0,0.04,5,0,0,0,2,0,0,0,MCI,True
2026-27,4,167074,DEF,27,0.0,0.0,3,0,0,0,0,0,0,1,LIV,False
2026-27,4,167512,DEF,0,0.0,0.0,0,0,0,0,0,0,0,0,ARS,True
2026-27,4,167825,GK,0,0.0,0.0,0,0,0,0,0,0,0,0,CHE,False
2026-27,4,168144,MID,83,0.05,0.02,3,0,0,0,2,0,0,0,BHA,True
2026-27,4,168636,FWD,0,0.0,0.0,0,0,0,0,0,0,0,0,BRE,True
2026-27,4,169359,DEF,0,0.0,0.0,0,0,0,0,0,0,0,0,CHE,False
2026-27,4,169432,FWD,81,0.33,0.04,3,0,0,1,4,0,0,1,CHE,False
2026-27,4,169528,DEF,90,0.05,0.05,9,0,0,0,6,1,0,0,LIV,False
2026-27,4,169593,GK,0,0.0,0.0,0,0,0,0,0,0,0,0,IPS,True
2026-27,4,171270,MID,0,0.0,0.0,0,0,0,0,0,0,0,0,CHE,False
2026-27,4,171287,DEF,0,0.0,0.0,0,0,0,0,0,0,0,0,FUL,True
2026-27,4,171314,DEF,90,0.0,0.0,7,0,0,0,6,1,0,0,MUN,False
2026-27,4,172453,MID,0,0.0,0.0,0,0,0,0,0,0,0,0,CRY,False
2026-27,4,172649,GK,0,0.0,0.0,0,0,0,0,0,0,0,0,IPS,True
2026-27,4,172780,MID,13,0.0,0.01,3,0,0,0,1,0,0,0,EVE,True
2026-27,4,172850,DEF,13,0.12,0.01,1,0,0,0,1,0,0,0,IPS,True
2026-27,4,173774,DEF,90,0.05,0.0,9,0,0,0,2,0,0,0,NEW,True
2026-27,4,173878,DEF,90,0.0,0.33,3,0,0,0,0,0,0,0,BHA,True
2026-27,4,173879,FWD,45,0.0,0.0,1,0,0,0,1,0,0,0,NFO,True
2026-27,4,174594,FWD,12,0.0,0.01,1,0,0,0,1,0,0,0,NEW,True
2026-27,4,174874,DEF,0,0.0,0.0,0,0,0,0,0,0,0,0,LIV,False
2026-27,4,176297,MID,82,0.12,0.08,5,0,0,0,2,0,0,0,MCI,True
2026-27,4,176412,FWD,0,0.0,0.0,0,0,0,0,0,0,0,0,BHA,True
2026-27,4,176420,DEF,0,0.0,0.0,0,0,0,0,0,0,0,0,CRY,False
2026-27,4,177815,FWD,77,0.87,0.0,5,0,1,1,10,1,2,1,NEW,True
2026-27,4,178301,FWD,0,0.0,0.0,0,0,0,0,0,0,0,0,NFO,True
2026-27,4,180135,MID,2,0.0,0.0,0,0,0,0,1,0,0,0,NEW,True
2026-27,4,180736,DEF,0,0.0,0.0,0,0,0,0,0,0,0,0,HUL,True
2026-27,4,180974,MID,0,0.0,0.0,0,0,0,0,0,0,0,0,LEE,False
2026-27,4,183015,DEF,0,0.0,0.0,0,0,0,0,0,0,0,0,CRY,False
2026-27,4,183656,MID,0,0.0,0.0,0,0,0,0,0,0,0,0,BOU,False
2026-27,4,184029,MID,84,0.0,0.25,5,0,0,0,3,1,0,0,SUN,False
2026-27,4,184254,GK,0,0.0,0.0,0,0,0,0,0,0,0,0,EVE,True
2026-27,4,184341,MID,0,0.0,0.0,0,0,0,0,0,0,0,0,MCI,True
2026-27,4,184349,DEF,0,0.0,0.0,0,0,0,0,0,0,0,0,LIV,False
2026-27,4,184667,DEF,90,0.44,0.01,2,0,0,0,1,0,0,0,NFO,True
2026-27,4,191866,DEF,90,0.02,0.0,9,0,0,0,1,0,0,0,BOU,False
2026-27,4,193278,DEF,81,0.13,0.01,3,0,0,0,1,0,0,0,CHE,False
2026-27,4,194010,DEF,0,0.0,0.0,0,0,0,0,0,0,0,0,BOU,False
2026-27,4,195384,MID,5,0.0,0.0,0,0,0,0,1,0,0,0,SUN,False
2026-27,4,195546,MID,62,0.0,0.01,5,0,0,0,2,0,0,0,NFO,True
2026-27,4,196100,MID,0,0.0,0.0,0,0,0,0,0,0,0,0,BHA,True
2026-27,4,198869,DEF,45,0.0,0.0,3,0,0,0,1,0,0,0,SUN,False
2026-27,4,199598,MID,90,0.07,0.02,12,0,0,1,7,0,0,0,NEW,True
2026-27,4,199796,DEF,0,0.0,0.0,0,0,0,0,0,0,0,0,NFO,True
2026-27,4,199798,DEF,90,0.0,0.0,8,0,0,0,6,1,0,0,SUN,False
2026-27,4,200089,MID,32,0.12,0.06,4,0,0,0,1,0,0,0,LEE,False
2026-27,4,200617,MID,7,0.11,0.0,2,0,0,0,1,0,0,0,NEW,True
2026-27,4,200641,MID,0,0.0,0.0,0,0,0,0,0,0,0,0,SUN,False
2026-27,4,200720,GK,90,0.0,0.0,0,8,0,0,3,0,0,0,BOU,False
2026-27,4,200785,MID,81,0.03,0.02,10,0,0,0,2,0,0,0,BRE,True
2026-27,4,200834,DEF,90,0.7,0.02,6,0,0,0,0,0,0,1,ARS,True
2026-27,4,201595,GK,0,0.0,0.0,0,0,0,0,0,0,0,0,NEW,True
2026-27,4,201658,MID,82,0.2,0.47,8,0,1,0,8,0,2,1,BRE,True
2026-27,4,201666,MID,90,0.29,0.31,6,0,0,0,2,0,0,0,LEE,False
2026-27,4,201895,DEF,0,0.0,0.0,0,0,0,0,0,0,0,0,ARS,True
2026-27,4,202993,MID,62,0.0,0.04,10,0,0,0,3,1,0,0,EVE,True
2026-27,4,204120,DEF,77,0.01,0.03,9,0,0,0,6,1,0,0,COV,False
2026-27,4,204480,MID,80,0.0,0.37,10,0,0,1,6,1,0,0,SUN,False
2026-27,4,204561,MID,90,0.06,0.02,16,0,0,0,3,0,0,1,AVL,False
2026-27,4,204580,MID,90,0.0,0.08,20,0,0,0,4,0,0,0,BOU,False
2026-27,4,204813,DEF,0,0.0,0.0,0,0,0,0,0,0,0,0,BHA,True
2026-27,4,204822,DEF,0,0.0,0.0,0,0,0,0,0,0,0,0,AVL,False
2026-27,4,204936,GK,90,0.0,0.0,0,3,0,0,7,1,0,0,MUN,False
2026-27,4,204968,MID,0,0.0,0.0,0,0,0,0,0,0,0,0,AVL,False
2026-27,4,205533,FWD,0,0.0,0.0,0,0,0,0,0,0,0,0,IPS,True
2026-27,4,205651,FWD,0,0.0,0.0,0,0,0,0,0,0,0,0,SUN,False
2026-27,4,206915,MID,0,0.0,0.0,0,0,0,0,0,0,0,0,FUL,True
2026-27,4,207189,MID,90,0.0,0.01,9,0,0,0,3,1,0,0,LIV,False
2026-27,4,207283,MID,0,0.0,0.0,0,0,0,0,0,0,0,0,BOU,False
2026-27,4,208481,MID,0,0.0,0.0,0,0,0,0,0,0,0,0,CHE,False
2026-27,4,208706,MID,45,0.09,0.14,3,0,1,0,7,0,1,0,SUN,False
2026-27,4,209036,DEF,90,0.0,0.0,7,0,0,0,6,1,0,0,MUN,False
2026-27,4,209046,MID,0,0.0,0.0,0,0,0,0,0,0,0,0,AVL,False
2026-27,4,209244,MID,22,0.0,0.02,0,0,0,0,-2,0,0,0,MUN,False
2026-27,4,209289,MID,13,0.0,0.0,2,0,0,0,1,0,0,0,LIV,False
2026-27,4,209365,DEF,0,0.0,0.0,0,0,0,0,0,0,0,0,MCI,True
2026-27,4,209400,MID,83,0.0,0.05,1,0,0,2,8,0,0,0,IPS,True
2026-27,4,210156,FWD,52,0.06,0.01,2,0,0,0,-2,0,0,0,BHA,True
2026-27,4,210462,MID,8,0.06,0.01,2,0,0,0,1,0,0,0,AVL,False
2026-27,4,212314,MID,76,0.0,0.1,10,0,0,0,1,0,0,1,CRY,False
2026-27,4,212319,FWD,0,0.0,0.0,0,0,0,0,0,0,0,0,EVE,True
2026-27,4,213292,MID,0,0.0,0.0,0,0,0,0,0,0,0,0,CHE,False
2026-27,4,214225,DEF,0,0.0,0.0,0,0,0,0,0,0,0,0,NEW,True
2026-27,4,214285,DEF,45,0.0,0.01,3,0,0,0,1,0,0,0,FUL,True
2026-27,4,214572,GK,0,0.0,0.0,0,0,0,0,0,0,0,0,EVE,True
2026-27,4,214590,DEF,90,0.0,0.06,12,0,0,0,3,0,0,0,NFO,True
2026-27,4,215059,GK,0,0.0,0.0,0,0,0,0,0,0,0,0,HUL,True
2026-27,4,215136,DEF,90,0.2,0.16,3,0,0,0,2,0,0,0,AVL,False
2026-27,4,215379,MID,90,0.0,0.01,14,0,0,0,5,1,0,0,MUN,False
2026-27,4,215413,MID,90,0.17,0.09,6,0,0,0,2,1,0,1,TOT,False
2026-27,4,215711,MID,0,0.0,0.0,0,0,0,0,0,0,0,0,NFO,True
2026-27,4,216051,DEF,90,0.02,0.05,3,0,0,0,2,0,0,0,MCI,True
2026-27,4,216055,MID,13,0.0,0.01,2,0,0,0,1,0,0,0,CRY,False
2026-27,4,216094,DEF,18,0.0,0.12,4,0,0,0,1,0,0,0,FUL,True
2026-27,4,216616,DEF,90,0.0,0.08,9,0,0,0,1,0,0,0,CRY,False
2026-27,4,216646,FWD,90,0.16,0.0,5,0,0,0,2,0,0,0,LEE,False
2026-27,4,218364,DEF,0,0.0,0.0,0,0,0,0,0,0,0,0,IPS,True
2026-27,4,218543,MID,90,0.0,0.04,13,0,0,0,4,0,0,0,CRY,False
2026-27,4,218997,FWD,0,0.0,0.0,0,0,0,0,0,0,0,0,BHA,True
2026-27,4,219168,FWD,90,0.5,0.0,1,0,0,0,2,1,0,0,FUL,True
2026-27,4,219249,MID,6,0.0,0.01,1,0,0,0,1,0,0,0,COV,False
2026-27,4,219847,FWD,90,0.34,0.02,2,0,0,0,1,1,0,1,SUN,False
2026-27,4,219924,DEF,90,0.0,0.13,7,0,0,0,1,0,0,0,CRY,False
2026-27,4,220237,DEF,90,0.0,0.0,17,0,0,0,2,0,0,0,LEE,False
2026-27,4,220362,DEF,33,0.0,0.0,6,0,0,0,-3,0,0,0,IPS,True
2026-27,4,220566,MID,0,0.0,0.0,0,0,0,0,0,0,0,0,MUN,False
2026-27,4,220583,DEF,0,0.0,0.0,0,0,0,0,0,0,0,0,BHA,True
2026-27,4,220627,DEF,90,0.0,0.28,5,0,0,0,2,0,0,0,NEW,True
2026-27,4,221389,GK,0,0.0,0.0,0,0,0,0,0,0,0,0,AVL,False
2026-27,4,221399,MID,0,0.0,0.0,0,0,0,0,0,0,0,0,NEW,True
2026-27,4,221466,DEF,0,0.0,0.0,0,0,0,0,0,0,0,0,EVE,True
2026-27,4,221632,DEF,0,0.0,0.0,0,0,0,0,0,0,0,0,EVE,True
2026-27,4,221820,DEF,90,0.03,0.08,6,0,0,0,2,0,0,0,MCI,True
2026-27,4,222018,DEF,0,0.0,0.0,0,0,0,0,0,0,0,0,CRY,False
2026-27,4,222531,MID,90,0.16,0.91,4,0,0,1,8,0,3,0,AVL,False
2026-27,4,222625,FWD,0,0.0,0.0,0,0,0,0,0,0,0,0,CRY,False
2026-27,4,222683,MID,65,0.21,0.02,4,0,1,0,8,0,1,0,BRE,True
2026-27,4,222694,DEF,12,0.0,0.01,4,0,0,0,1,0,0,0,COV,False
2026-27,4,223094,FWD,90,0.87,0.01,3,0,1,0,9,1,3,0,MUN,False
2026-27,4,223340,MID,90,1.38,0.08,7,0,1,0,8,1,0,0,SUN,False
2026-27,4,223434,DEF,0,0.0,0.0,0,0,0,0,0,0,0,0,COV,False
2026-27,4,223541,MID,0,0.0,0.0,0,0,0,0,0,0,0,0,FUL,True
2026-27,4,223723,DEF,53,0.0,0.01,5,0,0,0,0,0,0,0,IPS,True
2026-27,4,223827,DEF,90,0.08,0.01,6,0,0,0,0,0,0,1,ARS,True
2026-27,4,224117,FWD,0,0.0,0.0,0,0,0,0,0,0,0,0,SUN,False
2026-27,4,224967,DEF,90,0.0,0.07,11,0,0,0,11,1,3,0,TOT,False
2026-27,4,225796,DEF,90,0.16,0.14,4,0,0,0,1,0,0,0,HUL,True
2026-27,4,226182,DEF,82,0.41,0.05,3,0,1,0,15,1,3,0,NEW,True
2026-27,4,226597,DEF,90,0.02,0.01,11,0,0,0,9,1,2,1,SUN,False
2026-27,4,226944,MID,90,0.0,0.05,5,0,0,0,2,0,0,0,NFO,True
2026-27,4,226965,MID,6,0.0,0.0,0,0,0,0,1,0,0,0,BHA,True
2026-27,4,227444,DEF,0,0.0,0.0,0,0,0,0,0,0,0,0,AVL,False
2026-27,4,229164,MID,0,0.0,0.0,0,0,0,0,0,0,0,0,CRY,False
2026-27,4,229600,GK,0,0.0,0.0,0,0,0,0,0,0,0,0,TOT,False
2026-27,4,230001,DEF,0,0.0,0.0,0,0,0,0,0,0,0,0,MCI,True
2026-27,4,230650,GK,0,0.0,0.0,0,0,0,0,0,0,0,0,BRE,True
2026-27,4,230730,FWD,17,0.21,0.03,0,0,0,0,1,0,0,0,BHA,True
2026-27,4,231065,DEF,90,0.01,0.0,10,0,0,0,2,0,0,0,BHA,True
2026-27,4,231416,DEF,90,0.0,0.09,2,0,0,0,6,1,0,0,COV,False
2026-27,4,231747,FWD,0,0.0,0.0,0,0,0,0,0,0,0,0,IPS,True
2026-27,4,231899,MID,0,0.0,0.0,0,0,0,0,0,0,0,0,CRY,False
2026-27,4,232112,MID,0,0.0,0.0,0,0,0,0,0,0,0,0,MCI,True
2026-27,4,232185,MID,0,0.0,0.0,0,0,0,0,0,0,0,0,IPS,True
2026-27,4,232351,DEF,90,0.0,0.17,7,0,0,1,4,0,0,0,CHE,False
2026-27,4,232413,MID,9,0.0,0.0,0,0,0,0,1,0,0,0,SUN,False
2026-27,4,232457,MID,0,0.0,0.0,0,0,0,0,0,0,0,0,CRY,False
2026-27,4,232571,GK,0,0.0,0.0,0,0,0,0,0,0,0,0,ARS,True
2026-27,4,232653,MID,0,0.0,0.0,0,0,0,0,0,0,0,0,LEE,False
2026-27,4,232787,MID,0,0.0,0.0,0,0,0,0,0,0,0,0,EVE,True
2026-27,4,232859,DEF,0,0.0,0.0,0,0,0,0,0,0,0,0,EVE,True
2026-27,4,232892,DEF,90,0.05,0.0,8,0,0,0,6,1,0,0,LIV,False
2026-27,4,232905,MID,0,0.0,0.0,0,0,0,0,0,0,0,0,CHE,False
2026-27,4,232928,MID,90,0.04,0.02,17,0,0,0,4,1,0,1,TOT,False
2026-27,4,235826,FWD,0,0.0,0.0,0,0,0,0,0,0,0,0,NEW,True
2026-27,4,240514,GK,90,0.0,0.0,0,2,0,0,1,0,0,0,CRY,False
2026-27,4,241117,MID,0,0.0,0.0,0,0,0,0,0,0,0,0,CRY,False
2026-27,4,241293,MID,59,0.49,0.01,4,0,0,0,1,0,0,0,BHA,True
2026-27,4,242313,DEF,0,0.0,0.0,0,0,0,0,0,0,0,0,IPS,True
2026-27,4,242880,DEF,0,0.0,0.0,0,0,0,0,0,0,0,0,HUL,True
2026-27,4,242882,DEF,0,0.0,0.0,0,0,0,0,0,0,0,0,BRE,True
2026-27,4,242893,MID,0,0.0,0.0,0,0,0,0,0,0,0,0,BHA,True
2026-27,4,242898,MID,74,0.16,0.18,6,0,0,0,3,1,0,0,TOT,False
2026-27,4,243016,MID,30,0.02,0.02,4,0,0,0,1,0,0,0,FUL,True
2026-27,4,243298,MID,30,0.08,0.02,2,0,0,0,1,0,0,0,FUL,True
2026-27,4,243413,MID,90,0.04,0.1,11,0,0,0,2,0,0,0,CHE,False
2026-27,4,243526,DEF,72,0.0,0.18,4,0,0,0,6,1,0,0,NEW,True
2026-27,4,243571,DEF,0,0.0,0.0,0,0,0,0,0,0,0,0,TOT,False
2026-27,4,243951,MID,30,0.02,0.03,4,0,0,0,1,0,0,0,CHE,False
2026-27,4,244042,FWD,13,0.0,0.0,1,0,0,0,1,0,0,0,LIV,False
2026-27,4,244723,DEF,76,0.0,0.06,1,0,0,0,1,0,0,0,IPS,True
2026-27,4,244850,MID,90,0.21,0.02,6,0,1,0,8,0,1,0,HUL,True
2026-27,4,244851,MID,90,0.13,0.25,3,0,0,1,5,0,0,0,HUL,True
2026-27,4,244858,MID,0,0.0,0.0,0,0,0,0,0,0,0,0,BOU,False
2026-27,4,244860,MID,15,0.0,0.02,1,0,0,0,1,0,0,0,TOT,False
2026-27,4,244954,DEF,24,0.0,0.0,0,0,0,0,1,0,0,0,NFO,True
2026-27,4,245719,DEF,0,0.0,0.0,0,0,0,0,0,0,0,0,NFO,True
2026-27,4,246301,DEF,0,0.0,0.0,0,0,0,0,0,0,0,0,LIV,False
2026-27,4,247348,DEF,90,0.22,0.18,7,0,0,0,2,0,0,0,AVL,False
2026-27,4,247412,FWD,83,0.09,0.02,2,0,1,0,8,0,2,0,IPS,True
2026-27,4,247632,MID,85,0.05,0.1,7,0,0,0,2,0,0,0,HUL,True
2026-27,4,248056,MID,71,0.06,0.03,5,0,0,1,6,1,0,0,NEW,True
2026-27,4,248857,MID,0,0.0,0.0,0,0,0,0,0,0,0,0,SUN,False
2026-27,4,248875,MID,0,0.0,0.0,0,0,0,0,0,0,0,0,MUN,False
2026-27,4,249231,MID,59,0.03,0.13,2,0,0,0,1,0,0,0,BOU,False
2026-27,4,250199,MID,0,0.0,0.0,0,0,0,0,0,0,0,0,AVL,False
2026-27,4,424876,MID,90,0.12,0.28,6,0,0,0,3,1,0,0,FUL,True
2026-27,4,427623,DEF,90,0.0,0.06,13,0,0,0,2,0,0,1,IPS,True
2026-27,4,427637,MID,18,0.0,0.0,1,0,0,0,1,0,0,0,NEW,True
2026-27,4,428580,MID,72,0.03,0.01,7,0,0,0,2,0,0,0,BHA,True
2026-27,4,428971,GK,0,0.0,0.0,0,0,0,0,0,0,0,0,AVL,False
2026-27,4,430871,MID,90,0.11,0.03,2,0,0,0,2,0,0,0,MCI,True
2026-27,4,431639,FWD,27,0.52,0.0,2,0,1,0,5,0,0,0,CRY,False
2026-27,4,432422,MID,90,0.09,0.31,11,0,0,0,3,1,0,0,EVE,True
2026-27,4,432714,MID,81,0.03,0.38,12,0,0,0,3,0,0,1,AVL,False
2026-27,4,432720,GK,90,0.0,0.0,0,4,0,0,3,0,0,0,NEW,True
2026-27,4,432830,DEF,0,0.0,0.0,0,0,0,0,0,0,0,0,BOU,False
2026-27,4,432987,GK,0,0.0,0.0,0,0,0,0,0,0,0,0,FUL,True
2026-27,4,433036,MID,0,0.0,0.0,0,0,0,0,0,0,0,0,MUN,False
2026-27,4,433154,MID,0,0.0,0.0,0,0,0,0,0,0,0,0,IPS,True
2026-27,4,433590,DEF,0,0.0,0.0,0,0,0,0,0,0,0,0,CHE,False
2026-27,4,433969,GK,90,0.0,0.01,0,5,0,0,2,0,0,0,NFO,True
2026-27,4,434399,DEF,90,0.0,0.01,7,0,0,0,-2,0,0,0,ARS,True
2026-27,4,434752,DEF,0,0.0,0.0,0,0,0,0,0,0,0,0,NEW,True
2026-27,4,435997,MID,71,0.07,0.08,6,0,1,0,9,1,1,0,NEW,True
2026-27,4,436761,DEF,0,0.0,0.0,0,0,0,0,0,0,0,0,BHA,True
2026-27,4,436893,DEF,0,0.0,0.0,0,0,0,0,0,0,0,0,BRE,True
2026-27,4,437495,GK,0,0.0,0.0,0,0,0,0,0,0,0,0,SUN,False
2026-27,4,437497,DEF,18,0.0,0.0,2,0,0,0,1,0,0,0,NEW,True
2026-27,4,437499,DEF,4,0.0,0.0,3,0,0,0,1,0,0,0,HUL,True
2026-27,4,437505,FWD,20,0.0,0.0,1,0,0,0,1,0,0,0,ARS,True
2026-27,4,437730,MID,90,0.0,0.06,3,0,0,0,3,1,0,0,MUN,False
2026-27,4,437738,DEF,0,0.0,0.0,0,0,0,0,0,0,0,0,NEW,True
2026-27,4,438098,MID,0,0.0,0.0,0,0,0,0,0,0,0,0,SUN,False
2026-27,4,438234,FWD,76,0.02,0.03,5,0,0,0,2,1,0,0,EVE,True
2026-27,4,438464,MID,0,0.0,0.0,0,0,0,0,0,0,0,0,IPS,True
2026-27,4,439509,MID,80,0.0,0.13,3,0,0,0,3,1,0,0,SUN,False
2026-27,4,439668,MID,0,0.0,0.0,0,0,0,0,0,0,0,0,BHA,True
2026-27,4,440089,MID,30,0.1,0.0,4,0,0,0,1,0,0,0,BOU,False
2026-27,4,440993,MID,45,0.0,0.01,10,0,0,0,1,0,0,0,MUN,False
2026-27,4,441164,DEF,0,0.0,0.0,0,0,0,0,0,0,0,0,EVE,True
2026-27,4,441191,DEF,32,0.0,0.01,3,0,0,1,3,0,0,1,LEE,False
2026-27,4,441264,FWD,90,0.0,0.01,4,0,0,0,1,0,0,1,ARS,True
2026-27,4,441266,MID,59,0.04,0.01,10,0,0,0,1,0,0,0,FUL,True
2026-27,4,441302,DEF,90,0.18,0.03,4,0,0,0,1,0,0,0,NFO,True
2026-27,4,442299,DEF,90,0.0,0.0,12,0,0,0,8,1,0,0,LIV,False
2026-27,4,442967,MID,27,0.0,0.0,0,0,0,0,1,0,0,0,CRY,False
2026-27,4,443261,MID,62,0.15,0.02,2,0,0,0,1,0,0,1,CRY,False
2026-27,4,444102,FWD,90,0.0,0.25,4,0,0,1,5,0,0,0,BRE,True
2026-27,4,444145,MID,0,0.0,0.0,0,0,0,0,0,0,0,0,SUN,False
2026-27,4,444172,GK,0,0.0,0.0,0,0,0,0,0,0,0,0,BRE,True
2026-27,4,444180,MID,59,0.0,0.1,11,0,0,0,1,0,0,0,BOU,False
2026-27,4,444307,GK,0,0.0,0.0,0,0,0,0,0,0,0,0,CHE,False
2026-27,4,444463,DEF,85,0.0,0.03,6,0,0,0,1,0,0,0,HUL,True
2026-27,4,444765,DEF,0,0.0,0.0,0,0,0,0,0,0,0,0,BOU,False
2026-27,4,444884,MID,0,0.0,0.0,0,0,0,0,0,0,0,0,FUL,True
2026-27,4,445028,MID,0,0.0,0.0,0,0,0,0,0,0,0,0,CHE,False
2026-27,4,445044,MID,0,0.0,0.0,0,0,0,0,0,0,0,0,EVE,True
2026-27,4,445087,DEF,71,0.0,0.0,4,0,0,0,6,1,0,0,FUL,True
2026-27,4,445122,DEF,45,0.0,0.01,3,0,0,0,1,0,0,0,SUN,False
2026-27,4,446008,MID,90,0.49,0.08,5,0,0,0,2,0,0,0,MCI,True
2026-27,4,448047,MID,81,0.18,0.13,10,0,0,0,2,1,0,1,MUN,False
2026-27,4,448089,MID,0,0.0,0.0,0,0,0,0,0,0,0,0,NFO,True
2026-27,4,448104,DEF,0,0.0,0.0,0,0,0,0,0,0,0,0,SUN,False
2026-27,4,448514,DEF,0,0.0,0.0,0,0,0,0,0,0,0,0,MUN,False
2026-27,4,449027,GK,0,0.0,0.0,0,0,0,0,0,0,0,0,FUL,True
2026-27,4,449428,DEF,0,0.0,0.0,0,0,0,0,0,0,0,0,CHE,False
2026-27,4,449429,DEF,87,0.0,0.01,6,0,0,0,1,0,0,0,CRY,False
2026-27,4,449434,MID,0,0.0,0.0,0,0,0,0,0,0,0,0,LEE,False
2026-27,4,449871,MID,0,0.0,0.0,0,0,0,0,0,0,0,0,NFO,True
2026-27,4,450063,MID,90,0.1,0.03,16,0,0,0,4,0,0,0,IPS,True
2026-27,4,450542,MID,0,0.0,0.0,0,0,0,0,0,0,0,0,IPS,True
2026-27,4,451284,DEF,90,0.0,0.04,7,0,0,0,0,0,0,0,BHA,True
2026-27,4,451302,GK,0,0.0,0.0,0,0,0,0,0,0,0,0,MCI,True
2026-27,4,451340,MID,0,0.0,0.0,0,0,0,0,0,0,0,0,COV,False
2026-27,4,451490,DEF,6,0.0,0.0,1,0,0,0,1,0,0,0,COV,False
2026-27,4,454490,DEF,0,0.0,0.0,0,0,0,0,0,0,0,0,COV,False
2026-27,4,455084,DEF,90,0.52,0.19,2,0,1,2,14,0,1,0,CRY,False
2026-27,4,456512,MID,74,0.7,0.25,2,0,0,0,1,0,0,1,AVL,False
2026-27,4,457569,GK,90,0.0,0.0,0,0,0,0,1,0,0,0,BRE,True
2026-27,4,458249,FWD,7,0.0,0.01,3,0,0,0,1,0,0,0,MCI,True
2026-27,4,460028,DEF,90,0.0,0.01,6,0,0,0,1,0,0,0,HUL,True
2026-27,4,460842,MID,27,0.0,0.05,2,0,0,0,1,0,0,0,EVE,True
2026-27,4,461102,DEF,90,0.19,0.07,8,0,0,0,0,0,0,0,BHA,True
2026-27,4,461199,MID,0,0.0,0.0,0,0,0,0,0,0,0,0,ARS,True
2026-27,4,461587,MID,0,0.0,0.0,0,0,0,0,0,0,0,0,CRY,False
2026-27,4,462387,FWD,0,0.0,0.0,0,0,0,0,0,0,0,0,CRY,False
2026-27,4,462424,DEF,0,0.0,0.0,0,0,0,0,0,0,0,0,SUN,False
2026-27,4,462635,MID,0,0.0,0.0,0,0,0,0,0,0,0,0,CHE,False
2026-27,4,463034,FWD,90,0.63,0.08,4,0,1,0,5,0,0,1,AVL,False
2026-27,4,463067,FWD,0,0.0,0.0,0,0,0,0,0,0,0,0,COV,False
2026-27,4,463210,MID,90,0.0,0.02,17,0,0,0,5,1,0,0,LIV,False
2026-27,4,463726,DEF,57,0.0,0.0,6,0,0,0,0,0,0,0,LEE,False
2026-27,4,463936,MID,0,0.0,0.0,0,0,0,0,0,0,0,0,HUL,True
2026-27,4,463981,DEF,90,0.0,0.01,11,0,0,0,2,0,0,1,BRE,True
2026-27,4,464353,GK,0,0.0,0.0,0,0,0,0,0,0,0,0,FUL,True
2026-27,4,465247,GK,90,0.0,0.0,0,1,0,0,2,0,0,0,MCI,True
2026-27,4,465351,DEF,90,0.0,0.01,11,0,0,0,9,1,1,0,MUN,False
2026-27,4,465390,DEF,0,0.0,0.0,0,0,0,0,0,0,0,0,BHA,True
2026-27,4,465525,MID,0,0.0,0.0,0,0,0,0,0,0,0,0,CHE,False
2026-27,4,465642,DEF,90,0.0,0.0,11,0,0,0,2,0,0,0,LEE,False
2026-27,4,465680,FWD,0,0.0,0.0,0,0,0,0,0,0,0,0,AVL,False
2026-27,4,465694,MID,18,0.0,0.0,1,0,0,0,1,0,0,0,LEE,False
2026-27,4,465730,DEF,90,0.03,0.04,1,0,0,1,11,1,2,0,COV,False
2026-27,4,465920,MID,0,0.0,0.0,0,0,0,0,0,0,0,0,EVE,True
2026-27,4,466052,MID,45,0.03,0.06,1,0,0,0,1,0,0,0,MUN,False
2026-27,4,466075,DEF,90,0.06,0.01,4,0,0,0,6,1,0,0,SUN,False
2026-27,4,466525,MID,87,0.43,0.07,10,0,0,0,3,1,0,0,NEW,True
2026-27,4,467779,DEF,0,0.0,0.0,0,0,0,0,0,0,0,0,COV,False
2026-27,4,469142,DEF,90,0.14,0.05,13,0,0,0,8,1,0,0,EVE,True
2026-27,4,469247,MID,0,0.0,0.0,0,0,0,0,0,0,0,0,NFO,True
2026-27,4,469266,MID,0,0.0,0.0,0,0,0,0,0,0,0,0,CHE,False
2026-27,4,469272,MID,0,0.0,0.0,0,0,0,0,0,0,0,0,BHA,True
2026-27,4,470294,MID,0,0.0,0.0,0,0,0,0,0,0,0,0,CHE,False
2026-27,4,470313,FWD,0,0.0,0.0,0,0,0,0,0,0,0,0,LEE,False
2026-27,4,470315,DEF,0,0.0,0.0,0,0,0,0,0,0,0,0,AVL,False
2026-27,4,470551,GK,90,0.0,0.0,0,3,0,0,1,0,0,0,LEE,False
2026-27,4,471551,MID,0,0.0,0.0,0,0,0,0,0,0,0,0,COV,False
2026-27,4,472713,DEF,70,0.03,0.03,7,0,0,0,1,0,0,0,BOU,False
2026-27,4,472739,GK,90,0.0,0.01,0,2,0,0,0,0,0,0,BHA,True
2026-27,4,472769,DEF,8,0.0,0.0,0,0,0,0,1,0,0,0,MUN,False
2026-27,4,473284,GK,90,0.0,0.0,0,5,0,0,2,0,0,0,CHE,False
2026-27,4,474120,MID,90,0.05,0.2,5,0,0,0,2,0,0,0,CRY,False
2026-27,4,475168,FWD,90,0.29,0.04,2,0,1,1,12,0,3,0,HUL,True
2026-27,4,476887,MID,0,0.0,0.0,0,0,0,0,0,0,0,0,AVL,False
2026-27,4,477064,DEF,0,0.0,0.0,0,0,0,0,0,0,0,0,MUN,False
2026-27,4,477424,DEF,90,0.02,0.0,7,0,0,1,11,1,3,1,MUN,False
2026-27,4,477547,DEF,0,0.0,0.0,0,0,0,0,0,0,0,0,ARS,True
2026-27,4,477555,MID,62,0.0,0.13,7,0,0,0,3,1,0,0,LIV,False
2026-27,4,480455,DEF,90,0.0,0.0,9,0,0,0,6,1,0,0,TOT,False
2026-27,4,480457,MID,72,0.33,0.73,5,0,0,0,2,0,0,0,BHA,True
2026-27,4,481624,MID,28,0.02,0.0,3,0,0,0,1,0,0,0,CRY,False
2026-27,4,481655,MID,9,0.0,0.0,2,0,0,0,1,0,0,0,SUN,False
2026-27,4,482442,MID,0,0.0,0.0,0,0,0,0,0,0,0,0,EVE,True
2026-27,4,482609,DEF,77,0.04,0.07,5,0,0,0,1,0,0,0,HUL,True
2026-27,4,482616,MID,71,0.21,0.03,5,0,0,0,3,1,0,0,FUL,True
2026-27,4,482973,FWD,15,0.13,0.01,3,0,1,0,7,0,2,0,AVL,False
2026-27,4,483067,DEF,90,0.58,0.23,10,0,0,0,3,0,0,0,BRE,True
2026-27,4,484389,GK,0,0.0,0.0,0,0,0,0,0,0,0,0,BHA,True
2026-27,4,484420,MID,90,0.85,0.59,4,0,0,0,0,0,0,0,ARS,True
2026-27,4,485047,DEF,0,0.0,0.0,0,0,0,0,0,0,0,0,AVL,False
2026-27,4,485055,GK,90,0.0,0.0,0,3,0,0,7,1,0,0,EVE,True
2026-27,4,485337,MID,0,0.0,0.0,0,0,0,0,0,0,0,0,IPS,True
2026-27,4,485711,FWD,23,0.06,0.0,2,0,0,0,1,0,0,0,MCI,True
2026-27,4,486385,FWD,0,0.0,0.0,0,0,0,0,0,0,0,0,TOT,False
2026-27,4,486520,MID,0,0.0,0.0,0,0,0,0,0,0,0,0,NEW,True
2026-27,4,486672,MID,0,0.0,0.0,0,0,0,0,0,0,0,0,HUL,True
2026-27,4,487053,DEF,0,0.0,0.0,0,0,0,0,0,0,0,0,EVE,True
2026-27,4,487117,FWD,0,0.0,0.0,0,0,0,0,0,0,0,0,COV,False
2026-27,4,487676,DEF,0,0.0,0.0,0,0,0,0,0,0,0,0,ARS,True
2026-27,4,487838,DEF,90,0.02,0.01,6,0,0,0,0,0,0,0,LEE,False
2026-27,4,487992,DEF,0,0.0,0.0,0,0,0,0,0,0,0,0,NFO,True
2026-27,4,488024,MID,36,0.0,0.01,1,0,0,0,1,0,0,0,IPS,True
2026-27,4,489580,DEF,0,0.0,0.0,0,0,0,0,0,0,0,0,FUL,True
2026-27,4,489639,GK,90,0.0,0.0,0,6,0,0,8,1,0,0,COV,False
2026-27,4,489706,MID,0,0.0,0.0,0,0,0,0,0,0,0,0,IPS,True
2026-27,4,489888,MID,0,0.0,0.0,0,0,0,0,0,0,0,0,BRE,True
2026-27,4,490094,MID,21,0.0,0.0,2,0,0,0,0,0,0,1,CHE,False
2026-27,4,490145,FWD,0,0.0,0.0,0,0,0,0,0,0,0,0,EVE,True
2026-27,4,490161,MID,0,0.0,0.0,0,0,0,0,0,0,0,0,CHE,False
2026-27,4,490881,MID,0,0.0,0.0,0,0,0,0,0,0,0,0,MCI,True
2026-27,4,490884,MID,30,0.47,0.16,2,0,0,0,1,0,0,0,CHE,False
2026-27,4,491007,MID,0,0.0,0.0,0,0,0,0,0,0,0,0,HUL,True
2026-27,4,491279,DEF,90,0.0,0.02,6,0,0,0,6,1,0,0,EVE,True
2026-27,4,491501,MID,0,0.0,0.0,0,0,0,0,0,0,0,0,FUL,True
2026-27,4,492498,MID,0,0.0,0.0,0,0,0,0,0,0,0,0,BHA,True
2026-27,4,492777,DEF,0,0.0,0.0,0,0,0,0,0,0,0,0,FUL,True
2026-27,4,492859,MID,0,0.0,0.0,0,0,0,0,0,0,0,0,NEW,True
2026-27,4,493105,MID,0,0.0,0.0,0,0,0,0,0,0,0,0,NFO,True
2026-27,4,493250,MID,0,0.0,0.0,0,0,0,0,0,0,0,0,MCI,True
2026-27,4,493362,MID,0,0.0,0.0,0,0,0,0,0,0,0,0,EVE,True
2026-27,4,494307,DEF,0,0.0,0.0,0,0,0,0,0,0,0,0,MUN,False
2026-27,4,494521,DEF,90,0.08,0.1,16,0,0,0,3,0,0,0,BRE,True
2026-27,4,494595,MID,90,0.11,0.06,9,0,0,0,3,1,0,0,FUL,True
2026-27,4,494928,DEF,0,0.0,0.0,0,0,0,0,0,0,0,0,BRE,True
2026-27,4,494950,GK,0,0.0,0.0,0,0,0,0,0,0,0,0,CHE,False
2026-27,4,496181,DEF,8,0.05,0.0,0,0,0,0,0,0,0,1,CHE,False
2026-27,4,496208,MID,8,0.1,0.03,4,0,0,0,1,0,0,0,BRE,True
2026-27,4,496221,MID,76,0.08,0.04,5,0,0,0,2,0,0,0,IPS,True
2026-27,4,496661,MID,0,0.0,0.0,0,0,0,0,0,0,0,0,TOT,False
2026-27,4,498016,GK,90,0.0,0.0,0,3,0,0,2,0,0,0,ARS,True
2026-27,4,498444,DEF,45,0.0,0.01,1,0,0,0,1,0,0,0,HUL,True
2026-27,4,499169,MID,45,0.0,0.0,0,0,0,0,1,0,0,0,SUN,False
2026-27,4,499175,MID,0,0.0,0.0,0,0,0,0,0,0,0,0,SUN,False
2026-27,4,499300,DEF,0,0.0,0.0,0,0,0,0,0,0,0,0,TOT,False
2026-27,4,499309,FWD,0,0.0,0.0,0,0,0,0,0,0,0,0,HUL,True
2026-27,4,499604,MID,81,0.39,0.02,3,0,0,0,2,0,0,0,BRE,True
2026-27,4,499716,DEF,0,0.0,0.0,0,0,0,0,0,0,0,0,EVE,True
2026-27,4,499721,MID,0,0.0,0.0,0,0,0,0,0,0,0,0,EVE,True
2026-27,4,499726,MID,0,0.0,0.0,0,0,0,0,0,0,0,0,EVE,True
2026-27,4,500033,MID,0,0.0,0.0,0,0,0,0,0,0,0,0,LIV,False
2026-27,4,500040,DEF,0,0.0,0.0,0,0,0,0,0,0,0,0,SUN,False
2026-27,4,500058,FWD,0,0.0,0.0,0,0,0,0,0,0,0,0,FUL,True
2026-27,4,500151,DEF,0,0.0,0.0,0,0,0,0,0,0,0,0,AVL,False
2026-27,4,500957,FWD,0,0.0,0.0,0,0,0,0,0,0,0,0,CHE,False
2026-27,4,501390,MID,0,0.0,0.0,0,0,0,0,0,0,0,0,CRY,False
2026-27,4,501459,MID,0,0.0,0.0,0,0,0,0,0,0,0,0,BHA,True
2026-27,4,501902,DEF,0,0.0,0.0,0,0,0,0,0,0,0,0,CHE,False
2026-27,4,502500,FWD,90,0.11,0.03,1,0,0,0,1,0,0,1,BOU,False
2026-27,4,502697,MID,0,0.0,0.0,0,0,0,0,0,0,0,0,TOT,False
2026-27,4,503037,FWD,0,0.0,0.0,0,0,0,0,0,0,0,0,HUL,True
2026-27,4,503139,MID,90,0.19,0.05,15,0,0,0,4,0,0,0,BRE,True
2026-27,4,503301,MID,0,0.0,0.0,0,0,0,0,0,0,0,0,AVL,False
2026-27,4,505079,GK,0,0.0,0.0,0,0,0,0,0,0,0,0,LIV,False
2026-27,4,507433,GK,0,0.0,0.0,0,0,0,0,0,0,0,0,BOU,False
2026-27,4,508395,MID,59,0.0,0.21,5,0,0,1,4,0,0,0,BOU,False
2026-27,4,508479,GK,0,0.0,0.0,0,0,0,0,0,0,0,0,HUL,True
2026-27,4,509416,MID,90,0.31,0.03,7,0,1,0,8,1,0,0,COV,False
2026-27,4,510281,MID,90,0.1,0.26,6,0,0,0,3,1,0,0,EVE,True
2026-27,4,510663,FWD,0,0.0,0.0,0,0,0,0,0,0,0,0,FUL,True
2026-27,4,511499,MID,27,0.01,0.09,0,0,0,0,1,0,0,0,EVE,True
2026-27,4,512123,DEF,0,0.0,0.0,0,0,0,0,0,0,0,0,COV,False
2026-27,4,512462,DEF,15,0.0,0.0,1,0,0,0,1,0,0,0,TOT,False
2026-27,4,513086,DEF,90,0.0,0.01,12,0,0,0,3,0,0,0,BOU,False
2026-27,4,513418,MID,90,0.21,0.1,4,0,2,0,15,0,3,0,BOU,False
2026-27,4,513466,MID,0,0.0,0.0,0,0,0,0,0,0,0,0,TOT,False
2026-27,4,513545,MID,90,0.0,0.28,13,0,0,0,4,0,0,0,BOU,False
2026-27,4,514254,MID,83,0.14,0.06,3,0,0,0,3,1,0,0,COV,False
2026-27,4,514356,MID,68,0.0,0.07,9,0,0,0,2,0,0,0,HUL,True
2026-27,4,514514,MID,0,0.0,0.0,0,0,0,0,0,0,0,0,FUL,True
2026-27,4,515046,GK,0,0.0,0.0,0,0,0,0,0,0,0,0,ARS,True
2026-27,4,515597,MID,0,0.0,0.0,0,0,0,0,0,0,0,0,NFO,True
2026-27,4,515621,DEF,0,0.0,0.0,0,0,0,0,0,0,0,0,IPS,True
2026-27,4,516895,MID,90,0.03,0.07,13,0,0,0,4,0,0,0,MCI,True
2026-27,4,517052,FWD,45,0.0,0.04,0,0,0,0,0,0,0,1,NFO,True
2026-27,4,519324,MID,0,0.0,0.0,0,0,0,0,0,0,0,0,COV,False
2026-27,4,519440,DEF,0,0.0,0.0,0,0,0,0,0,0,0,0,FUL,True
2026-27,4,519634,DEF,0,0.0,0.0,0,0,0,0,0,0,0,0,ARS,True
2026-27,4,519913,MID,0,0.0,0.0,0,0,0,0,0,0,0,0,MCI,True
2026-27,4,522047,DEF,90,0.0,0.02,11,0,0,1,7,0,0,0,NEW,True
2026-27,4,523700,FWD,0,0.0,0.0,0,0,0,0,0,0,0,0,BRE,True
2026-27,4,524180,MID,0,0.0,0.0,0,0,0,0,0,0,0,0,CRY,False
2026-27,4,531442,MID,61,0.0,0.05,7,0,0,0,1,0,0,1,CRY,False
2026-27,4,532529,MID,0,0.0,0.0,0,0,0,0,0,0,0,0,COV,False
2026-27,4,532605,MID,0,0.0,0.0,0,0,0,0,0,0,0,0,MCI,True
2026-27,4,533463,MID,30,0.02,0.01,4,0,0,0,1,0,0,0,BOU,False
2026-27,4,533646,MID,0,0.0,0.0,0,0,0,0,0,0,0,0,IPS,True
2026-27,4,534392,FWD,0,0.0,0.0,0,0,0,0,0,0,0,0,CHE,False
2026-27,4,535301,MID,0,0.0,0.0,0,0,0,0,0,0,0,0,MCI,True
2026-27,4,535818,MID,0,0.0,0.0,0,0,0,0,0,0,0,0,ARS,True
2026-27,4,535928,MID,0,0.0,0.0,0,0,0,0,0,0,0,0,FUL,True
2026-27,4,536661,MID,69,0.0,0.0,3,0,0,0,2,0,0,0,ARS,True
2026-27,4,536694,MID,0,0.0,0.0,0,0,0,0,0,0,0,0,IPS,True
2026-27,4,536916,MID,0,0.0,0.0,0,0,0,0,0,0,0,0,COV,False
2026-27,4,538007,FWD,0,0.0,0.0,0,0,0,0,0,0,0,0,COV,False
2026-27,4,538207,FWD,0,0.0,0.0,0,0,0,0,0,0,0,0,LEE,False
2026-27,4,538638,DEF,0,0.0,0.0,0,0,0,0,0,0,0,0,AVL,False
2026-27,4,539142,DEF,90,0.0,0.0,8,0,0,0,0,0,0,0,BHA,True
2026-27,4,540324,MID,59,0.17,0.06,1,0,2,0,13,0,2,0,CHE,False
2026-27,4,543158,MID,21,0.0,0.09,2,0,0,0,0,0,0,1,HUL,True
2026-27,4,543295,MID,0,0.0,0.0,0,0,0,0,0,0,0,0,BOU,False
2026-27,4,543968,FWD,62,0.44,0.05,2,0,1,1,12,0,3,0,CRY,False
2026-27,4,544877,DEF,45,0.0,0.01,3,0,0,0,1,0,0,0,FUL,True
2026-27,4,545477,DEF,0,0.0,0.0,0,0,0,0,0,0,0,0,LEE,False
2026-27,4,546600,GK,0,0.0,0.0,0,0,0,0,0,0,0,0,CRY,False
2026-27,4,547027,MID,0,0.0,0.0,0,0,0,0,0,0,0,0,ARS,True
2026-27,4,547037,MID,0,0.0,0.0,0,0,0,0,0,0,0,0,MCI,True
2026-27,4,547676,DEF,0,0.0,0.0,0,0,0,0,0,0,0,0,MCI,True
2026-27,4,547686,DEF,0,0.0,0.0,0,0,0,0,0,0,0,0,LIV,False
2026-27,4,547701,MID,84,0.09,0.03,11,0,0,0,3,1,0,0,EVE,True
2026-27,4,547719,MID,79,0.0,0.03,10,0,0,0,0,0,0,0,LEE,False
2026-27,4,548308,DEF,0,0.0,0.0,0,0,0,0,0,0,0,0,EVE,True
2026-27,4,549067,DEF,0,0.0,0.0,0,0,0,0,0,0,0,0,AVL,False
2026-27,4,549074,MID,0,0.0,0.0,0,0,0,0,0,0,0,0,COV,False
2026-27,4,549653,FWD,0,0.0,0.0,0,0,0,0,0,0,0,0,BHA,True
2026-27,4,549912,MID,0,0.0,0.0,0,0,0,0,0,0,0,0,ARS,True
2026-27,4,549939,GK,0,0.0,0.0,0,0,0,0,0,0,0,0,HUL,True
2026-27,4,549940,MID,14,0.0,0.0,0,0,0,0,1,0,0,0,ARS,True
2026-27,4,550090,DEF,0,0.0,0.0,0,0,0,0,0,0,0,0,COV,False
2026-27,4,550615,MID,64,0.05,0.15,3,0,0,0,3,1,0,0,TOT,False
2026-27,4,550839,MID,0,0.0,0.0,0,0,0,0,0,0,0,0,EVE,True
2026-27,4,550864,DEF,0,0.0,0.0,0,0,0,0,0,0,0,0,MCI,True
2026-27,4,551050,MID,13,0.0,0.01,1,0,0,0,1,0,0,0,LIV,False
2026-27,4,551210,DEF,45,0.0,0.1,3,0,0,0,0,0,0,0,HUL,True
2026-27,4,551226,MID,62,0.11,0.03,4,0,0,0,3,1,0,0,EVE,True
2026-27,4,551262,FWD,0,0.0,0.0,0,0,0,0,0,0,0,0,BHA,True
2026-27,4,551466,FWD,76,0.2,0.03,3,0,0,0,2,1,0,0,LIV,False
2026-27,4,551499,MID,59,0.1,0.0,2,0,0,0,1,0,0,0,FUL,True
2026-27,4,552946,MID,0,0.0,0.0,0,0,0,0,0,0,0,0,CHE,False
2026-27,4,553746,DEF,0,0.0,0.0,0,0,0,0,0,0,0,0,LEE,False
2026-27,4,553783,MID,0,0.0,0.0,0,0,0,0,0,0,0,0,CHE,False
2026-27,4,554054,DEF,0,0.0,0.0,0,0,0,0,0,0,0,0,MUN,False
2026-27,4,554197,MID,0,0.0,0.0,0,0,0,0,0,0,0,0,ARS,True
2026-27,4,554578,GK,0,0.0,0.0,0,0,0,0,0,0,0,0,LEE,False
2026-27,4,556637,MID,0,0.0,0.0,0,0,0,0,0,0,0,0,COV,False
2026-27,4,557012,FWD,0,0.0,0.0,0,0,0,0,0,0,0,0,CRY,False
2026-27,4,559152,MID,6,0.0,0.0,0,0,0,0,1,0,0,0,IPS,True
2026-27,4,560262,MID,0,0.0,0.0,0,0,0,0,0,0,0,0,BRE,True
2026-27,4,560552,MID,18,0.03,0.07,3,0,0,0,1,0,0,0,LIV,False
2026-27,4,561245,FWD,1,0.0,0.0,0,0,0,0,1,0,0,0,BRE,True
2026-27,4,565297,FWD,0,0.0,0.0,0,0,0,0,0,0,0,0,NEW,True
2026-27,4,566213,DEF,0,0.0,0.0,0,0,0,0,0,0,0,0,BHA,True
2026-27,4,567119,FWD,0,0.0,0.0,0,0,0,0,0,0,0,0,HUL,True
2026-27,4,568420,DEF,90,0.11,0.0,14,0,0,0,4,0,0,0,AVL,False
2026-27,4,569577,DEF,0,0.0,0.0,0,0,0,0,0,0,0,0,NFO,True
2026-27,4,570241,DEF,0,0.0,0.0,0,0,0,0,0,0,0,0,BOU,False
2026-27,4,570526,MID,27,0.06,0.25,4,0,0,0,1,0,0,0,EVE,True
2026-27,4,570794,DEF,90,0.22,0.14,5,0,1,0,7,0,0,0,IPS,True
2026-27,4,571380,MID,0,0.0,0.0,0,0,0,0,0,0,0,0,NFO,True
2026-27,4,571779,MID,0,0.0,0.0,0,0,0,0,0,0,0,0,LIV,False
2026-27,4,572584,DEF,2,0.0,0.0,1,0,0,0,1,0,0,0,CRY,False
2026-27,4,574458,DEF,0,0.0,0.0,0,0,0,0,0,0,0,0,HUL,True
2026-27,4,575204,MID,0,0.0,0.0,0,0,0,0,0,0,0,0,MUN,False
2026-27,4,575458,DEF,0,0.0,0.0,0,0,0,0,0,0,0,0,AVL,False
2026-27,4,575476,DEF,90,0.0,0.01,12,0,0,1,6,0,0,1,AVL,False
2026-27,4,575901,DEF,0,0.0,0.0,0,0,0,0,0,0,0,0,BRE,True
2026-27,4,576620,MID,0,0.0,0.0,0,0,0,0,0,0,0,0,MCI,True
2026-27,4,576628,MID,0,0.0,0.0,0,0,0,0,0,0,0,0,MCI,True
2026-27,4,577016,DEF,0,0.0,0.0,0,0,0,0,0,0,0,0,HUL,True
2026-27,4,577285,MID,45,0.0,0.01,1,0,0,0,1,0,0,0,NFO,True
2026-27,4,577411,DEF,0,0.0,0.0,0,0,0,0,0,0,0,0,BHA,True
2026-27,4,577669,MID,90,0.04,0.0,10,0,0,0,2,0,0,0,ARS,True
2026-27,4,577725,MID,76,0.21,0.09,4,0,0,0,3,1,0,0,LIV,False
2026-27,4,577974,DEF,0,0.0,0.0,0,0,0,0,0,0,0,0,MCI,True
2026-27,4,578153,DEF,0,0.0,0.0,0,0,0,0,0,0,0,0,MUN,False
2026-27,4,578545,DEF,0,0.0,0.0,0,0,0,0,0,0,0,0,NFO,True
2026-27,4,586268,GK,0,0.0,0.0,0,0,0,0,0,0,0,0,FUL,True
2026-27,4,586309,FWD,90,0.67,0.03,2,0,0,0,2,1,0,0,TOT,False
2026-27,4,587982,MID,0,0.0,0.0,0,0,0,0,0,0,0,0,NEW,True
2026-27,4,590014,DEF,0,0.0,0.0,0,0,0,0,0,0,0,0,IPS,True
2026-27,4,590039,MID,0,0.0,0.0,0,0,0,0,0,0,0,0,MUN,False
2026-27,4,591386,MID,0,0.0,0.0,0,0,0,0,0,0,0,0,FUL,True
2026-27,4,592031,MID,0,0.0,0.0,0,0,0,0,0,0,0,0,COV,False
2026-27,4,592740,MID,0,0.0,0.0,0,0,0,0,0,0,0,0,NEW,True
2026-27,4,592984,MID,25,0.24,0.01,4,0,0,1,4,0,0,0,COV,False
2026-27,4,593117,MID,0,0.0,0.0,0,0,0,0,0,0,0,0,HUL,True
2026-27,4,593174,FWD,0,0.0,0.0,0,0,0,0,0,0,0,0,BOU,False
2026-27,4,595480,MID,0,0.0,0.0,0,0,0,0,0,0,0,0,MUN,False
2026-27,4,596047,FWD,0,0.0,0.0,0,0,0,0,0,0,0,0,MCI,True
2026-27,4,596777,MID,90,0.0,0.03,12,0,0,0,4,0,0,0,MCI,True
2026-27,4,597320,MID,0,0.0,0.0,0,0,0,0,0,0,0,0,COV,False
2026-27,4,597462,DEF,31,0.0,0.01,1,0,0,0,1,0,0,0,CHE,False
2026-27,4,599303,FWD,0,0.0,0.0,0,0,0,0,0,0,0,0,LEE,False
2026-27,4,605972,DEF,90,0.0,0.01,11,0,0,0,3,0,0,0,IPS,True
2026-27,4,606702,DEF,90,0.0,0.02,5,0,0,0,9,1,3,0,FUL,True
2026-27,4,606745,DEF,0,0.0,0.0,0,0,0,0,0,0,0,0,MCI,True
2026-27,4,606798,DEF,0,0.0,0.0,0,0,0,0,0,0,0,0,NFO,True
2026-27,4,606921,MID,0,0.0,0.0,0,0,0,0,0,0,0,0,IPS,True
2026-27,4,606930,DEF,58,0.0,0.0,7,0,0,0,1,0,0,0,CHE,False
2026-27,4,607464,DEF,19,0.0,0.15,1,0,0,0,1,0,0,0,BOU,False
2026-27,4,608181,FWD,0,0.0,0.0,0,0,0,0,0,0,0,0,COV,False
2026-27,4,608227,MID,59,0.01,0.0,5,0,0,0,1,0,0,0,CHE,False
2026-27,4,609873,MID,90,0.0,0.02,5,0,0,0,3,1,0,0,TOT,False
2026-27,4,610799,DEF,77,0.11,0.01,9,0,0,0,6,1,0,0,COV,False
2026-27,4,611665,MID,33,0.28,0.01,2,0,1,0,6,0,0,0,LEE,False
2026-27,4,611695,MID,64,0.67,0.01,6,0,1,0,8,1,0,0,COV,False
2026-27,4,611917,MID,0,0.0,0.0,0,0,0,0,0,0,0,0,EVE,True
2026-27,4,611922,MID,18,0.11,0.0,1,0,0,0,1,0,0,0,FUL,True
2026-27,4,612855,MID,12,0.05,0.01,1,0,0,0,1,0,0,0,COV,False
2026-27,4,613221,FWD,57,0.0,0.01,2,0,0,0,1,0,0,0,LEE,False
2026-27,4,613804,DEF,30,0.0,0.01,1,0,0,0,1,0,0,0,BOU,False
2026-27,4,614071,MID,27,0.0,0.08,2,0,0,0,1,0,0,0,NFO,True
2026-27,4,614574,MID,0,0.0,0.0,0,0,0,0,0,0,0,0,BRE,True
2026-27,4,616069,MID,0,0.0,0.0,0,0,0,0,0,0,0,0,LIV,False
2026-27,4,616077,MID,0,0.0,0.0,0,0,0,0,0,0,0,0,SUN,False
2026-27,4,616221,DEF,0,0.0,0.0,0,0,0,0,0,0,0,0,EVE,True
2026-27,4,616222,DEF,0,0.0,0.0,0,0,0,0,0,0,0,0,MUN,False
2026-27,4,616288,MID,0,0.0,0.0,0,0,0,0,0,0,0,0,MUN,False
2026-27,4,620109,DEF,0,0.0,0.0,0,0,0,0,0,0,0,0,HUL,True
2026-27,4,620487,DEF,0,0.0,0.0,0,0,0,0,0,0,0,0,BRE,True
2026-27,4,622758,DEF,0,0.0,0.0,0,0,0,0,0,0,0,0,HUL,True
2026-27,4,624773,MID,4,0.03,0.07,1,0,0,0,1,0,0,0,HUL,True
2026-27,4,624777,MID,0,0.0,0.0,0,0,0,0,0,0,0,0,MUN,False
2026-27,4,626464,MID,0,0.0,0.0,0,0,0,0,0,0,0,0,BOU,False
2026-27,4,626751,FWD,0,0.0,0.0,0,0,0,0,0,0,0,0,CHE,False
2026-27,4,627221,FWD,30,0.0,0.0,1,0,0,0,1,0,0,0,BHA,True
2026-27,4,629068,MID,0,0.0,0.0,0,0,0,0,0,0,0,0,TOT,False
2026-27,4,629397,MID,0,0.0,0.0,0,0,0,0,0,0,0,0,BHA,True
2026-27,4,631000,FWD,8,0.0,0.0,1,0,0,0,1,0,0,0,CHE,False
2026-27,4,631786,FWD,0,0.0,0.0,0,0,0,0,0,0,0,0,LIV,False
2026-27,4,632794,MID,10,0.0,0.0,2,0,0,0,1,0,0,0,LEE,False
2026-27,4,636852,MID,71,0.0,0.03,7,0,0,0,2,0,0,0,LEE,False
2026-27,4,637238,MID,0,0.0,0.0,0,0,0,0,0,0,0,0,MUN,False
2026-27,4,638411,DEF,0,0.0,0.0,0,0,0,0,0,0,0,0,ARS,True
2026-27,4,638987,MID,27,0.02,0.13,2,0,0,0,1,0,0,0,NFO,True
2026-27,4,640419,DEF,0,0.0,0.0,0,0,0,0,0,0,0,0,EVE,True
2026-27,4,643970,DEF,0,0.0,0.0,0,0,0,0,0,0,0,0,NEW,True
2026-27,4,645618,MID,0,0.0,0.0,0,0,0,0,0,0,0,0,NFO,True
2026-27,4,647681,DEF,0,0.0,0.0,0,0,0,0,0,0,0,0,FUL,True
2026-27,4,647839,MID,0,0.0,0.0,0,0,0,0,0,0,0,0,CHE,False
2026-27,4,647850,FWD,83,0.39,0.01,7,0,1,1,10,1,1,0,COV,False
2026-27,4,649208,MID,0,0.0,0.0,0,0,0,0,0,0,0,0,MUN,False
2026-27,4,651426,DEF,0,0.0,0.0,0,0,0,0,0,0,0,0,IPS,True
2026-27,4,653481,MID,45,0.06,0.0,2,0,1,0,6,0,0,0,NFO,True
2026-27,4,660392,FWD,0,0.0,0.0,0,0,0,0,0,0,0,0,IPS,True
2026-27,4,661016,MID,0,0.0,0.0,0,0,0,0,0,0,0,0,COV,False
2026-27,4,661313,FWD,0,0.0,0.0,0,0,0,0,0,0,0,0,ARS,True
2026-27,4,661800,DEF,0,0.0,0.0,0,0,0,0,0,0,0,0,CHE,False
2026-27,4,661888,MID,17,0.0,0.01,0,0,0,0,1,0,0,0,BHA,True
2026-27,4,665243,MID,0,0.0,0.0,0,0,0,0,0,0,0,0,LEE,False
2026-27,4,672492,MID,0,0.0,0.0,0,0,0,0,0,0,0,0,IPS,True
2026-27,4,684268,MID,0,0.0,0.0,0,0,0,0,0,0,0,0,BHA,True
2026-27,4,690838,FWD,0,0.0,0.0,0,0,0,0,0,0,0,0,NFO,True
2026-27,4,696104,MID,0,0.0,0.0,0,0,0,0,0,0,0,0,ARS,True
2026-27,4,699989,MID,0,0.0,0.0,0,0,0,0,0,0,0,0,ARS,True
2026-27,4,700308,MID,0,0.0,0.0,0,0,0,0,0,0,0,0,COV,False
2026-27,5,17761,DEF,90,0.01,0.01,12,0,0,1,14,1,3,0,IPS,True
2026-27,5,21205,GK,0,0.0,0.0,0,0,0,0,0,0,0,0,FUL,False
2026-27,5,40383,GK,0,0.0,0.0,0,0,0,0,0,0,0,0,LIV,True
2026-27,5,49262,GK,0,0.0,0.0,0,0,0,0,0,0,0,0,ARS,True
2026-27,5,50093,GK,0,0.0,0.0,0,0,0,0,0,0,0,0,EVE,False
2026-27,5,50175,FWD,70,0.0,0.08,4,0,0,0,2,0,0,0,BRE,False
2026-27,5,54469,DEF,74,0.0,0.02,0,0,0,0,2,0,0,0,LIV,True
2026-27,5,56979,MID,90,0.0,0.08,10,0,0,0,2,0,0,0,BRE,False
2026-27,5,59735,GK,0,0.0,0.0,0,0,0,0,0,0,0,0,FUL,False
2026-27,5,60307,MID,90,0.11,0.25,5,0,1,1,14,1,3,0,ARS,True
2026-27,5,60689,FWD,17,0.0,0.0,0,0,0,0,1,0,0,0,COV,True
2026-27,5,67089,GK,0,0.0,0.0,0,0,0,0,0,0,0,0,AVL,True
2026-27,5,72147,GK,0,0.0,0.0,0,0,0,0,0,0,0,0,TOT,False
2026-27,5,75115,FWD,0,0.0,0.0,0,0,0,0,0,0,0,0,CHE,True
2026-27,5,76357,MID,0,0.0,0.0,0,0,0,0,0,0,0,0,MUN,True
2026-27,5,78916,DEF,0,0.0,0.0,0,0,0,0,0,0,0,0,HUL,True
2026-27,5,79602,GK,0,0.0,0.0,0,0,0,0,0,0,0,0,NFO,False
2026-27,5,80178,DEF,0,0.0,0.0,0,0,0,0,0,0,0,0,NFO,False
2026-27,5,80201,GK,90,0.0,0.0,0,5,0,0,3,0,0,0,MUN,True
2026-27,5,81441,GK,0,0.0,0.0,0,0,0,0,0,0,0,0,HUL,True
2026-27,5,83299,DEF,0,0.0,0.0,0,0,0,0,0,0,0,0,ARS,True
2026-27,5,84450,MID,90,0.0,0.38,8,0,0,0,2,0,0,0,MCI,False
2026-27,5,85633,GK,90,0.0,0.0,0,2,0,0,2,0,0,0,COV,True
2026-27,5,86873,GK,0,0.0,0.0,0,0,0,0,0,0,0,0,MUN,True
2026-27,5,88894,MID,6,0.0,0.0,4,0,0,0,1,0,0,0,TOT,False
2026-27,5,91651,MID,0,0.0,0.0,0,0,0,0,0,0,0,0,SUN,True
2026-27,5,93605,DEF,78,0.0,0.45,4,0,0,1,3,0,0,0,MCI,False
2026-27,5,95658,DEF,90,0.01,0.03,5,0,0,0,2,0,0,0,FUL,False
2026-27,5,97032,DEF,90,0.0,0.01,13,0,0,0,8,1,0,0,BOU,False
2026-27,5,97846,GK,0,0.0,0.0,0,0,0,0,0,0,0,0,CRY,True
2026-27,5,98747,GK,0,0.0,0.0,0,0,0,0,0,0,0,0,HUL,True
2026-27,5,98980,GK,90,0.0,0.0,0,3,0,0,2,0,0,0,BRE,False
2026-27,5,101188,DEF,0,0.0,0.0,0,0,0,0,0,0,0,0,TOT,False
2026-27,5,101282,MID,45,0.0,0.12,2,0,0,0,0,0,0,1,NEW,False
2026-27,5,105666,GK,0,0.0,0.0,0,0,0,0,0,0,0,0,NEW,False
2026-27,5,105717,DEF,0,0.0,0.0,0,0,0,0,0,0,0,0,MCI,False
2026-27,5,106611,DEF,0,0.0,0.0,0,0,0,0,0,0,0,0,IPS,True
2026-27,5,106760,DEF,83,0.01,0.07,3,0,0,0,2,0,0,0,FUL,False
2026-27,5,106921,GK,0,0.0,0.0,0,0,0,0,0,0,0,0,SUN,True
2026-27,5,108413,MID,0,0.0,0.0,0,0,0,0,0,0,0,0,LEE,False
2026-27,5,108416,DEF,77,0.01,0.0,4,0,0,0,1,0,0,0,NEW,False
2026-27,5,108813,GK,90,0.0,0.01,0,1,0,0,2,0,0,0,EVE,False
2026-27,5,109646,DEF,0,0.0,0.0,0,0,0,0,0,0,0,0,AVL,True
2026-27,5,109745,GK,0,0.0,0.0,0,0,0,0,0,0,0,0,BHA,False
2026-27,5,110690,GK,0,0.0,0.0,0,0,0,0,0,0,0,0,NFO,False
2026-27,5,111234,GK,90,0.0,0.0,0,4,0,0,8,1,1,0,IPS,True
2026-27,5,111317,MID,15,0.0,0.06,2,0,0,0,1,0,0,0,LIV,True
2026-27,5,112520,GK,0,0.0,0.0,0,0,0,0,0,0,0,0,EVE,False
2026-27,5,114243,MID,90,0.03,0.07,8,0,0,0,1,0,0,1,HUL,True
2026-27,5,114283,MID,78,0.0,0.3,7,0,0,0,3,1,0,0,IPS,True
2026-27,5,115556,DEF,0,0.0,0.0,0,0,0,0,0,0,0,0,AVL,True
2026-27,5,116535,GK,90,0.0,0.0,0,2,0,0,8,1,2,0,BOU,False
2026-27,5,119090,MID,0,0.0,0.0,0,0,0,0,0,0,0,0,TOT,False
2026-27,5,119471,DEF,24,0.0,0.01,7,0,0,0,1,0,0,0,HUL,True
2026-27,5,121709,GK,90,0.0,0.0,0,2,0,0,6,1,0,0,LEE,False
2026-27,5,122074,GK,0,0.0,0.0,0,0,0,0,0,0,0,0,SUN,True
2026-27,5,122798,DEF,90,0.0,0.26,3,0,0,1,4,0,0,0,AVL,True
2026-27,5,122806,MID,83,0.0,0.04,6,0,0,1,6,1,0,0,TOT,False
2026-27,5,128295,MID,0,0.0,0.0,0,0,0,0,0,0,0,0,IPS,True
2026-27,5,135720,DEF,90,0.07,0.01,8,0,0,0,0,0,0,0,MCI,False
2026-27,5,138001,GK,0,0.0,0.0,0,0,0,0,0,0,0,0,IPS,True
2026-27,5,141746,MID,90,0.28,0.19,6,0,0,0,2,0,0,0,FUL,False
2026-27,5,146426,DEF,90,0.01,0.01,4,0,0,0,1,0,0,0,NEW,False
2026-27,5,147675,FWD,9,0.17,0.0,0,0,0,0,1,0,0,0,EVE,False
2026-27,5,149484,DEF,90,0.0,0.0,13,0,0,0,3,0,0,0,TOT,False
2026-27,5,149929,MID,0,0.0,0.0,0,0,0,0,0,0,0,0,EVE,False
2026-27,5,152551,MID,45,0.26,0.0,11,0,0,0,0,0,0,1,LEE,False
2026-27,5,153133,MID,70,0.19,0.41,7,0,0,0,5,1,2,0,MUN,True
2026-27,5,153366,MID,0,0.0,0.0,0,0,0,0,0,0,0,0,MUN,True
2026-27,5,153682,MID,0,0.0,0.0,0,0,0,0,0,0,0,0,CRY,True
2026-27,5,154043,DEF,90,0.0,0.11,8,0,0,0,8,1,2,0,IPS,True
2026-27,5,154561,GK,90,0.0,0.0,0,2,0,0,1,0,0,0,BHA,False
2026-27,5,154566,FWD,65,0.12,0.0,6,0,0,0,2,0,0,0,AVL,True
2026-27,5,155405,MID,0,0.0,0.0,0,0,0,0,0,0,0,0,SUN,True
2026-27,5,155408,MID,15,0.0,0.0,2,0,0,0,1,0,0,0,LIV,True
2026-27,5,155465,GK,0,0.0,0.0,0,0,0,0,0,0,0,0,CRY,True
2026-27,5,155503,GK,0,0.0,0.0,0,0,0,0,0,0,0,0,BOU,False
2026-27,5,158499,MID,74,0.5,0.01,5,0,0,0,2,0,0,0,LIV,True
2026-27,5,158983,MID,0,0.0,0.0,0,0,0,0,0,0,0,0,BOU,False
2026-27,5,159506,DEF,0,0.0,0.0,0,0,0,0,0,0,0,0,COV,True
2026-27,5,160817,DEF,0,0.0,0.0,0,0,0,0,0,0,0,0,NEW,False
2026-27,5,166477,DEF,90,0.0,0.01,9,0,0,0,1,0,0,1,MUN,True
2026-27,5,166989,MID,90,0.09,0.2,13,0,0,0,4,0,0,0,FUL,False
2026-27,5,167074,DEF,0,0.0,0.0,0,0,0,0,0,0,0,0,MUN,True
2026-27,5,167512,DEF,0,0.0,0.0,0,0,0,0,0,0,0,0,MCI,False
2026-27,5,167825,GK,0,0.0,0.0,0,0,0,0,0,0,0,0,NEW,False
2026-27,5,168144,MID,90,0.02,0.06,10,0,0,0,3,1,0,0,NFO,False
2026-27,5,168636,FWD,0,0.0,0.0,0,0,0,0,0,0,0,0,LIV,True
2026-27,5,169359,DEF,0,0.0,0.0,0,0,0,0,0,0,0,0,NEW,False
2026-27,5,169432,FWD,90,0.36,0.02,6,0,0,0,1,0,0,1,NEW,False
2026-27,5,169528,DEF,90,0.0,0.09,7,0,0,0,2,0,0,0,MUN,True
2026-27,5,169593,GK,0,0.0,0.0,0,0,0,0,0,0,0,0,LEE,False
2026-27,5,171270,MID,0,0.0,0.0,0,0,0,0,0,0,0,0,NEW,False
2026-27,5,171287,DEF,0,0.0,0.0,0,0,0,0,0,0,0,0,BOU,False
2026-27,5,171314,DEF,90,0.2,0.0,4,0,0,0,1,0,0,0,SUN,True
2026-27,5,172453,MID,0,0.0,0.0,0,0,0,0,0,0,0,0,EVE,False
2026-27,5,172649,GK,0,0.0,0.0,0,0,0,0,0,0,0,0,LEE,False
2026-27,5,172780,MID,24,0.06,0.02,6,0,0,0,1,0,0,0,AVL,True
2026-27,5,172850,DEF,0,0.0,0.0,0,0,0,0,0,0,0,0,LEE,False
2026-27,5,173774,DEF,90,0.07,0.01,4,0,0,0,6,1,0,0,CRY,True
2026-27,5,173878,DEF,90,0.32,0.04,4,0,1,0,15,1,3,0,NFO,False
2026-27,5,173879,FWD,2,0.0,0.0,0,0,0,0,1,0,0,0,TOT,False
2026-27,5,174594,FWD,14,0.0,0.0,2,0,0,0,1,0,0,0,CRY,True
2026-27,5,174874,DEF,10,0.0,0.0,5,0,0,0,1,0,0,0,MUN,True
2026-27,5,176297,MID,76,0.4,0.14,2,0,0,0,2,0,0,0,FUL,False
2026-27,5,176412,FWD,0,0.0,0.0,0,0,0,0,0,0,0,0,NFO,False
2026-27,5,176420,DEF,0,0.0,0.0,0,0,0,0,0,0,0,0,EVE,False
2026-27,5,177815,FWD,90,0.52,0.0,8,0,0,0,2,1,0,0,CRY,True
2026-27,5,178301,FWD,0,0.0,0.0,0,0,0,0,0,0,0,0,TOT,False
2026-27,5,180135,MID,0,0.0,0.0,0,0,0,0,0,0,0,0,CRY,True
2026-27,5,180736,DEF,0,0.0,0.0,0,0,0,0,0,0,0,0,BRE,False
2026-27,5,180974,MID,0,0.0,0.0,0,0,0,0,0,0,0,0,HUL,True
2026-27,5,183015,DEF,0,0.0,0.0,0,0,0,0,0,0,0,0,EVE,False
2026-27,5,183656,MID,0,0.0,0.0,0,0,0,0,0,0,0,0,CHE,True
2026-27,5,184029,MID,72,0.07,0.02,2,0,0,0,2,0,0,0,BHA,False
2026-27,5,184254,GK,0,0.0,0.0,0,0,0,0,0,0,0,0,AVL,True
2026-27,5,184341,MID,10,0.09,0.01,1,0,0,0,1,0,0,0,FUL,False
2026-27,5,184349,DEF,0,0.0,0.0,0,0,0,0,0,0,0,0,MUN,True
2026-27,5,184667,DEF,90,0.0,0.0,6,0,0,0,1,0,0,0,TOT,False
2026-27,5,191866,DEF,90,0.0,0.05,9,0,0,0,7,1,1,0,CHE,True
2026-27,5,193278,DEF,90,0.0,0.04,2,0,0,0,1,0,0,0,NEW,False
2026-27,5,194010,DEF,0,0.0,0.0,0,0,0,0,0,0,0,0,CHE,True
2026-27,5,195384,MID,30,0.0,0.13,4,0,0,0,1,0,0,0,BHA,False
2026-27,5,195546,MID,90,0.14,0.07,15,0,1,0,12,0,3,0,TOT,False
2026-27,5,196100,MID,0,0.0,0.0,0,0,0,0,0,0,0,0,NFO,False
2026-27,5,198869,DEF,0,0.0,0.0,0,0,0,0,0,0,0,0,BHA,False
2026-27,5,199598,MID,90,0.0,0.1,14,0,0,0,5,1,0,0,CRY,True
2026-27,5,199796,DEF,45,0.0,0.0,3,0,0,0,-1,0,0,1,TOT,False
2026-27,5,199798,DEF,90,0.23,0.01,4,0,0,0,1,0,0,0,BHA,False
2026-27,5,200089,MID,86,0.17,0.04,6,0,1,0,10,0,3,0,HUL,True
2026-27,5,200617,MID,23,0.0,0.0,1,0,0,0,1,0,0,0,CRY,True
2026-27,5,200641,MID,0,0.0,0.0,0,0,0,0,0,0,0,0,BHA,False
2026-27,5,200720,GK,90,0.0,0.0,0,2,0,0,6,1,0,0,CHE,True
2026-27,5,200785,MID,87,0.0,0.04,13,0,0,0,4,0,0,0,LIV,True
2026-27,5,200834,DEF,90,0.05,0.23,9,0,0,0,0,0,0,0,MCI,False
2026-27,5,201595,GK,0,0.0,0.0,0,0,0,0,0,0,0,0,CRY,True
2026-27,5,201658,MID,74,0.0,0.11,6,0,0,0,2,0,0,0,LIV,True
2026-27,5,201666,MID,90,0.11,0.11,9,0,0,2,9,0,1,0,HUL,True
2026-27,5,201895,DEF,0,0.0,0.0,0,0,0,0,0,0,0,0,MCI,False
2026-27,5,202993,MID,83,0.0,0.04,17,0,0,0,4,0,0,0,AVL,True
2026-27,5,204120,DEF,90,0.01,0.02,7,0,0,0,6,1,0,0,ARS,True
2026-27,5,204480,MID,90,0.02,0.06,8,0,0,0,1,0,0,1,BHA,False
2026-27,5,204561,MID,90,0.05,0.1,7,0,0,0,2,0,0,0,COV,True
2026-27,5,204580,MID,90,0.03,0.04,9,0,0,0,3,1,0,0,CHE,True
2026-27,5,204813,DEF,1,0.0,0.0,2,0,0,0,1,0,0,0,NFO,False
2026-27,5,204822,DEF,0,0.0,0.0,0,0,0,0,0,0,0,0,COV,True
2026-27,5,204936,GK,90,0.0,0.0,0,4,0,0,2,0,0,0,SUN,True
2026-27,5,204968,MID,0,0.0,0.0,0,0,0,0,0,0,0,0,COV,True
2026-27,5,205533,FWD,8,0.0,0.02,1,0,0,0,1,0,0,0,LEE,False
2026-27,5,205651,FWD,0,0.0,0.0,0,0,0,0,0,0,0,0,BHA,False
2026-27,5,206915,MID,0,0.0,0.0,0,0,0,0,0,0,0,0,BOU,False
2026-27,5,207189,MID,76,0.05,0.02,2,0,0,0,3,1,0,0,MUN,True
2026-27,5,207283,MID,0,0.0,0.0,0,0,0,0,0,0,0,0,CHE,True
2026-27,5,208481,MID,0,0.0,0.0,0,0,0,0,0,0,0,0,NEW,False
2026-27,5,208706,MID,59,0.0,0.01,6,0,0,0,1,0,0,0,BHA,False
2026-27,5,209036,DEF,90,0.06,0.01,4,0,0,1,4,0,0,0,SUN,True
2026-27,5,209046,MID,0,0.0,0.0,0,0,0,0,0,0,0,0,COV,True
2026-27,5,209244,MID,0,0.0,0.0,0,0,0,0,0,0,0,0,SUN,True
2026-27,5,209289,MID,0,0.0,0.0,0,0,0,0,0,0,0,0,MUN,True
2026-27,5,209365,DEF,0,0.0,0.0,0,0,0,0,0,0,0,0,FUL,False
2026-27,5,209400,MID,90,0.42,0.03,10,0,0,0,3,1,0,0,LEE,False
2026-27,5,210156,FWD,0,0.0,0.0,0,0,0,0,0,0,0,0,NFO,False
2026-27,5,210462,MID,7,0.0,0.0,0,0,0,0,1,0,0,0,COV,True
2026-27,5,212314,MID,72,0.0,0.25,6,0,0,0,2,0,0,0,EVE,False
2026-27,5,212319,FWD,0,0.0,0.0,0,0,0,0,0,0,0,0,AVL,True
2026-27,5,213292,MID,0,0.0,0.0,0,0,0,0,0,0,0,0,NEW,False
2026-27,5,214225,DEF,0,0.0,0.0,0,0,0,0,0,0,0,0,CRY,True
2026-27,5,214285,DEF,0,0.0,0.0,0,0,0,0,0,0,0,0,BOU,False
2026-27,5,214572,GK,0,0.0,0.0,0,0,0,0,0,0,0,0,AVL,True
2026-27,5,214590,DEF,45,0.0,0.01,6,0,0,0,1,0,0,0,TOT,False
2026-27,5,215059,GK,0,0.0,0.0,0,0,0,0,0,0,0,0,BRE,False
2026-27,5,215136,DEF,90,0.09,0.21,2,0,0,0,2,0,0,0,COV,True
2026-27,5,215379,MID,90,0.02,0.02,9,0,0,0,2,0,0,0,SUN,True
2026-27,5,215413,MID,90,0.37,0.34,7,0,0,0,3,1,0,0,IPS,True
2026-27,5,215711,MID,0,0.0,0.0,0,0,0,0,0,0,0,0,TOT,False
2026-27,5,216051,DEF,90,0.06,0.05,2,0,0,0,2,0,0,0,FUL,False
2026-27,5,216055,MID,17,0.0,0.0,0,0,0,0,1,0,0,0,EVE,False
2026-27,5,216094,DEF,0,0.0,0.0,0,0,0,0,0,0,0,0,BOU,False
2026-27,5,216616,DEF,90,0.0,0.0,9,0,0,0,2,0,0,0,EVE,False
2026-27,5,216646,FWD,90,0.84,0.01,5,0,0,0,0,0,0,0,HUL,True
2026-27,5,218364,DEF,0,0.0,0.0,0,0,0,0,0,0,0,0,LEE,False
2026-27,5,218543,MID,80,0.0,0.02,6,0,0,0,2,0,0,0,EVE,False
2026-27,5,218997,FWD,16,0.0,0.0,0,0,0,0,1,0,0,0,NFO,False
2026-27,5,219168,FWD,80,0.75,0.02,1,0,1,0,8,1,3,1,BOU,False
2026-27,5,219249,MID,4,0.28,0.0,2,0,0,0,1,0,0,0,ARS,True
2026-27,5,219847,FWD,90,0.78,0.02,3,0,0,0,2,0,0,0,BHA,False
2026-27,5,219924,DEF,90,0.06,0.01,10,0,0,0,4,0,0,0,EVE,False
2026-27,5,220237,DEF,90,0.05,0.0,18,0,0,0,4,0,0,0,HUL,True
2026-27,5,220362,DEF,0,0.0,0.0,0,0,0,0,0,0,0,0,LEE,False
2026-27,5,220566,MID,0,0.0,0.0,0,0,0,0,0,0,0,0,SUN,True
2026-27,5,220583,DEF,0,0.0,0.0,0,0,0,0,0,0,0,0,NFO,False
2026-27,5,220627,DEF,90,0.05,0.12,9,0,0,0,8,1,2,0,CRY,True
2026-27,5,221389,GK,0,0.0,0.0,0,0,0,0,0,0,0,0,COV,True
2026-27,5,221399,MID,0,0.0,0.0,0,0,0,0,0,0,0,0,CRY,True
2026-27,5,221466,DEF,0,0.0,0.0,0,0,0,0,0,0,0,0,AVL,True
2026-27,5,221632,DEF,0,0.0,0.0,0,0,0,0,0,0,0,0,AVL,True
2026-27,5,221820,DEF,90,0.15,0.02,4,0,0,0,0,0,0,0,FUL,False
2026-27,5,222018,DEF,0,0.0,0.0,0,0,0,0,0,0,0,0,EVE,False
2026-27,5,222531,MID,90,0.0,0.4,2,0,0,0,2,0,0,0,COV,True
2026-27,5,222625,FWD,0,0.0,0.0,0,0,0,0,0,0,0,0,EVE,False
2026-27,5,222683,MID,0,0.0,0.0,0,0,0,0,0,0,0,0,LIV,True
2026-27,5,222694,DEF,85,0.16,0.0,6,0,0,0,5,1,0,1,ARS,True
2026-27,5,223094,FWD,90,1.09,0.02,2,0,1,0,6,0,0,0,SUN,True
2026-27,5,223340,MID,80,0.34,0.55,2,0,0,0,2,0,0,0,BHA,False
2026-27,5,223434,DEF,0,0.0,0.0,0,0,0,0,0,0,0,0,ARS,True
2026-27,5,223541,MID,0,0.0,0.0,0,0,0,0,0,0,0,0,BOU,False
2026-27,5,223723,DEF,45,0.0,0.01,3,0,0,0,1,0,0,0,LEE,False
2026-27,5,223827,DEF,90,0.14,0.0,14,0,0,0,2,0,0,0,MCI,False
2026-27,5,224117,FWD,17,0.0,0.23,0,0,0,0,1,0,0,0,BHA,False
2026-27,5,224967,DEF,90,0.04,0.02,6,0,0,0,5,1,0,1,IPS,True
2026-27,5,225796,DEF,0,0.0,0.0,0,0,0,0,0,0,0,0,BRE,False
2026-27,5,226182,DEF,66,0.07,0.0,1,0,0,0,5,1,0,1,CRY,True
2026-27,5,226597,DEF,90,0.0,0.14,9,0,0,0,1,0,0,0,BHA,False
2026-27,5,226944,MID,83,0.12,0.01,6,0,0,1,6,1,0,0,TOT,False
2026-27,5,226965,MID,0,0.0,0.0,0,0,0,0,0,0,0,0,NFO,False
2026-27,5,227444,DEF,0,0.0,0.0,0,0,0,0,0,0,0,0,COV,True
2026-27,5,229164,MID,0,0.0,0.0,0,0,0,0,0,0,0,0,EVE,False
2026-27,5,229600,GK,0,0.0,0.0,0,0,0,0,0,0,0,0,IPS,True
2026-27,5,230001,DEF,0,0.0,0.0,0,0,0,0,0,0,0,0,FUL,False
2026-27,5,230650,GK,0,0.0,0.0,0,0,0,0,0,0,0,0,LIV,True
2026-27,5,230730,FWD,90,0.13,0.01,16,0,0,0,4,1,0,0,NFO,False
2026-27,5,231065,DEF,90,0.0,0.0,19,0,0,0,8,1,0,0,NFO,False
2026-27,5,231416,DEF,75,0.04,0.02,3,0,0,0,5,1,0,1,ARS,True
2026-27,5,231747,FWD,0,0.0,0.0,0,0,0,0,0,0,0,0,LEE,False
2026-27,5,231899,MID,0,0.0,0.0,0,0,0,0,0,0,0,0,EVE,False
2026-27,5,232112,MID,0,0.0,0.0,0,0,0,0,0,0,0,0,FUL,False
2026-27,5,232185,MID,8,0.0,0.01,0,0,0,0,1,0,0,0,LEE,False
2026-27,5,232351,DEF,90,0.0,0.08,5,0,0,0,0,0,0,1,NEW,False
2026-27,5,232413,MID,17,0.0,0.02,0,0,0,0,1,0,0,0,BHA,False
2026-27,5,232457,MID,0,0.0,0.0,0,0,0,0,0,0,0,0,EVE,False
2026-27,5,232571,GK,0,0.0,0.0,0,0,0,0,0,0,0,0,MCI,False
2026-27,5,232653,MID,0,0.0,0.0,0,0,0,0,0,0,0,0,HUL,True
2026-27,5,232787,MID,6,0.35,0.0,4,0,1,0,6,0,0,0,AVL,True
2026-27,5,232859,DEF,0,0.0,0.0,0,0,0,0,0,0,0,0,AVL,True
2026-27,5,232892,DEF,90,0.06,0.01,8,0,0,1,6,0,1,0,MUN,True
2026-27,5,232905,MID,0,0.0,0.0,0,0,0,0,0,0,0,0,NEW,False
2026-27,5,232928,MID,90,0.16,0.04,9,0,0,0,3,1,0,0,IPS,True
2026-27,5,235448,GK,0,0.0,0.0,0,0,0,0,0,0,0,0,CHE,True
2026-27,5,235826,FWD,0,0.0,0.0,0,0,0,0,0,0,0,0,CRY,True
2026-27,5,240514,GK,0,0.0,0.0,0,0,0,0,0,0,0,0,EVE,False
2026-27,5,241117,MID,0,0.0,0.0,0,0,0,0,0,0,0,0,EVE,False
2026-27,5,241293,MID,45,0.02,0.05,2,0,0,0,1,0,0,0,NFO,False
2026-27,5,242313,DEF,0,0.0,0.0,0,0,0,0,0,0,0,0,LEE,False
2026-27,5,242880,DEF,0,0.0,0.0,0,0,0,0,0,0,0,0,BRE,False
2026-27,5,242882,DEF,0,0.0,0.0,0,0,0,0,0,0,0,0,LIV,True
2026-27,5,242893,MID,0,0.0,0.0,0,0,0,0,0,0,0,0,NFO,False
2026-27,5,242898,MID,65,0.82,0.0,8,0,0,0,3,1,0,0,IPS,True
2026-27,5,243016,MID,90,0.0,0.05,13,0,0,0,5,1,0,0,BOU,False
2026-27,5,243298,MID,90,0.2,0.49,5,0,0,0,3,1,0,0,BOU,False
2026-27,5,243413,MID,77,0.13,0.03,3,0,0,0,2,0,0,0,NEW,False
2026-27,5,243526,DEF,90,0.0,0.03,5,0,0,0,6,1,0,0,CRY,True
2026-27,5,243571,DEF,0,0.0,0.0,0,0,0,0,0,0,0,0,IPS,True
2026-27,5,243951,MID,62,0.19,0.04,3,0,0,0,2,0,0,0,NEW,False
2026-27,5,244042,FWD,10,0.0,0.0,1,0,0,0,0,0,0,1,MUN,True
2026-27,5,244723,DEF,90,0.0,0.02,8,0,0,0,7,1,1,0,LEE,False
2026-27,5,244850,MID,90,0.33,0.07,8,0,0,0,2,0,0,0,BRE,False
2026-27,5,244851,MID,90,0.13,0.18,6,0,0,0,2,0,0,0,BRE,False
2026-27,5,244858,MID,3,0.43,0.0,0,0,1,0,6,0,0,0,CHE,True
2026-27,5,244860,MID,1,0.0,0.0,0,0,0,0,1,0,0,0,IPS,True
2026-27,5,244954,DEF,0,0.0,0.0,0,0,0,0,0,0,0,0,TOT,False
2026-27,5,245719,DEF,0,0.0,0.0,0,0,0,0,0,0,0,0,TOT,False
2026-27,5,246301,DEF,0,0.0,0.0,0,0,0,0,0,0,0,0,MUN,True
2026-27,5,247348,DEF,82,0.12,0.02,3,0,0,0,2,0,0,0,COV,True
2026-27,5,247412,FWD,81,0.04,0.17,3,0,0,0,2,1,0,0,LEE,False
2026-27,5,247632,MID,86,0.16,0.05,6,0,0,0,2,0,0,0,BRE,False
2026-27,5,248056,MID,67,0.14,0.0,5,0,0,0,2,1,0,1,CRY,True
2026-27,5,248857,MID,0,0.0,0.0,0,0,0,0,0,0,0,0,BHA,False
2026-27,5,248875,MID,15,0.23,0.32,2,0,0,0,1,0,0,0,SUN,True
2026-27,5,249231,MID,80,0.15,0.01,9,0,0,0,3,1,0,0,CHE,True
2026-27,5,250199,MID,0,0.0,0.0,0,0,0,0,0,0,0,0,COV,True
2026-27,5,424876,MID,80,0.13,0.02,6,0,0,0,2,1,0,1,BOU,False
2026-27,5,427623,DEF,90,0.0,0.01,10,0,0,0,8,1,0,0,LEE,False
2026-27,5,427637,MID,22,0.0,0.0,4,0,0,0,1,0,0,0,CRY,True
2026-27,5,428580,MID,90,0.0,0.0,9,0,0,0,3,1,0,0,NFO,False
2026-27,5,428971,GK,0,0.0,0.0,0,0,0,0,0,0,0,0,COV,True
2026-27,5,430871,MID,90,0.05,0.39,3,0,1,0,10,0,3,0,FUL,False
2026-27,5,431639,FWD,9,0.1,0.0,3,0,0,0,0,0,0,1,EVE,False
2026-27,5,432422,MID,83,0.06,0.21,11,0,0,0,2,0,0,0,AVL,True
2026-27,5,432714,MID,82,0.21,0.04,4,0,0,0,2,0,0,0,COV,True
2026-27,5,432720,GK,90,0.0,0.0,0,5,0,0,10,1,3,0,CRY,True
2026-27,5,432830,DEF,0,0.0,0.0,0,0,0,0,0,0,0,0,CHE,True
2026-27,5,432987,GK,0,0.0,0.0,0,0,0,0,0,0,0,0,BOU,False
2026-27,5,433036,MID,0,0.0,0.0,0,0,0,0,0,0,0,0,SUN,True
2026-27,5,433154,MID,0,0.0,0.0,0,0,0,0,0,0,0,0,LEE,False
2026-27,5,433590,DEF,0,0.0,0.0,0,0,0,0,0,0,0,0,NEW,False
2026-27,5,433969,GK,90,0.0,0.0,0,5,0,0,2,0,0,0,TOT,False
2026-27,5,434399,DEF,0,0.0,0.0,0,0,0,0,0,0,0,0,MCI,False
2026-27,5,434752,DEF,0,0.0,0.0,0,0,0,0,0,0,0,0,CRY,True
2026-27,5,435997,MID,75,0.02,0.01,5,0,0,0,3,1,0,0,CRY,True
2026-27,5,436761,DEF,0,0.0,0.0,0,0,0,0,0,0,0,0,NFO,False
2026-27,5,436893,DEF,0,0.0,0.0,0,0,0,0,0,0,0,0,LIV,True
2026-27,5,437495,GK,0,0.0,0.0,0,0,0,0,0,0,0,0,BHA,False
2026-27,5,437497,DEF,0,0.0,0.0,0,0,0,0,0,0,0,0,CRY,True
2026-27,5,437499,DEF,90,0.13,0.01,12,0,0,0,3,0,0,0,BRE,False
2026-27,5,437505,FWD,22,0.0,0.0,2,0,0,0,1,0,0,0,MCI,False
2026-27,5,437730,MID,90,0.16,0.17,7,0,2,1,17,0,2,0,SUN,True
2026-27,5,437738,DEF,0,0.0,0.0,0,0,0,0,0,0,0,0,CRY,True
2026-27,5,438098,MID,0,0.0,0.0,0,0,0,0,0,0,0,0,BHA,False
2026-27,5,438234,FWD,90,0.02,0.04,4,0,0,0,2,0,0,0,AVL,True
2026-27,5,438464,MID,0,0.0,0.0,0,0,0,0,0,0,0,0,LEE,False
2026-27,5,439509,MID,72,0.0,0.07,3,0,0,0,2,0,0,0,BHA,False
2026-27,5,439668,MID,0,0.0,0.0,0,0,0,0,0,0,0,0,NFO,False
2026-27,5,440089,MID,86,0.04,0.28,10,0,0,0,3,1,0,0,CHE,True
2026-27,5,440993,MID,74,0.1,0.14,4,0,0,1,5,0,0,0,SUN,True
2026-27,5,441164,DEF,18,0.01,0.0,1,0,0,0,1,0,0,0,AVL,True
2026-27,5,441191,DEF,0,0.0,0.0,0,0,0,0,0,0,0,0,HUL,True
2026-27,5,441264,FWD,90,2.35,0.04,0,0,3,0,17,0,3,0,MCI,False
2026-27,5,441266,MID,9,0.0,0.01,1,0,0,0,1,0,0,0,BOU,False
2026-27,5,441302,DEF,0,0.0,0.0,0,0,0,0,0,0,0,0,TOT,False
2026-27,5,442299,DEF,90,0.0,0.02,11,0,0,0,4,0,0,0,MUN,True
2026-27,5,442967,MID,16,0.0,0.01,1,0,0,0,1,0,0,0,EVE,False
2026-27,5,443261,MID,65,0.0,0.33,4,0,0,0,2,0,0,0,EVE,False
2026-27,5,444102,FWD,90,0.16,0.01,5,0,0,0,2,0,0,0,LIV,True
2026-27,5,444145,MID,0,0.0,0.0,0,0,0,0,0,0,0,0,BHA,False
2026-27,5,444172,GK,0,0.0,0.0,0,0,0,0,0,0,0,0,LIV,True
2026-27,5,444180,MID,80,0.96,0.02,2,0,1,0,10,1,2,0,CHE,True
2026-27,5,444307,GK,0,0.0,0.0,0,0,0,0,0,0,0,0,NEW,False
2026-27,5,444463,DEF,70,0.0,0.0,15,0,0,0,4,0,0,0,BRE,False
2026-27,5,444765,DEF,0,0.0,0.0,0,0,0,0,0,0,0,0,CHE,True
2026-27,5,444884,MID,0,0.0,0.0,0,0,0,0,0,0,0,0,BOU,False
2026-27,5,445028,MID,0,0.0,0.0,0,0,0,0,0,0,0,0,NEW,False
2026-27,5,445044,MID,0,0.0,0.0,0,0,0,0,0,0,0,0,AVL,True
2026-27,5,445087,DEF,90,0.0,0.01,5,0,0,0,7,1,1,0,BOU,False
2026-27,5,445122,DEF,59,0.0,0.02,2,0,0,0,0,0,0,0,BHA,False
2026-27,5,446008,MID,90,0.27,0.25,4,0,0,0,2,0,0,0,FUL,False
2026-27,5,448047,MID,90,0.04,0.26,5,0,1,0,7,0,0,0,SUN,True
2026-27,5,448089,MID,90,0.0,0.02,13,0,0,0,4,0,0,0,TOT,False
2026-27,5,448104,DEF,0,0.0,0.0,0,0,0,0,0,0,0,0,BHA,False
2026-27,5,448514,DEF,0,0.0,0.0,0,0,0,0,0,0,0,0,SUN,True
2026-27,5,449027,GK,0,0.0,0.0,0,0,0,0,0,0,0,0,BOU,False
2026-27,5,449428,DEF,0,0.0,0.0,0,0,0,0,0,0,0,0,NEW,False
2026-27,5,449429,DEF,0,0.0,0.0,0,0,0,0,0,0,0,0,EVE,False
2026-27,5,449434,MID,0,0.0,0.0,0,0,0,0,0,0,0,0,HUL,True
2026-27,5,449871,MID,0,0.0,0.0,0,0,0,0,0,0,0,0,TOT,False
2026-27,5,450063,MID,90,0.12,0.03,5,0,0,0,3,1,0,0,LEE,False
2026-27,5,450542,MID,0,0.0,0.0,0,0,0,0,0,0,0,0,LEE,False
2026-27,5,451284,DEF,0,0.0,0.0,0,0,0,0,0,0,0,0,NFO,False
2026-27,5,451302,GK,0,0.0,0.0,0,0,0,0,0,0,0,0,FUL,False
2026-27,5,451340,MID,0,0.0,0.0,0,0,0,0,0,0,0,0,ARS,True
2026-27,5,451490,DEF,14,0.0,0.14,1,0,0,0,1,0,0,0,ARS,True
2026-27,5,454490,DEF,4,0.0,0.0,1,0,0,0,1,0,0,0,ARS,True
2026-27,5,455084,DEF,90,0.42,0.02,5,0,0,0,2,0,0,0,EVE,False
2026-27,5,456512,MID,58,0.2,0.05,1,0,0,0,1,0,0,0,COV,True
2026-27,5,457569,GK,90,0.0,0.0,0,2,0,0,2,0,0,0,LIV,True
2026-27,5,458249,FWD,13,0.0,0.0,1,0,0,0,1,0,0,0,FUL,False
2026-27,5,460028,DEF,90,0.0,0.01,7,0,0,0,1,0,0,0,BRE,False
2026-27,5,460842,MID,45,0.07,0.2,7,0,0,1,4,0,0,0,AVL,True
2026-27,5,461102,DEF,90,0.06,0.04,13,0,0,0,9,1,1,0,NFO,False
2026-27,5,461199,MID,0,0.0,0.0,0,0,0,0,0,0,0,0,MCI,False
2026-27,5,461587,MID,0,0.0,0.0,0,0,0,0,0,0,0,0,EVE,False
2026-27,5,462387,FWD,0,0.0,0.0,0,0,0,0,0,0,0,0,EVE,False
2026-27,5,462424,DEF,0,0.0,0.0,0,0,0,0,0,0,0,0,BHA,False
2026-27,5,462635,MID,7,0.1,0.02,1,0,0,0,1,0,0,0,NEW,False
2026-27,5,463034,FWD,90,0.13,0.21,8,0,0,0,1,0,0,1,COV,True
2026-27,5,463067,FWD,14,0.09,0.01,2,0,0,0,1,0,0,0,ARS,True
2026-27,5,463210,MID,90,0.0,0.02,13,0,0,0,4,0,0,0,MUN,True
2026-27,5,463726,DEF,0,0.0,0.0,0,0,0,0,0,0,0,0,HUL,True
2026-27,5,463936,MID,0,0.0,0.0,0,0,0,0,0,0,0,0,BRE,False
2026-27,5,463981,DEF,90,0.0,0.02,15,0,0,0,4,0,0,0,LIV,True
2026-27,5,464353,GK,0,0.0,0.0,0,0,0,0,0,0,0,0,BOU,False
2026-27,5,465247,GK,90,0.0,0.0,0,6,0,0,4,0,0,0,FUL,False
2026-27,5,465351,DEF,90,0.0,0.01,9,0,0,0,1,0,0,0,SUN,True
2026-27,5,465390,DEF,0,0.0,0.0,0,0,0,0,0,0,0,0,NFO,False
2026-27,5,465525,MID,0,0.0,0.0,0,0,0,0,0,0,0,0,NEW,False
2026-27,5,465642,DEF,90,0.0,0.01,13,0,0,0,4,0,0,0,HUL,True
2026-27,5,465680,FWD,0,0.0,0.0,0,0,0,0,0,0,0,0,COV,True
2026-27,5,465694,MID,0,0.0,0.0,0,0,0,0,0,0,0,0,HUL,True
2026-27,5,465730,DEF,90,0.02,0.23,7,0,0,0,6,1,1,1,ARS,True
2026-27,5,465920,MID,0,0.0,0.0,0,0,0,0,0,0,0,0,AVL,True
2026-27,5,466052,MID,84,0.13,0.13,5,0,1,0,8,0,1,0,SUN,True
2026-27,5,466075,DEF,90,0.07,0.03,5,0,0,0,1,0,0,0,BHA,False
2026-27,5,466525,MID,90,0.05,0.08,13,0,0,0,5,1,0,0,CRY,True
2026-27,5,467779,DEF,0,0.0,0.0,0,0,0,0,0,0,0,0,ARS,True
2026-27,5,469142,DEF,90,0.35,0.3,9,0,1,0,6,0,0,1,AVL,True
2026-27,5,469247,MID,0,0.0,0.0,0,0,0,0,0,0,0,0,TOT,False
2026-27,5,469266,MID,12,0.03,0.01,1,0,0,0,1,0,0,0,NEW,False
2026-27,5,469272,MID,45,0.04,0.0,3,0,0,0,1,0,0,0,NFO,False
2026-27,5,470294,MID,0,0.0,0.0,0,0,0,0,0,0,0,0,NEW,False
2026-27,5,470313,FWD,0,0.0,0.0,0,0,0,0,0,0,0,0,HUL,True
2026-27,5,470315,DEF,7,0.0,0.02,0,0,0,0,1,0,0,0,COV,True
2026-27,5,470551,GK,90,0.0,0.0,0,3,0,0,3,0,0,0,HUL,True
2026-27,5,471551,MID,0,0.0,0.0,0,0,0,0,0,0,0,0,ARS,True
2026-27,5,472713,DEF,21,0.0,0.01,4,0,0,0,1,0,0,0,CHE,True
2026-27,5,472739,GK,90,0.0,0.0,0,2,0,1,11,1,2,0,NFO,False
2026-27,5,472769,DEF,5,0.78,0.0,2,0,0,0,1,0,0,0,SUN,True
2026-27,5,473284,GK,90,0.0,0.0,0,3,0,0,6,0,0,1,NEW,False
2026-27,5,474120,MID,73,0.34,0.05,5,0,0,0,2,0,0,0,EVE,False
2026-27,5,475168,FWD,0,0.0,0.0,0,0,0,0,0,0,0,0,BRE,False
2026-27,5,476887,MID,0,0.0,0.0,0,0,0,0,0,0,0,0,COV,True
2026-27,5,477064,DEF,0,0.0,0.0,0,0,0,0,0,0,0,0,SUN,True
2026-27,5,477424,DEF,90,0.0,0.63,7,0,0,1,4,0,0,0,SUN,True
2026-27,5,477547,DEF,0,0.0,0.0,0,0,0,0,0,0,0,0,MCI,False
2026-27,5,477555,MID,70,0.22,0.09,6,0,0,0,3,1,0,0,MUN,True
2026-27,5,480455,DEF,90,0.0,0.0,14,0,0,0,8,1,0,0,IPS,True
2026-27,5,480457,MID,73,0.09,0.2,13,0,0,0,5,1,0,0,NFO,False
2026-27,5,481283,GK,0,0.0,0.0,0,0,0,0,0,0,0,0,TOT,False
2026-27,5,481624,MID,24,0.06,0.01,1,0,0,0,1,0,0,0,EVE,False
2026-27,5,481655,MID,30,0.13,0.0,1,0,0,0,1,0,0,0,BHA,False
2026-27,5,482442,MID,0,0.0,0.0,0,0,0,0,0,0,0,0,AVL,True
2026-27,5,482609,DEF,0,0.0,0.0,0,0,0,0,0,0,0,0,BRE,False
2026-27,5,482616,MID,71,0.05,0.03,3,0,0,0,3,1,0,0,BOU,False
2026-27,5,482973,FWD,31,0.16,0.01,3,0,0,0,1,0,0,0,COV,True
2026-27,5,483067,DEF,90,0.0,0.02,15,0,0,0,3,0,0,1,LIV,True
2026-27,5,484389,GK,0,0.0,0.0,0,0,0,0,0,0,0,0,NFO,False
2026-27,5,484420,MID,90,0.0,0.52,3,0,0,1,5,0,0,0,MCI,False
2026-27,5,485047,DEF,0,0.0,0.0,0,0,0,0,0,0,0,0,COV,True
2026-27,5,485055,GK,90,0.0,0.0,0,3,0,0,2,0,0,0,AVL,True
2026-27,5,485337,MID,0,0.0,0.0,0,0,0,0,0,0,0,0,LEE,False
2026-27,5,485711,FWD,0,0.0,0.0,0,0,0,0,0,0,0,0,FUL,False
2026-27,5,486385,FWD,0,0.0,0.0,0,0,0,0,0,0,0,0,IPS,True
2026-27,5,486520,MID,0,0.0,0.0,0,0,0,0,0,0,0,0,CRY,True
2026-27,5,486672,MID,0,0.0,0.0,0,0,0,0,0,0,0,0,BRE,False
2026-27,5,487053,DEF,0,0.0,0.0,0,0,0,0,0,0,0,0,AVL,True
2026-27,5,487117,FWD,0,0.0,0.0,0,0,0,0,0,0,0,0,ARS,True
2026-27,5,487676,DEF,11,0.1,0.01,1,0,0,0,1,0,0,0,MCI,False
2026-27,5,487838,DEF,90,0.19,0.11,10,0,1,0,13,0,3,0,HUL,True
2026-27,5,487992,DEF,90,0.03,0.01,13,0,0,0,3,0,0,0,TOT,False
2026-27,5,488024,MID,81,0.16,0.15,5,0,0,0,2,1,0,1,LEE,False
2026-27,5,489580,DEF,0,0.0,0.0,0,0,0,0,0,0,0,0,BOU,False
2026-27,5,489639,GK,90,0.0,0.0,0,2,0,0,6,1,0,0,ARS,True
2026-27,5,489706,MID,0,0.0,0.0,0,0,0,0,0,0,0,0,LEE,False
2026-27,5,489888,MID,0,0.0,0.0,0,0,0,0,0,0,0,0,LIV,True
2026-27,5,490094,MID,45,0.12,0.01,7,0,0,0,1,0,0,0,NEW,False
2026-27,5,490145,FWD,0,0.0,0.0,0,0,0,0,0,0,0,0,AVL,True
2026-27,5,490161,MID,0,0.0,0.0,0,0,0,0,0,0,0,0,NEW,False
2026-27,5,490881,MID,0,0.0,0.0,0,0,0,0,0,0,0,0,FUL,False
2026-27,5,490884,MID,27,0.27,0.2,0,0,1,0,6,0,0,0,NEW,False
2026-27,5,491007,MID,0,0.0,0.0,0,0,0,0,0,0,0,0,BRE,False
2026-27,5,491279,DEF,90,0.02,0.01,6,0,0,0,1,0,0,0,AVL,True
2026-27,5,491501,MID,0,0.0,0.0,0,0,0,0,0,0,0,0,BOU,False
2026-27,5,492498,MID,0,0.0,0.0,0,0,0,0,0,0,0,0,NFO,False
2026-27,5,492777,DEF,0,0.0,0.0,0,0,0,0,0,0,0,0,BOU,False
2026-27,5,492859,MID,0,0.0,0.0,0,0,0,0,0,0,0,0,CRY,True
2026-27,5,493105,MID,0,0.0,0.0,0,0,0,0,0,0,0,0,TOT,False
2026-27,5,493250,MID,0,0.0,0.0,0,0,0,0,0,0,0,0,FUL,False
2026-27,5,493362,MID,0,0.0,0.0,0,0,0,0,0,0,0,0,AVL,True
2026-27,5,494307,DEF,0,0.0,0.0,0,0,0,0,0,0,0,0,SUN,True
2026-27,5,494521,DEF,90,0.02,0.06,7,0,0,0,2,0,0,0,LIV,True
2026-27,5,494595,MID,70,0.22,0.05,8,0,0,1,6,1,0,0,BOU,False
2026-27,5,494928,DEF,0,0.0,0.0,0,0,0,0,0,0,0,0,LIV,True
2026-27,5,494950,GK,0,0.0,0.0,0,0,0,0,0,0,0,0,NEW,False
2026-27,5,496181,DEF,0,0.0,0.0,0,0,0,0,0,0,0,0,NEW,False
2026-27,5,496208,MID,2,0.0,0.02,0,0,0,0,1,0,0,0,LIV,True
2026-27,5,496221,MID,90,0.07,0.22,7,0,0,0,2,1,0,1,LEE,False
2026-27,5,496661,MID,24,0.17,0.16,0,0,0,0,1,0,0,0,IPS,True
2026-27,5,498016,GK,90,0.0,0.01,0,1,0,0,0,0,0,0,MCI,False
2026-27,5,498444,DEF,90,0.04,0.04,9,0,0,0,1,0,0,0,BRE,False
2026-27,5,499169,MID,0,0.0,0.0,0,0,0,0,0,0,0,0,BHA,False
2026-27,5,499175,MID,0,0.0,0.0,0,0,0,0,0,0,0,0,BHA,False
2026-27,5,499300,DEF,0,0.0,0.0,0,0,0,0,0,0,0,0,IPS,True
2026-27,5,499309,FWD,0,0.0,0.0,0,0,0,0,0,0,0,0,BRE,False
2026-27,5,499604,MID,87,0.0,0.35,4,0,0,0,2,0,0,0,LIV,True
2026-27,5,499716,DEF,0,0.0,0.0,0,0,0,0,0,0,0,0,AVL,True
2026-27,5,499721,MID,0,0.0,0.0,0,0,0,0,0,0,0,0,AVL,True
2026-27,5,499726,MID,0,0.0,0.0,0,0,0,0,0,0,0,0,AVL,True
2026-27,5,500033,MID,0,0.0,0.0,0,0,0,0,0,0,0,0,MUN,True
2026-27,5,500040,DEF,0,0.0,0.0,0,0,0,0,0,0,0,0,BHA,False
2026-27,5,500058,FWD,0,0.0,0.0,0,0,0,0,0,0,0,0,BOU,False
2026-27,5,500151,DEF,0,0.0,0.0,0,0,0,0,0,0,0,0,COV,True
2026-27,5,500957,FWD,0,0.0,0.0,0,0,0,0,0,0,0,0,NEW,False
2026-27,5,501390,MID,0,0.0,0.0,0,0,0,0,0,0,0,0,EVE,False
2026-27,5,501459,MID,0,0.0,0.0,0,0,0,0,0,0,0,0,NFO,False
2026-27,5,501902,DEF,0,0.0,0.0,0,0,0,0,0,0,0,0,NEW,False
2026-27,5,502500,FWD,90,0.72,0.03,3,0,1,0,5,1,0,1,CHE,True
2026-27,5,502697,MID,0,0.0,0.0,0,0,0,0,0,0,0,0,IPS,True
2026-27,5,503037,FWD,0,0.0,0.0,0,0,0,0,0,0,0,0,BRE,False
2026-27,5,503139,MID,90,0.12,0.07,8,0,0,0,2,0,0,0,LIV,True
2026-27,5,503301,MID,0,0.0,0.0,0,0,0,0,0,0,0,0,COV,True
2026-27,5,505079,GK,0,0.0,0.0,0,0,0,0,0,0,0,0,MUN,True
2026-27,5,507433,GK,0,0.0,0.0,0,0,0,0,0,0,0,0,CHE,True
2026-27,5,508395,MID,68,0.03,0.06,10,0,0,0,3,1,0,0,CHE,True
2026-27,5,508479,GK,0,0.0,0.0,0,0,0,0,0,0,0,0,BRE,False
2026-27,5,509416,MID,90,0.11,0.08,7,0,0,0,3,1,0,0,ARS,True
2026-27,5,510281,MID,90,0.29,0.17,5,0,0,0,2,0,0,0,AVL,True
2026-27,5,510663,FWD,0,0.0,0.0,0,0,0,0,0,0,0,0,BOU,False
2026-27,5,511499,MID,0,0.0,0.0,0,0,0,0,0,0,0,0,AVL,True
2026-27,5,512123,DEF,0,0.0,0.0,0,0,0,0,0,0,0,0,ARS,True
2026-27,5,512462,DEF,1,0.0,0.0,1,0,0,0,1,0,0,0,IPS,True
2026-27,5,513086,DEF,90,0.0,0.52,16,0,0,1,14,1,3,0,CHE,True
2026-27,5,513418,MID,90,0.54,0.02,7,0,0,2,9,1,0,0,CHE,True
2026-27,5,513466,MID,0,0.0,0.0,0,0,0,0,0,0,0,0,IPS,True
2026-27,5,513545,MID,21,0.0,0.0,3,0,0,0,0,0,0,1,CHE,True
2026-27,5,514254,MID,85,0.0,0.02,13,0,0,1,8,1,0,0,ARS,True
2026-27,5,514356,MID,0,0.0,0.0,0,0,0,0,0,0,0,0,BRE,False
2026-27,5,514514,MID,9,0.25,0.0,0,0,0,0,1,0,0,0,BOU,False
2026-27,5,515046,GK,0,0.0,0.0,0,0,0,0,0,0,0,0,MCI,False
2026-27,5,515597,MID,0,0.0,0.0,0,0,0,0,0,0,0,0,TOT,False
2026-27,5,515621,DEF,0,0.0,0.0,0,0,0,0,0,0,0,0,LEE,False
2026-27,5,516895,MID,79,0.06,0.1,12,0,0,0,4,0,0,0,FUL,False
2026-27,5,517052,FWD,87,0.44,0.02,4,0,1,0,6,0,1,1,TOT,False
2026-27,5,519324,MID,0,0.0,0.0,0,0,0,0,0,0,0,0,ARS,True
2026-27,5,519440,DEF,0,0.0,0.0,0,0,0,0,0,0,0,0,BOU,False
2026-27,5,519634,DEF,0,0.0,0.0,0,0,0,0,0,0,0,0,MCI,False
2026-27,5,519913,MID,0,0.0,0.0,0,0,0,0,0,0,0,0,FUL,False
2026-27,5,522047,DEF,90,0.4,0.01,8,0,0,0,6,1,0,0,CRY,True
2026-27,5,523700,FWD,15,0.0,0.0,0,0,0,0,1,0,0,0,LIV,True
2026-27,5,524180,MID,0,0.0,0.0,0,0,0,0,0,0,0,0,EVE,False
2026-27,5,531442,MID,66,0.14,0.28,4,0,0,0,-1,0,0,0,EVE,False
2026-27,5,532529,MID,0,0.0,0.0,0,0,0,0,0,0,0,0,ARS,True
2026-27,5,532605,MID,0,0.0,0.0,0,0,0,0,0,0,0,0,FUL,False
2026-27,5,533463,MID,9,0.0,0.0,0,0,0,0,1,0,0,0,CHE,True
2026-27,5,533646,MID,0,0.0,0.0,0,0,0,0,0,0,0,0,LEE,False
2026-27,5,534392,FWD,0,0.0,0.0,0,0,0,0,0,0,0,0,NEW,False
2026-27,5,535301,MID,0,0.0,0.0,0,0,0,0,0,0,0,0,FUL,False
2026-27,5,535818,MID,0,0.0,0.0,0,0,0,0,0,0,0,0,MCI,False
2026-27,5,535928,MID,0,0.0,0.0,0,0,0,0,0,0,0,0,BOU,False
2026-27,5,536661,MID,59,0.45,0.01,4,0,0,1,4,0,0,0,MCI,False
2026-27,5,536694,MID,0,0.0,0.0,0,0,0,0,0,0,0,0,LEE,False
2026-27,5,536916,MID,0,0.0,0.0,0,0,0,0,0,0,0,0,ARS,True
2026-27,5,538007,FWD,0,0.0,0.0,0,0,0,0,0,0,0,0,ARS,True
2026-27,5,538207,FWD,0,0.0,0.0,0,0,0,0,0,0,0,0,HUL,True
2026-27,5,538638,DEF,0,0.0,0.0,0,0,0,0,0,0,0,0,COV,True
2026-27,5,539142,DEF,0,0.0,0.0,0,0,0,0,0,0,0,0,NFO,False
2026-27,5,540324,MID,82,0.35,0.31,11,0,0,1,4,0,0,1,NEW,False
2026-27,5,543158,MID,86,0.03,0.02,9,0,0,0,2,0,0,0,BRE,False
2026-27,5,543295,MID,0,0.0,0.0,0,0,0,0,0,0,0,0,CHE,True
2026-27,5,543968,FWD,80,0.13,0.01,1,0,0,0,2,0,0,0,EVE,False
2026-27,5,544877,DEF,90,0.05,0.01,7,0,0,0,6,1,0,0,BOU,False
2026-27,5,545477,DEF,0,0.0,0.0,0,0,0,0,0,0,0,0,HUL,True
2026-27,5,546600,GK,0,0.0,0.0,0,0,0,0,0,0,0,0,EVE,False
2026-27,5,547027,MID,0,0.0,0.0,0,0,0,0,0,0,0,0,MCI,False
2026-27,5,547037,MID,0,0.0,0.0,0,0,0,0,0,0,0,0,FUL,False
2026-27,5,547676,DEF,0,0.0,0.0,0,0,0,0,0,0,0,0,FUL,False
2026-27,5,547686,DEF,0,0.0,0.0,0,0,0,0,0,0,0,0,MUN,True
2026-27,5,547701,MID,71,0.14,0.01,5,0,0,0,2,0,0,0,AVL,True
2026-27,5,547719,MID,90,0.0,0.04,16,0,0,0,4,0,0,0,HUL,True
2026-27,5,548308,DEF,0,0.0,0.0,0,0,0,0,0,0,0,0,AVL,True
2026-27,5,549067,DEF,0,0.0,0.0,0,0,0,0,0,0,0,0,COV,True
2026-27,5,549074,MID,0,0.0,0.0,0,0,0,0,0,0,0,0,ARS,True
2026-27,5,549653,FWD,0,0.0,0.0,0,0,0,0,0,0,0,0,NFO,False
2026-27,5,549912,MID,0,0.0,0.0,0,0,0,0,0,0,0,0,MCI,False
2026-27,5,549939,GK,0,0.0,0.0,0,0,0,0,0,0,0,0,BRE,False
2026-27,5,549940,MID,30,0.39,0.01,3,0,0,0,1,0,0,0,MCI,False
2026-27,5,550090,DEF,0,0.0,0.0,0,0,0,0,0,0,0,0,ARS,True
2026-27,5,550615,MID,11,0.03,0.01,2,0,0,0,1,0,0,0,IPS,True
2026-27,5,550839,MID,0,0.0,0.0,0,0,0,0,0,0,0,0,AVL,True
2026-27,5,550864,DEF,0,0.0,0.0,0,0,0,0,0,0,0,0,FUL,False
2026-27,5,551050,MID,13,0.0,0.0,4,0,0,0,1,0,0,0,MUN,True
2026-27,5,551210,DEF,0,0.0,0.0,0,0,0,0,0,0,0,0,BRE,False
2026-27,5,551226,MID,45,0.07,0.02,7,0,0,0,1,0,0,0,AVL,True
2026-27,5,551262,FWD,0,0.0,0.0,0,0,0,0,0,0,0,0,NFO,False
2026-27,5,551466,FWD,79,0.69,0.33,2,0,0,0,2,1,0,0,MUN,True
2026-27,5,551499,MID,18,0.0,0.06,3,0,0,0,1,0,0,0,BOU,False
2026-27,5,552946,MID,0,0.0,0.0,0,0,0,0,0,0,0,0,NEW,False
2026-27,5,553746,DEF,0,0.0,0.0,0,0,0,0,0,0,0,0,HUL,True
2026-27,5,553783,MID,0,0.0,0.0,0,0,0,0,0,0,0,0,NEW,False
2026-27,5,554054,DEF,0,0.0,0.0,0,0,0,0,0,0,0,0,SUN,True
2026-27,5,554197,MID,0,0.0,0.0,0,0,0,0,0,0,0,0,MCI,False
2026-27,5,554578,GK,0,0.0,0.0,0,0,0,0,0,0,0,0,HUL,True
2026-27,5,556637,MID,0,0.0,0.0,0,0,0,0,0,0,0,0,ARS,True
2026-27,5,557012,FWD,0,0.0,0.0,0,0,0,0,0,0,0,0,EVE,False
2026-27,5,559152,MID,0,0.0,0.0,0,0,0,0,0,0,0,0,LEE,False
2026-27,5,560262,MID,0,0.0,0.0,0,0,0,0,0,0,0,0,LIV,True
2026-27,5,560552,MID,19,0.04,0.0,2,0,0,0,1,0,0,0,MUN,True
2026-27,5,561245,FWD,0,0.0,0.0,0,0,0,0,0,0,0,0,LIV,True
2026-27,5,565297,FWD,0,0.0,0.0,0,0,0,0,0,0,0,0,CRY,True
2026-27,5,566213,DEF,90,0.0,0.01,8,0,0,0,6,1,0,0,NFO,False
2026-27,5,567119,FWD,0,0.0,0.0,0,0,0,0,0,0,0,0,BRE,False
2026-27,5,568420,DEF,72,0.05,0.01,5,0,0,0,2,0,0,0,COV,True
2026-27,5,569577,DEF,0,0.0,0.0,0,0,0,0,0,0,0,0,TOT,False
2026-27,5,570241,DEF,0,0.0,0.0,0,0,0,0,0,0,0,0,CHE,True
2026-27,5,570526,MID,6,0.0,0.01,1,0,0,0,1,0,0,0,AVL,True
2026-27,5,570794,DEF,90,0.0,0.02,6,0,0,0,6,1,0,0,LEE,False
2026-27,5,571380,MID,0,0.0,0.0,0,0,0,0,0,0,0,0,TOT,False
2026-27,5,571779,MID,19,0.0,0.0,4,0,0,0,1,0,0,0,MUN,True
2026-27,5,572584,DEF,90,0.02,0.01,8,0,0,0,2,0,0,0,EVE,False
2026-27,5,574458,DEF,0,0.0,0.0,0,0,0,0,0,0,0,0,BRE,False
2026-27,5,575204,MID,0,0.0,0.0,0,0,0,0,0,0,0,0,SUN,True
2026-27,5,575458,DEF,90,0.02,0.01,8,0,0,0,1,0,0,1,COV,True
2026-27,5,575476,DEF,90,0.07,0.08,11,0,0,0,4,0,0,0,COV,True
2026-27,5,575901,DEF,0,0.0,0.0,0,0,0,0,0,0,0,0,LIV,True
2026-27,5,576620,MID,0,0.0,0.0,0,0,0,0,0,0,0,0,FUL,False
2026-27,5,576628,MID,0,0.0,0.0,0,0,0,0,0,0,0,0,FUL,False
2026-27,5,577016,DEF,19,0.0,0.01,1,0,0,0,0,0,0,0,BRE,False
2026-27,5,577285,MID,18,0.0,0.0,0,0,0,0,1,0,0,0,TOT,False
2026-27,5,577411,DEF,0,0.0,0.0,0,0,0,0,0,0,0,0,NFO,False
2026-27,5,577669,MID,67,0.04,0.01,3,0,0,0,2,0,0,0,MCI,False
2026-27,5,577725,MID,79,0.38,0.03,5,0,0,0,2,1,0,1,MUN,True
2026-27,5,577974,DEF,0,0.0,0.0,0,0,0,0,0,0,0,0,FUL,False
2026-27,5,578153,DEF,0,0.0,0.0,0,0,0,0,0,0,0,0,SUN,True
2026-27,5,578512,DEF,0,0.0,0.0,0,0,0,0,0,0,0,0,HUL,True
2026-27,5,578545,DEF,0,0.0,0.0,0,0,0,0,0,0,0,0,TOT,False
2026-27,5,586268,GK,0,0.0,0.0,0,0,0,0,0,0,0,0,BOU,False
2026-27,5,586309,FWD,90,0.52,0.01,5,0,1,0,6,1,0,0,IPS,True
2026-27,5,587982,MID,1,0.0,0.0,0,0,0,0,1,0,0,0,CRY,True
2026-27,5,590014,DEF,0,0.0,0.0,0,0,0,0,0,0,0,0,LEE,False
2026-27,5,590039,MID,0,0.0,0.0,0,0,0,0,0,0,0,0,SUN,True
2026-27,5,591386,MID,19,0.0,0.0,5,0,0,0,1,0,0,0,BOU,False
2026-27,5,592031,MID,0,0.0,0.0,0,0,0,0,0,0,0,0,ARS,True
2026-27,5,592740,MID,0,0.0,0.0,0,0,0,0,0,0,0,0,CRY,True
2026-27,5,592984,MID,84,0.28,0.11,9,0,1,0,8,1,0,0,ARS,True
2026-27,5,593117,MID,19,0.03,0.01,0,0,0,0,1,0,0,0,BRE,False
2026-27,5,593174,FWD,0,0.0,0.0,0,0,0,0,0,0,0,0,CHE,True
2026-27,5,595480,MID,0,0.0,0.0,0,0,0,0,0,0,0,0,SUN,True
2026-27,5,596047,FWD,0,0.0,0.0,0,0,0,0,0,0,0,0,FUL,False
2026-27,5,596777,MID,6,0.13,0.01,2,0,0,1,4,0,0,0,FUL,False
2026-27,5,597320,MID,0,0.0,0.0,0,0,0,0,0,0,0,0,ARS,True
2026-27,5,597462,DEF,90,0.02,0.03,8,0,0,0,1,0,0,0,NEW,False
2026-27,5,599303,FWD,0,0.0,0.0,0,0,0,0,0,0,0,0,HUL,True
2026-27,5,601767,FWD,0,0.0,0.0,0,0,0,0,0,0,0,0,HUL,True
2026-27,5,605972,DEF,0,0.0,0.0,0,0,0,0,0,0,0,0,LEE,False
2026-27,5,606702,DEF,90,0.0,0.02,8,0,0,0,6,1,0,0,BOU,False
2026-27,5,606745,DEF,0,0.0,0.0,0,0,0,0,0,0,0,0,FUL,False
2026-27,5,606798,DEF,0,0.0,0.0,0,0,0,0,0,0,0,0,TOT,False
2026-27,5,606921,MID,0,0.0,0.0,0,0,0,0,0,0,0,0,LEE,False
2026-27,5,606930,DEF,0,0.0,0.0,0,0,0,0,0,0,0,0,NEW,False
2026-27,5,607464,DEF,68,0.0,0.07,2,0,0,0,6,1,0,0,CHE,True
2026-27,5,608181,FWD,0,0.0,0.0,0,0,0,0,0,0,0,0,ARS,True
2026-27,5,608227,MID,0,0.0,0.0,0,0,0,0,0,0,0,0,NEW,False
2026-27,5,609873,MID,90,0.12,0.37,5,0,0,0,2,1,0,1,IPS,True
2026-27,5,610799,DEF,90,0.0,0.0,12,0,0,0,8,1,0,0,ARS,True
2026-27,5,611665,MID,16,0.0,0.0,2,0,0,0,1,0,0,0,HUL,True
2026-27,5,611695,MID,5,0.04,0.18,1,0,0,0,1,0,0,0,ARS,True
2026-27,5,611917,MID,0,0.0,0.0,0,0,0,0,0,0,0,0,AVL,True
2026-27,5,611922,MID,0,0.0,0.0,0,0,0,0,0,0,0,0,BOU,False
2026-27,5,612534,DEF,0,0.0,0.0,0,0,0,0,0,0,0,0,CHE,True
2026-27,5,612855,MID,0,0.0,0.0,0,0,0,0,0,0,0,0,ARS,True
2026-27,5,613221,FWD,73,0.05,0.0,2,0,0,0,2,0,0,0,HUL,True
2026-27,5,613804,DEF,9,0.0,0.0,1,0,0,0,1,0,0,0,CHE,True
2026-27,5,614071,MID,71,0.44,0.16,7,0,1,1,13,1,2,0,TOT,False
2026-27,5,614574,MID,2,0.0,0.0,0,0,0,0,1,0,0,0,LIV,True
2026-27,5,616069,MID,0,0.0,0.0,0,0,0,0,0,0,0,0,MUN,True
2026-27,5,616077,MID,9,0.0,0.08,0,0,0,0,1,0,0,0,BHA,False
2026-27,5,616221,DEF,0,0.0,0.0,0,0,0,0,0,0,0,0,AVL,True
2026-27,5,616222,DEF,0,0.0,0.0,0,0,0,0,0,0,0,0,SUN,True
2026-27,5,616288,MID,0,0.0,0.0,0,0,0,0,0,0,0,0,SUN,True
2026-27,5,620109,DEF,0,0.0,0.0,0,0,0,0,0,0,0,0,BRE,False
2026-27,5,620487,DEF,0,0.0,0.0,0,0,0,0,0,0,0,0,LIV,True
2026-27,5,622758,DEF,0,0.0,0.0,0,0,0,0,0,0,0,0,BRE,False
2026-27,5,624773,MID,3,0.0,0.0,0,0,0,0,1,0,0,0,BRE,False
2026-27,5,624777,MID,0,0.0,0.0,0,0,0,0,0,0,0,0,SUN,True
2026-27,5,626464,MID,0,0.0,0.0,0,0,0,0,0,0,0,0,CHE,True
2026-27,5,626751,FWD,0,0.0,0.0,0,0,0,0,0,0,0,0,NEW,False
2026-27,5,627221,FWD,0,0.0,0.0,0,0,0,0,0,0,0,0,NFO,False
2026-27,5,629068,MID,0,0.0,0.0,0,0,0,0,0,0,0,0,IPS,True
2026-27,5,629397,MID,0,0.0,0.0,0,0,0,0,0,0,0,0,NFO,False
2026-27,5,631000,FWD,12,0.0,0.01,1,0,0,0,1,0,0,0,NEW,False
2026-27,5,631786,FWD,0,0.0,0.0,0,0,0,0,0,0,0,0,MUN,True
2026-27,5,632794,MID,3,0.0,0.0,4,0,0,0,1,0,0,0,HUL,True
2026-27,5,636846,MID,3,0.0,0.0,2,0,0,0,1,0,0,0,BRE,False
2026-27,5,636852,MID,65,0.0,0.03,7,0,0,0,3,1,0,0,HUL,True
2026-27,5,637238,MID,0,0.0,0.0,0,0,0,0,0,0,0,0,SUN,True
2026-27,5,638411,DEF,90,0.03,0.01,3,0,0,0,-1,0,0,1,MCI,False
2026-27,5,638987,MID,6,0.0,0.0,0,0,0,0,1,0,0,0,TOT,False
2026-27,5,640419,DEF,0,0.0,0.0,0,0,0,0,0,0,0,0,AVL,True
2026-27,5,643970,DEF,0,0.0,0.0,0,0,0,0,0,0,0,0,CRY,True
2026-27,5,645618,MID,0,0.0,0.0,0,0,0,0,0,0,0,0,TOT,False
2026-27,5,647681,DEF,0,0.0,0.0,0,0,0,0,0,0,0,0,BOU,False
2026-27,5,647839,MID,0,0.0,0.0,0,0,0,0,0,0,0,0,NEW,False
2026-27,5,647850,FWD,75,0.18,0.01,4,0,1,1,10,1,2,1,ARS,True
2026-27,5,649208,MID,0,0.0,0.0,0,0,0,0,0,0,0,0,SUN,True
2026-27,5,651426,DEF,90,0.0,0.12,10,0,0,0,8,1,0,0,LEE,False
2026-27,5,653481,MID,0,0.0,0.0,0,0,0,0,0,0,0,0,TOT,False
2026-27,5,655585,MID,0,0.0,0.0,0,0,0,0,0,0,0,0,HUL,True
2026-27,5,660392,FWD,0,0.0,0.0,0,0,0,0,0,0,0,0,LEE,False
2026-27,5,661016,MID,0,0.0,0.0,0,0,0,0,0,0,0,0,ARS,True
2026-27,5,661313,FWD,0,0.0,0.0,0,0,0,0,0,0,0,0,MCI,False
2026-27,5,661800,DEF,0,0.0,0.0,0,0,0,0,0,0,0,0,NEW,False
2026-27,5,661888,MID,90,0.0,0.01,5,0,0,0,3,1,0,0,NFO,False
2026-27,5,665243,MID,0,0.0,0.0,0,0,0,0,0,0,0,0,HUL,True
2026-27,5,671875,MID,0,0.0,0.0,0,0,0,0,0,0,0,0,HUL,True
2026-27,5,672492,MID,0,0.0,0.0,0,0,0,0,0,0,0,0,LEE,False
2026-27,5,684268,MID,0,0.0,0.0,0,0,0,0,0,0,0,0,NFO,False
2026-27,5,690838,FWD,0,0.0,0.0,0,0,0,0,0,0,0,0,TOT,False
2026-27,5,696104,MID,0,0.0,0.0,0,0,0,0,0,0,0,0,MCI,False
2026-27,5,699989,MID,0,0.0,0.0,0,0,0,0,0,0,0,0,MCI,False
2026-27,5,700308,MID,0,0.0,0.0,0,0,0,0,0,0,0,0,ARS,True
