can_transact,can_select,chance_of_playing_next_round,chance_of_playing_this_round,code,cost_change_event,cost_change_event_fall,cost_change_start,cost_change_start_fall,price_change_percent,dreamteam_count,element_type,ep_next,ep_this,event_points,first_name,form,id,in_dreamteam,news,news_added,now_cost,photo,points_per_game,removed,second_name,selected_by_percent,special,squad_number,status,team,team_code,total_points,transfers_in,transfers_in_event,transfers_out,transfers_out_event,value_form,value_season,web_name,known_name,region,team_join_date,birth_date,has_temporary_code,opta_code,minutes,goals_scored,assists,clean_sheets,goals_conceded,own_goals,penalties_saved,penalties_missed,yellow_cards,red_cards,saves,bonus,bps,influence,creativity,threat,ict_index,clearances_blocks_interceptions,recoveries,tackles,defensive_contribution,starts,expected_goals,expected_assists,expected_goal_involvements,expected_goals_conceded,corners_and_indirect_freekicks_order,corners_and_indirect_freekicks_text,direct_freekicks_order,direct_freekicks_text,penalties_order,penalties_text,scout_risks,scout_news_link,influence_rank,influence_rank_type,creativity_rank,creativity_rank_type,threat_rank,threat_rank_type,ict_index_rank,ict_index_rank_type,expected_goals_per_90,saves_per_90,expected_assists_per_90,expected_goal_involvements_per_90,expected_goals_conceded_per_90,goals_conceded_per_90,now_cost_rank,now_cost_rank_type,form_rank,form_rank_type,points_per_game_rank,points_per_game_rank_type,selected_rank,selected_rank_type,starts_per_90,clean_sheets_per_90,defensive_contribution_per_90,pos,team_name,price
True,True,,,154561,0,0,0,0,0,0,1,4.0,,0,David,0.0,1,False,,,60,154561.jpg,4.4,False,Raya Martín,31.1,False,,a,1,3,162,0,0,0,0,0.0,27.0,Raya,,,,,False,p154561,3330,0,0,19,26,0,0,0,1,0,60,11,633,541.6,33.5,0.0,57.5,0,0,0,0,37,0.0,0.07,0.07,27.56,,,,,,,[],,96,16,304,3,549,60,229,16,0.0,1.62,0.0,0.0,0.74,0.7,60,1,454,60,32,3,6,1,1.0,0.51,0.0,GK,ARS,6.0
True,True,,,109745,0,0,0,0,0,0,1,2.6,,0,Kepa,0.0,2,False,,,50,109745.jpg,2.0,False,Arrizabalaga Revuelta,0.1,False,,a,1,3,2,0,0,0,0,0.0,0.4,Arrizabalaga,,,,,False,p109745,90,0,0,0,1,0,0,0,0,0,2,0,11,19.8,0.0,0.0,2.0,0,0,0,0,1,0.0,0.0,0.0,0.98,,,,,,,[],,357,30,486,54,480,49,373,30,0.0,2.0,0.0,0.0,0.98,1.0,222,8,200,46,285,28,326,38,1.0,0.0,0.0,GK,ARS,5.0
True,True,,,437495,0,0,0,0,0,0,1,2.6,,0,Illan,0.0,3,False,,,50,437495.jpg,0.0,False,Meslier,0.1,False,,a,1,3,0,0,0,0,0,0.0,0.0,Meslier,,,,,False,p437495,0,11,0,0,0,0,0,0,0,0,0,0,11,0.0,0.0,0.0,0.0,0,0,0,0,0,0.0,0.0,0.0,0.0,,,,,,,[],,508,60,505,57,502,55,508,60,0.0,0.0,0.0,0.0,0.0,0.0,285,14,263,52,508,60,431,54,0.0,0.0,0.0,GK,ARS,5.0
True,True,,,226597,0,0,0,0,0,0,2,4.0,,0,Gabriel,0.0,4,False,,,80,226597.jpg,6.5,False,dos Santos Magalhães,27.0,False,,a,1,3,209,0,0,0,0,0.0,26.1,Gabriel,,,,,False,p226597,2750,3,5,18,20,0,0,0,4,0,0,30,724,824.0,128.5,298.0,125.0,0,0,0,0,30,2.94,1.75,4.69,22.01,,,,,,,[],,25,9,219,61,101,15,80,18,0.1,0.0,0.06,0.16,0.72,0.65,9,1,549,184,4,1,9,3,0.98,0.59,0.0,DEF,ARS,8.0
True,True,0.0,,445122,0,0,0,0,0,0,2,0.0,,0,Jurriën,0.0,5,False,Groin injury - Unknown return date,2026-07-23T12:01:23.272929Z,65,445122.jpg,5.0,False,Timber,0.3,False,,i,1,3,149,0,0,0,0,0.0,22.9,J.Timber,,,,,False,p445122,2452,3,6,13,20,0,0,0,5,0,0,9,532,499.0,402.6,352.0,125.7,0,0,0,0,28,4.71,1.53,6.24,17.45,,,,,,,[],https://x.com/onsoranje/status/2064038072455495714?utm_source=premier-league-web&utm_medium=referral&utm_campaign=pl-referral-always-on&utm_term=injuries&utm_content=club-injury-article,114,49,76,18,76,9,79,17,0.17,0.0,0.06,0.23,0.64,0.73,47,3,520,182,13,3,213,76,1.03,0.48,0.0,DEF,ARS,6.5
True,True,0.0,,462424,0,0,0,0,0,0,2,0.0,,0,William,0.0,6,False,Back injury - Unknown return date,2026-07-23T12:01:23.289376Z,60,462424.jpg,4.4,False,Saliba,0.5,False,,i,1,3,137,0,0,0,0,0.0,22.8,Saliba,,,,,False,p462424,2614,1,0,15,20,0,0,0,2,0,0,12,581,552.6,201.0,90.0,84.3,0,0,0,0,30,0.88,1.21,2.09,20.41,,,,,,,[],https://www.arsenal.com/news/medical-update-william-saliba-aVUca3q2han2,92,41,167,41,245,76,164,57,0.03,0.0,0.04,0.07,0.7,0.69,88,9,482,179,34,13,269,98,1.03,0.52,0.0,DEF,ARS,6.0
True,True,,,499169,0,0,0,0,0,0,3,2.0,,0,Myles,0.0,7,False,,,55,499169.jpg,1.4,False,Lewis-Skelly,0.3,False,,a,1,3,29,0,0,0,0,0.0,5.3,Lewis-Skelly,,,,,False,p499169,697,0,0,2,8,0,0,0,3,0,0,0,110,73.2,74.6,29.0,17.6,0,0,0,0,5,0.1,0.2,0.3,9.01,,,,,,,[],,318,144,262,145,302,157,315,150,0.01,0.0,0.03,0.04,1.16,1.03,188,116,425,159,341,155,313,109,0.65,0.26,0.0,MID,ARS,5.5
True,True,,,466075,0,0,0,0,0,0,2,2.5,,0,Riccardo,0.0,8,False,,,55,466075.jpg,4.2,False,Calafiori,17.9,False,,a,1,3,109,0,0,0,0,0.0,19.8,Calafiori,,,,,False,p466075,1697,1,2,13,8,0,0,0,5,0,0,6,389,283.0,182.3,313.0,77.9,0,0,0,0,22,3.36,0.76,4.12,9.72,,,,,,,[],,211,80,182,46,93,12,178,62,0.18,0.0,0.04,0.22,0.52,0.42,173,24,410,166,41,16,41,15,1.17,0.69,0.0,DEF,ARS,5.5
True,True,,,448104,0,0,0,0,0,0,2,2.5,,0,Piero,0.0,9,False,,,55,448104.jpg,3.5,False,Hincapié,3.9,False,,a,1,3,87,0,0,0,0,0.0,15.8,Hincapie,,,,,False,p448104,1787,1,2,5,19,1,0,0,2,0,0,7,335,453.6,184.7,72.0,70.9,0,0,0,0,20,0.36,1.67,2.03,17.53,,,,,,,[],,129,54,180,45,258,82,196,65,0.02,0.0,0.08,0.1,0.88,0.96,164,21,401,163,105,43,69,27,1.01,0.25,0.0,DEF,ARS,5.5
True,True,100.0,,198869,0,0,0,0,0,0,2,0.0,,0,Benjamin,0.0,10,False,,2026-07-23T12:01:23.305229Z,55,198869.jpg,3.8,False,White,1.0,False,,a,1,3,45,0,0,0,0,0.0,8.2,White,,,,,False,p198869,699,0,1,5,6,0,0,0,0,0,0,3,181,154.8,133.4,54.0,34.3,0,0,0,0,9,0.45,0.69,1.14,8.68,,,,,,,[],,272,101,213,58,275,89,280,92,0.06,0.0,0.09,0.15,1.12,0.77,127,13,364,155,71,27,533,179,1.16,0.64,0.0,DEF,ARS,5.5
True,True,,,500040,0,0,0,0,0,0,2,2.5,,0,Cristhian,0.0,11,False,,,55,500040.jpg,2.0,False,Mosquera,14.0,False,,a,1,3,40,0,0,0,0,0.0,7.3,Mosquera,,,,,False,p500040,986,0,0,3,8,0,0,0,4,0,0,1,195,219.2,88.7,20.0,32.9,0,0,0,0,9,0.1,0.63,0.73,9.04,,,,,,,[],,239,90,243,79,310,108,282,93,0.01,0.0,0.06,0.07,0.83,0.73,190,28,427,170,288,110,25,9,0.82,0.27,0.0,DEF,ARS,5.5
True,True,,,223340,0,0,0,0,0,0,3,3.2,,0,Bukayo,0.0,12,False,,,95,223340.jpg,5.1,False,Saka,10.6,False,,a,1,3,157,0,0,0,0,0.0,16.5,Saka,,,,,False,p223340,2218,7,10,12,16,0,0,0,2,0,0,18,570,627.0,847.6,828.0,230.6,0,0,0,0,25,7.57,7.16,14.73,15.57,6.0,,2.0,,1.0,,[],,68,20,12,11,11,6,10,8,0.31,0.0,0.29,0.6,0.63,0.65,3,2,555,244,12,6,42,14,1.01,0.49,0.0,MID,ARS,9.5
True,True,,,204480,0,0,0,0,0,0,3,2.6,,0,Declan,0.0,13,False,,,75,204480.jpg,5.1,False,Rice,21.7,False,,a,1,3,184,0,0,0,0,0.0,24.5,Rice,,,,,False,p204480,3093,4,9,18,25,0,0,0,3,0,0,23,790,827.2,1027.4,298.0,215.4,0,0,0,0,35,3.15,7.32,10.47,23.87,5.0,,1.0,,,,[],,24,8,4,4,100,63,14,11,0.09,0.0,0.21,0.3,0.69,0.73,13,8,537,234,9,4,12,4,1.02,0.52,0.0,MID,ARS,7.5
True,True,,,232413,0,0,0,0,0,0,3,2.3,,0,Eberechi,0.0,14,False,,,65,232413.jpg,3.4,False,Eze,3.0,False,,a,1,3,113,0,0,0,0,0.0,17.4,Eze,,,,,False,p232413,1885,7,3,11,14,0,0,0,1,0,0,8,439,393.4,305.7,455.0,115.1,0,0,0,0,22,5.18,2.66,7.84,14.21,,,3.0,,,,[],,156,61,123,85,47,28,95,54,0.25,0.0,0.13,0.38,0.68,0.67,41,28,514,216,122,50,100,33,1.05,0.53,0.0,MID,ARS,6.5
True,True,,,184029,0,0,0,0,0,0,3,2.3,,0,Martin,0.0,15,False,,,65,184029.jpg,3.1,False,Ødegaard,2.9,False,,a,1,3,74,0,0,0,0,0.0,11.4,Ødegaard,,,,,False,p184029,1363,1,7,6,13,0,0,0,0,0,0,5,306,311.8,564.4,168.0,104.4,0,0,0,0,16,1.25,3.65,4.9,16.2,8.0,,,,3.0,,[],,196,85,39,36,180,98,120,68,0.08,0.0,0.24,0.32,1.07,0.86,35,23,508,211,163,62,108,35,1.06,0.4,0.0,MID,ARS,6.5
True,True,,,248857,0,0,0,0,0,0,3,2.3,,0,Noni,0.0,16,False,,,65,248857.jpg,2.8,False,Madueke,0.3,False,,a,1,3,72,0,0,0,0,0.0,11.1,Madueke,,,,,False,p248857,1205,3,1,8,9,0,0,0,0,0,0,9,254,257.4,352.8,404.0,101.3,0,0,0,0,16,1.23,2.86,4.09,12.77,7.0,,,,,,[],,221,98,98,71,64,38,126,72,0.09,0.0,0.21,0.3,0.95,0.67,43,30,516,218,201,77,304,102,1.2,0.6,0.0,MID,ARS,6.5
True,True,,,195384,0,0,0,0,0,0,3,2.1,,0,Mikel,0.0,17,False,,,60,195384.jpg,3.0,False,Merino Zazón,1.1,False,,a,1,3,67,0,0,0,0,0.0,11.2,Merino,,,,,False,p195384,1024,4,3,4,10,0,0,0,1,0,0,5,236,304.4,191.8,244.0,73.6,0,0,0,0,10,3.36,1.45,4.81,7.36,,,,,,,[],,199,88,176,118,119,69,189,94,0.3,0.0,0.13,0.43,0.65,0.88,64,42,458,177,175,68,184,60,0.88,0.35,0.0,MID,ARS,6.0
True,True,,,444145,0,0,0,0,0,0,3,2.3,,0,Gabriel,0.0,18,False,,,65,444145.jpg,1.9,False,Martinelli Silva,0.3,False,,a,1,3,57,0,0,0,0,0.0,8.8,Martinelli,,,,,False,p444145,1065,1,5,2,8,0,0,0,3,0,0,3,195,204.6,202.2,390.0,79.0,0,0,0,0,11,4.12,1.27,5.39,10.51,,,,,,,[],,249,112,166,111,69,42,177,86,0.35,0.0,0.11,0.46,0.89,0.68,45,32,518,220,298,130,312,108,0.93,0.17,0.0,MID,ARS,6.5
True,True,,,481655,0,0,0,0,0,0,3,2.0,,0,Martín,0.0,19,False,,,55,481655.jpg,3.5,False,Zubimendi Ibáñez,1.5,False,,a,1,3,133,0,0,0,0,0.0,24.2,Zubimendi,,,,,False,p481655,2991,5,1,16,25,0,0,0,4,0,0,9,604,603.2,385.1,271.0,126.2,0,0,0,0,34,2.84,2.27,5.11,26.09,,,,,,,[],,74,24,85,63,110,64,78,49,0.09,0.0,0.07,0.16,0.79,0.75,180,110,417,153,107,42,172,55,1.02,0.48,0.0,MID,ARS,5.5
True,True,,,616077,0,0,0,0,0,0,3,2.0,,0,Max,0.0,20,False,,,55,616077.jpg,2.7,False,Dowman,0.2,False,,a,1,3,16,0,0,0,0,0.0,2.9,Dowman,,,,,False,p616077,152,1,1,1,1,0,0,0,0,0,0,0,51,45.2,55.5,65.0,16.6,0,0,0,0,1,1.19,0.3,1.49,0.88,,,,,,,[],,338,154,279,153,264,140,318,152,0.7,0.0,0.18,0.88,0.52,0.59,210,131,447,174,212,83,382,143,0.59,0.59,0.0,MID,ARS,5.5
True,True,,,499175,0,0,0,0,0,0,3,2.0,,0,Ethan,0.0,22,False,,,55,499175.jpg,1.3,False,Nwaneri,0.0,False,,a,1,3,8,0,0,0,0,0.0,1.5,Nwaneri,,,,,False,p499175,165,0,0,1,0,0,0,0,0,0,0,0,20,8.6,22.5,24.0,5.4,0,0,0,0,0,0.23,0.08,0.31,0.73,,,,,,,[],,372,171,321,165,306,158,356,166,0.13,0.0,0.04,0.17,0.4,0.0,189,117,426,160,347,159,528,225,0.0,0.55,0.0,MID,ARS,5.5
True,True,,,438098,0,0,0,0,0,0,3,2.0,,0,Fábio,0.0,23,False,,,55,438098.jpg,0.0,False,Ferreira Vieira,0.0,False,,a,1,3,0,0,0,0,0,0.0,0.0,Fábio Vieira,,,,,False,p438098,0,0,0,0,0,0,0,0,0,0,0,0,0,0.0,0.0,0.0,0.0,0,0,0,0,0,0.0,0.0,0.0,0.0,,,,,,,[],,542,234,542,234,541,234,542,234,0.0,0.0,0.0,0.0,0.0,0.0,158,99,395,142,542,234,538,232,0.0,0.0,0.0,MID,ARS,5.5
True,True,,,200641,0,0,0,0,0,0,3,2.0,,0,Reiss,0.0,24,False,,,55,200641.jpg,1.3,False,Nelson,0.0,False,,a,1,3,13,0,0,0,0,0.0,2.4,Nelson,,,,,False,p200641,118,0,1,0,2,0,0,0,0,0,0,0,39,42.6,32.6,29.0,10.0,0,0,0,0,0,0.71,0.11,0.82,3.02,,,,,,,[],,340,156,306,161,301,156,337,157,0.54,0.0,0.08,0.62,2.3,1.53,129,81,366,124,345,157,537,231,0.0,0.0,0.0,MID,ARS,5.5
True,True,,,224117,0,0,0,0,0,0,4,2.3,,0,Viktor,0.0,25,False,,,75,224117.jpg,3.6,False,Gyökeres,13.0,False,,a,1,3,128,0,0,0,0,0.0,17.1,Gyökeres,,,,,False,p224117,2217,14,1,12,14,0,0,0,5,0,0,16,474,539.6,271.7,772.0,157.5,0,0,0,0,26,12.26,1.94,14.19,17.81,,,,,2.0,,[],,99,9,133,11,19,11,46,8,0.5,0.0,0.08,0.58,0.72,0.57,15,6,539,62,97,10,27,6,1.06,0.49,0.0,FWD,ARS,7.5
True,True,,,219847,0,0,0,0,0,0,4,2.3,,0,Kai,0.0,26,False,,,75,219847.jpg,3.0,False,Havertz,3.4,False,,a,1,3,36,0,0,0,0,0.0,4.8,Havertz,,,,,False,p219847,577,2,3,4,4,0,0,0,1,0,0,3,143,152.6,134.6,210.0,49.9,0,0,0,0,7,3.31,0.64,3.95,6.68,,,,,,,[],,274,27,211,23,145,32,245,27,0.52,0.0,0.1,0.62,1.04,0.62,14,5,538,61,177,17,78,11,1.09,0.62,0.0,FWD,ARS,7.5
True,True,,,205651,0,0,0,0,0,0,4,2.0,,0,Gabriel,0.0,27,False,,,60,205651.jpg,1.7,False,Fernando de Jesus,0.4,False,,a,1,3,24,0,0,0,0,0.0,4.0,G.Jesus,,,,,False,p205651,418,3,0,1,6,0,0,0,3,0,0,0,92,141.8,54.3,281.0,47.5,0,0,0,0,3,2.71,0.26,2.97,3.97,,,,,,,[],,280,30,281,33,107,27,252,30,0.58,0.0,0.06,0.64,0.85,1.29,68,17,462,47,319,35,314,56,0.65,0.22,0.0,FWD,ARS,6.0
True,True,,,208706,0,0,0,0,0,0,3,2.4,,0,Bruno,0.0,452,False,,,70,208706.jpg,5.3,False,Guimarães Rodriguez Moura,10.3,False,,a,1,3,154,0,0,0,0,0.0,22.0,Bruno G.,,,,,False,p208706,2456,9,7,6,37,0,0,0,6,0,0,22,681,782.4,756.7,488.0,202.9,0,0,0,0,27,5.59,4.96,10.55,31.99,6.0,,2.0,,3.0,,[],,32,9,18,17,45,27,20,16,0.2,0.0,0.18,0.38,1.17,1.36,24,15,530,229,7,3,53,19,0.99,0.22,0.0,MID,ARS,7.0
True,True,,,439509,0,0,0,0,0,0,3,2.3,,0,Christos,0.0,557,False,,,65,439509.jpg,0.0,False,Tzolis,4.0,False,,a,1,3,0,0,0,0,0,0.0,0.0,Tzolis,,83.0,2026-07-23,2002-01-30,False,p439509,0,0,0,0,0,0,0,0,0,0,0,0,0,0.0,0.0,0.0,0.0,0,0,0,0,0,0.0,0.0,0.0,0.0,,,,,,,[],,554,243,554,243,554,243,554,243,0.0,0.0,0.0,0.0,0.0,0.0,44,31,517,219,554,243,215,70,0.0,0.0,0.0,MID,ARS,6.5
True,True,,,98980,0,0,0,0,0,0,1,2.6,,0,Emiliano,0.0,28,False,,,50,98980.jpg,3.8,False,Martínez Romero,5.0,False,,a,2,7,120,0,0,0,0,0.0,24.0,Martinez,,,,,False,p98980,2835,0,1,7,39,0,1,0,2,0,95,11,530,769.8,23.2,0.0,79.2,0,0,0,0,32,0.0,0.08,0.08,42.92,,,,,,,[],,34,10,319,4,479,48,175,10,0.0,3.02,0.0,0.0,1.36,1.24,220,7,198,45,69,7,84,13,1.02,0.22,0.0,GK,AVL,5.0
True,True,,,72147,0,0,0,0,0,0,1,2.0,,0,Marco,0.0,29,False,,,45,72147.jpg,2.3,False,Bizot,0.1,False,,a,2,7,16,0,0,0,0,0.0,3.6,M.Bizot,,,,,False,p72147,585,0,0,1,10,0,0,0,2,0,19,0,75,139.2,0.0,0.0,13.9,0,0,0,0,6,0.0,0.0,0.0,11.02,,,,,,,[],,283,21,436,35,419,26,323,21,0.0,2.92,0.0,0.0,1.7,1.54,371,20,70,22,253,25,400,46,0.92,0.15,0.0,GK,AVL,4.5
True,False,0.0,,101188,0,0,0,0,0,0,2,1.7,,0,Lucas,0.0,30,False,Has joined Paris Saint-Germain permanently,2026-08-10T14:03:30.089007Z,45,101188.jpg,3.1,False,Digne,0.8,False,,u,2,7,97,0,0,0,0,0.0,21.6,Digne,,,,,False,p101188,1842,0,7,7,23,0,0,0,3,0,0,5,381,400.2,455.5,130.0,98.5,0,0,0,0,21,0.67,3.28,3.95,27.79,4.0,,,,,,[],,153,63,60,11,206,56,134,43,0.03,0.0,0.16,0.19,1.36,1.12,376,77,75,51,154,61,170,64,1.03,0.34,0.0,DEF,AVL,4.5
True,True,,,199798,0,0,0,0,0,0,2,1.7,,0,Ezri,0.0,31,False,,,45,199798.jpg,2.9,False,Konsa Ngoyo,16.0,False,,a,2,7,100,0,0,0,0,0.0,22.2,Konsa,,,,,False,p199798,3035,0,1,9,44,0,0,0,0,1,0,3,497,601.4,108.3,124.0,84.0,0,0,0,0,34,1.27,0.59,1.86,48.93,,,,,,,[],,76,31,233,72,210,58,165,58,0.04,0.0,0.02,0.06,1.45,1.3,401,91,100,65,180,74,19,6,1.01,0.27,0.0,DEF,AVL,4.5
True,True,,,199796,0,0,0,0,0,0,2,1.7,,0,Matty,0.0,32,False,,,45,199796.jpg,3.3,False,Cash,8.2,False,,a,2,7,117,0,0,0,0,0.0,26.0,Cash,,,,,False,p199796,3016,3,3,8,38,0,0,0,9,0,0,7,450,643.0,510.7,221.0,137.5,0,0,0,0,34,1.14,2.94,4.08,45.45,5.0,,,,,,[],,65,29,49,6,136,28,67,13,0.03,0.0,0.09,0.12,1.36,1.13,400,90,99,64,125,48,52,19,1.01,0.24,0.0,DEF,AVL,4.5
True,True,,,149484,0,0,0,0,0,0,2,1.7,,0,Tyrone,0.0,33,False,,,45,149484.jpg,2.9,False,Mings,0.3,False,,a,2,7,50,0,0,0,0,0.0,11.1,Mings,,,,,False,p149484,1322,0,1,3,23,0,0,0,1,0,0,4,169,282.6,80.5,105.0,46.8,0,0,0,0,15,1.3,0.42,1.72,23.37,,,,,,,[],,212,81,256,85,226,68,255,81,0.09,0.0,0.03,0.12,1.59,1.57,388,81,87,55,178,73,357,125,1.02,0.2,0.0,DEF,AVL,4.5
True,True,,,244954,0,0,0,0,0,0,2,1.7,,0,Pau,0.0,34,False,,,45,244954.jpg,3.0,False,Torres,0.3,False,,a,2,7,64,0,0,0,0,0.0,14.2,Pau,,,,,False,p244954,1673,0,2,5,19,1,0,0,1,0,0,2,280,321.8,47.1,79.0,45.1,0,0,0,0,18,1.33,0.39,1.72,22.81,,,,,,,[],,193,74,290,99,251,79,260,85,0.07,0.0,0.02,0.09,1.23,1.02,425,110,124,84,167,70,329,115,0.97,0.27,0.0,DEF,AVL,4.5
True,True,,,515597,0,0,0,0,0,0,3,1.5,,0,Lamare,0.0,35,False,,,50,515597.jpg,1.4,False,Bogarde,0.1,False,,a,2,7,40,0,0,0,0,0.0,8.0,Bogarde,,,,,False,p515597,1042,0,0,2,17,0,0,0,5,0,0,4,121,133.0,59.4,14.0,20.6,0,0,0,0,11,0.0,0.2,0.2,15.38,,,,,,,[],,288,133,277,152,322,164,309,147,0.0,0.0,0.02,0.02,1.33,1.47,335,196,313,90,339,153,447,175,0.95,0.17,0.0,MID,AVL,5.0
True,True,,,441302,0,0,0,0,0,0,2,1.7,,0,Ian,0.0,36,False,,,45,441302.jpg,1.8,False,Maatsen,0.8,False,,a,2,7,54,0,0,0,0,0.0,12.0,Maatsen,,,,,False,p441302,1590,0,1,2,27,0,0,0,2,0,0,1,242,336.6,373.4,231.0,94.3,0,0,0,0,17,1.26,2.39,3.65,26.64,,,,,,,[],,180,71,90,21,130,25,142,47,0.07,0.0,0.14,0.21,1.51,1.53,430,115,129,89,299,111,243,86,0.96,0.11,0.0,DEF,AVL,4.5
True,True,,,184667,0,0,0,0,0,0,2,1.7,,0,Victor,0.0,37,False,,,45,184667.jpg,1.7,False,Lindelöf,0.2,False,,a,2,7,29,0,0,0,0,0.0,6.4,Lindelöf,,,,,False,p184667,942,0,1,1,15,0,0,0,0,0,0,0,124,167.8,36.6,22.0,22.7,0,0,0,0,11,0.28,0.1,0.38,15.93,,,,,,,[],,262,99,302,103,307,106,307,106,0.03,0.0,0.01,0.04,1.52,1.43,397,87,96,61,311,114,375,133,1.05,0.1,0.0,DEF,AVL,4.5
True,True,,,606798,0,0,0,0,0,0,2,1.0,,0,Andrés,0.0,38,False,,,40,606798.jpg,0.8,False,García,1.6,False,,a,2,7,5,0,0,0,0,0.0,1.2,A.García,,,,,False,p606798,83,0,0,0,3,0,0,0,0,0,0,0,12,17.8,3.2,2.0,2.3,0,0,0,0,1,0.0,0.01,0.01,2.74,,,,,,,[],,360,125,359,126,348,126,369,128,0.0,0.0,0.01,0.01,2.97,3.25,554,180,63,43,395,132,161,61,1.08,0.0,0.0,DEF,AVL,4.0
True,True,,,578545,0,0,0,0,0,0,2,1.0,,0,Kosta,0.0,39,False,,,40,578545.jpg,0.0,False,Nedeljkovic,0.7,False,,a,2,7,0,0,0,0,0,0.0,0.0,Nedeljkovic,,,,,False,p578545,0,0,0,0,0,0,0,0,0,0,0,0,0,0.0,0.0,0.0,0.0,0,0,0,0,0,0.0,0.0,0.0,0.0,,,,,,,[],,445,167,431,167,413,164,447,167,0.0,0.0,0.0,0.0,0.0,0.0,552,179,61,42,450,167,272,99,0.0,0.0,0.0,DEF,AVL,4.0
True,True,,,195546,0,0,0,0,0,0,3,2.1,,0,Emiliano,0.0,41,False,,,60,195546.jpg,2.8,False,Buendía Stati,1.1,False,,a,2,7,102,0,0,0,0,0.0,17.0,Buendía,,,,,False,p195546,1753,6,2,3,24,0,0,0,6,0,0,10,382,427.0,402.1,398.0,121.4,0,0,0,0,21,3.38,2.23,5.61,28.03,,,1.0,,1.0,,[],,144,55,77,58,67,40,87,51,0.17,0.0,0.11,0.28,1.44,1.23,65,43,459,178,199,75,216,71,1.08,0.15,0.0,MID,AVL,6.0
True,True,,,215711,0,0,0,0,0,0,3,2.0,,0,Leon,0.0,44,False,,,55,215711.jpg,1.6,False,Bailey,0.1,False,,a,2,7,21,0,0,0,0,0.0,3.8,Bailey,,,,,False,p215711,450,0,2,0,9,0,0,0,1,0,0,0,69,71.2,160.4,69.0,30.1,0,0,0,0,3,0.5,1.46,1.96,7.03,,,,,,,[],,319,145,192,125,263,139,288,139,0.1,0.0,0.29,0.39,1.41,1.8,138,86,375,129,325,143,412,156,0.6,0.0,0.0,MID,AVL,5.5
True,True,,,122806,0,0,0,0,0,0,3,2.0,,0,John,0.0,45,False,,,55,122806.jpg,3.4,False,McGinn,3.0,False,,a,2,7,103,0,0,0,0,0.0,18.7,McGinn,,,,,False,p122806,2136,5,4,8,28,0,0,0,5,0,0,6,443,459.8,605.3,309.0,137.3,0,0,0,0,28,3.0,4.11,7.11,33.08,6.0,,,,,,[],,127,46,33,32,96,61,68,43,0.13,0.0,0.17,0.3,1.39,1.18,116,76,353,119,114,44,110,36,1.18,0.34,0.0,MID,AVL,5.5
True,True,,,88894,0,0,0,0,0,0,3,1.5,,0,Ross,0.0,46,False,,,50,88894.jpg,2.7,False,Barkley,0.2,False,,a,2,7,56,0,0,0,0,0.0,11.2,Barkley,,,,,False,p88894,844,3,2,1,15,0,0,0,1,0,0,5,221,227.8,162.3,191.0,58.1,0,0,0,0,7,1.58,1.26,2.84,13.2,,,,,,,[],,234,104,187,123,161,86,226,115,0.17,0.0,0.13,0.3,1.41,1.6,217,134,195,28,204,78,381,142,0.75,0.11,0.0,MID,AVL,5.0
True,True,100.0,,226944,0,0,0,0,0,0,3,1.1,,0,Boubacar,0.0,47,False,,2026-07-23T12:01:23.337269Z,50,226944.jpg,3.4,False,Kamara,0.2,False,,a,2,7,61,0,0,0,0,0.0,12.2,Kamara,,,,,False,p226944,1410,1,3,5,15,0,0,0,5,0,0,7,282,325.0,241.3,75.0,64.2,0,0,0,0,17,0.53,0.84,1.36,20.8,,,,,,,[],https://www.avfc.co.uk/news/2026/may/14/prematch-team-news-for-liverpool-clash/?utm_source=premier-league-web&utm_medium=referral&utm_campaign=pl-referral-always-on&utm_term=injuries&utm_content=club-injury-article,190,81,141,97,253,135,212,108,0.03,0.0,0.05,0.08,1.33,0.96,267,159,245,53,111,43,482,193,1.09,0.32,0.0,MID,AVL,5.0
True,True,0.0,,449871,0,0,0,0,0,0,3,0.0,,0,Amadou,0.0,48,False,Knee injury - Unknown return date,2026-07-23T12:01:23.352497Z,50,449871.jpg,3.0,False,Onana,0.0,False,,i,2,7,76,0,0,0,0,0.0,15.2,Onana,,,,,False,p449871,1755,2,0,6,26,0,0,0,3,0,0,4,353,413.2,152.6,178.0,74.4,0,0,0,0,21,1.68,0.69,2.37,28.53,,,,,,,[],,148,56,203,130,175,94,185,93,0.09,0.0,0.04,0.13,1.46,1.33,292,172,270,66,170,64,541,235,1.08,0.31,0.0,MID,AVL,5.0
True,True,,,469247,0,0,0,0,0,0,3,1.5,,0,Samuel,0.0,49,False,,,50,469247.jpg,0.0,False,Iling-Junior,0.0,False,,a,2,7,0,0,0,0,0,0.0,0.0,Iling Jr,,,,,False,p469247,0,0,0,0,0,0,0,0,0,0,0,0,0,0.0,0.0,0.0,0.0,0,0,0,0,0,0.0,0.0,0.0,0.0,,,,,,,[],,515,216,514,216,510,215,515,216,0.0,0.0,0.0,0.0,0.0,0.0,303,176,281,70,515,216,524,221,0.0,0.0,0.0,MID,AVL,5.0
True,True,,,645618,0,0,0,0,0,0,3,1.0,,0,Bradley,0.0,50,False,,,45,645618.jpg,1.0,False,Burrowes,0.8,False,,a,2,7,1,0,0,0,0,0.0,0.2,Burrowes,,,,,False,p645618,16,0,0,0,1,0,0,0,0,0,0,0,3,0.0,0.3,0.0,0.0,0,0,0,0,0,0.0,0.0,0.0,0.9,,,,,,,[],,489,199,375,187,475,197,489,199,0.0,0.0,0.0,0.0,5.06,5.62,489,244,188,23,375,171,180,58,0.0,0.0,0.0,MID,AVL,4.5
True,True,,,577285,0,0,0,0,0,0,3,1.0,,0,George,0.0,51,False,,,45,577285.jpg,1.0,False,Hemmings,0.4,False,,a,2,7,2,0,0,0,0,0.0,0.4,George Hemmings,,,,,False,p577285,25,0,0,0,0,0,0,0,0,0,0,0,5,0.0,1.7,2.0,0.3,0,0,0,0,0,0.04,0.01,0.05,0.61,,,,,,,[],,483,197,369,185,353,179,392,184,0.14,0.0,0.04,0.18,2.2,0.0,477,240,176,19,371,169,353,129,0.0,0.0,0.0,MID,AVL,4.5
True,True,,,653481,0,0,0,0,0,0,3,1.5,,0,Alysson Edward Franco,0.0,52,False,,,50,653481.jpg,1.0,False,da Rocha dos Santos,0.0,False,,a,2,7,3,0,0,0,0,0.0,0.6,Alysson,,,,,False,p653481,47,0,0,0,2,0,0,0,0,0,0,0,11,3.2,3.5,10.0,1.5,0,0,0,0,0,0.05,0.05,0.1,1.87,,,,,,,[],,384,179,358,177,329,168,380,179,0.1,0.0,0.1,0.2,3.58,3.83,365,219,343,113,385,181,501,206,0.0,0.0,0.0,MID,AVL,5.0
True,True,,,614071,0,0,0,0,0,0,3,2.1,,0,Johan,0.0,53,False,,,60,614071.jpg,0.0,False,Manzambi,1.8,False,,a,2,7,0,0,0,0,0,0.0,0.0,Manzambi,,,,,False,p614071,0,0,0,0,0,0,0,0,0,0,0,0,0,0.0,0.0,0.0,0.0,0,0,0,0,0,0.0,0.0,0.0,0.0,,,,,,,[],,553,242,553,242,553,242,553,242,0.0,0.0,0.0,0.0,0.0,0.0,109,72,503,207,553,242,91,30,0.0,0.0,0.0,MID,AVL,6.0
True,True,,,448089,0,0,0,0,0,0,3,2.0,,0,Joao,0.0,54,False,,,55,448089.jpg,3.0,False,Gomes,0.3,False,,a,2,7,85,0,0,0,0,0.0,15.5,Gomes,,,,,False,p448089,2207,1,1,4,41,0,0,0,9,0,0,4,421,486.6,353.4,176.0,102.0,0,0,0,0,25,1.15,1.34,2.49,48.6,,,,,,,[],,117,41,96,70,177,96,125,71,0.05,0.0,0.05,0.1,1.98,1.67,163,103,400,146,173,66,309,106,1.02,0.16,0.0,MID,AVL,5.5
True,True,,,178301,0,0,0,0,0,0,4,2.5,,0,Ollie,0.0,55,False,,,80,178301.jpg,4.5,False,Watkins,12.6,False,,a,2,7,167,0,0,0,0,0.0,20.9,Watkins,,,,,False,p178301,2833,16,4,9,38,0,0,0,4,0,0,26,623,720.2,330.9,1206.0,225.2,0,0,0,0,33,15.4,1.18,16.58,43.39,,,,,2.0,,[],,42,4,107,5,2,2,11,3,0.49,0.0,0.04,0.53,1.38,1.21,7,3,547,65,29,5,31,7,1.05,0.29,0.0,FWD,AVL,8.0
True,True,100.0,,173879,0,0,0,0,0,0,4,0.0,,0,Tammy,0.0,56,False,,2026-07-23T12:01:23.368701Z,55,173879.jpg,1.9,False,Abraham,0.2,False,,a,2,7,23,0,0,0,0,0.0,4.2,Abraham,,,,,False,p173879,278,2,0,0,8,0,0,0,0,0,0,2,93,87.2,49.2,136.0,27.1,0,0,0,0,2,2.05,0.36,2.41,5.12,,,,,,,[],,311,34,286,34,200,36,297,35,0.66,0.0,0.12,0.78,1.66,2.59,121,30,358,27,292,29,536,67,0.65,0.0,0.0,FWD,AVL,5.5
True,True,,,493105,0,0,0,0,0,0,3,2.1,,0,Alejandro,0.0,160,False,,,60,493105.jpg,2.3,False,Garnacho Ferreyra,0.9,False,,a,2,7,56,0,0,0,0,0.0,9.3,Garnacho,,,2026-07-23,,False,p493105,1261,1,4,4,20,0,0,0,2,0,0,3,222,211.4,405.3,399.0,100.5,0,0,0,0,14,3.44,3.68,7.12,20.52,,,,,,,[],,243,109,73,55,66,39,127,73,0.25,0.0,0.26,0.51,1.46,1.43,95,60,489,195,260,108,193,63,1.0,0.29,0.0,MID,AVL,6.0
True,True,,,690838,0,0,0,0,0,0,4,0.0,0.0,0,Brian,0.0,582,0,,,55,690838.jpg,0.0,False,Madjo,0.9,False,,a,2,7,0,0,0,0,0,0.0,0.0,Madjo,0,0.0,0,0,0,0,0,0,0,0,0,0,0,0,0,0,0,0,0,0.0,0.0,0.0,0.0,0,0,0,0,0,0.0,0.0,0.0,0.0,0.0,0.0,0.0,0.0,0.0,0.0,0,0,0,0,0,0,0,0,0,0,0.0,0.0,0.0,0.0,0.0,0.0,0,0,0,0,0,0,0,0,0.0,0.0,0.0,FWD,AVL,5.5
True,True,,,457569,0,0,0,0,0,0,1,2.0,,0,Đorđe,0.0,57,False,,,45,457569.jpg,3.3,False,Petrović,3.7,False,,a,3,91,124,0,0,0,0,0.0,27.6,Petrović,,,,,False,p457569,3420,0,0,11,54,1,0,0,3,0,109,5,512,822.6,0.0,0.0,82.4,0,0,0,0,38,0.0,0.0,0.0,56.72,,,,,,,[],,26,7,456,46,442,39,167,8,0.0,2.87,0.0,0.0,1.49,1.42,433,33,132,35,126,16,90,15,1.0,0.29,0.0,GK,BOU,4.5
True,True,,,40383,0,0,0,0,0,0,1,1.0,,0,Fraser,0.0,58,False,,,40,40383.jpg,0.0,False,Forster,3.2,False,,a,3,91,0,0,0,0,0,0.0,0.0,Forster,,,,,False,p40383,0,0,0,0,0,0,0,0,0,0,0,0,0,0.0,0.0,0.0,0.0,0,0,0,0,0,0.0,0.0,0.0,0.0,,,,,,,[],,396,33,379,15,360,6,398,33,0.0,0.0,0.0,0.0,0.0,0.0,493,42,2,2,402,33,98,16,0.0,0.0,0.0,GK,BOU,4.0
True,True,,,444172,0,0,0,0,0,0,1,1.0,,0,Will,0.0,59,False,,,40,444172.jpg,0.0,False,Dennis,0.2,False,,a,3,91,0,0,0,0,0,0.0,0.0,Dennis,,,,,False,p444172,0,0,0,0,0,0,0,0,0,0,0,0,0,0.0,0.0,0.0,0.0,0,0,0,0,0,0.0,0.0,0.0,0.0,,,,,,,[],,423,43,408,27,389,18,425,43,0.0,0.0,0.0,0.0,0.0,0.0,526,54,35,14,429,43,340,40,0.0,0.0,0.0,GK,BOU,4.0
True,True,,,463981,0,0,0,0,0,0,2,2.5,,0,James,0.0,60,False,,,55,463981.jpg,3.8,False,Hill,1.2,False,,a,3,91,110,0,0,0,0,0.0,20.0,Hill,,,,,False,p463981,2102,0,3,8,24,2,0,0,5,0,0,4,386,579.4,161.7,119.0,86.3,0,0,0,0,22,0.89,1.16,2.04,33.42,,,,,,,[],,83,35,189,48,218,63,157,53,0.04,0.0,0.05,0.09,1.43,1.03,170,23,407,165,73,28,153,59,0.94,0.34,0.0,DEF,BOU,5.5
True,True,,,494521,0,0,0,0,0,0,2,2.5,,0,Adrien,0.0,61,False,,,55,494521.jpg,4.3,False,Truffert,4.9,False,,a,3,91,165,0,0,0,0,0.0,30.0,Truffert,,,,,False,p494521,3378,1,6,11,51,0,0,0,5,0,0,19,607,857.0,574.2,194.0,162.6,0,0,0,0,38,1.35,3.07,4.42,54.42,,,,,,,[],,19,7,37,2,160,43,43,7,0.04,0.0,0.08,0.12,1.45,1.36,185,27,422,169,39,15,76,30,1.01,0.29,0.0,DEF,BOU,5.5
True,True,,,242882,0,0,0,0,0,0,2,2.2,,0,Bafodé,0.0,62,False,,,50,242882.jpg,2.6,False,Diakité,0.2,False,,a,3,91,46,0,0,0,0,0.0,9.2,Diakité,,,,,False,p242882,1275,0,0,4,27,0,0,0,1,0,0,2,164,267.0,54.3,22.0,34.4,0,0,0,0,15,0.02,0.19,0.21,22.47,,,,,,,[],,217,83,280,95,308,107,279,91,0.0,0.0,0.01,0.01,1.59,1.91,277,50,255,129,224,91,359,126,1.06,0.28,0.0,DEF,BOU,5.0
True,True,0.0,,620487,0,0,0,0,0,0,2,2.2,,0,Veljko,0.0,63,False,Unspecified injury - Unknown return date,2026-08-06T10:00:10.456051Z,50,620487.jpg,2.7,False,Milosavljevic,0.0,False,,i,3,91,19,0,0,0,0,0.0,3.8,Milosavljević,,,,,False,p620487,367,0,0,1,6,0,0,0,0,0,0,0,63,98.4,13.9,10.0,12.2,0,0,0,0,4,0.15,0.19,0.34,4.42,,,,,,,[],,306,111,331,117,328,118,330,114,0.04,0.0,0.05,0.09,1.08,1.47,361,72,339,151,207,85,468,163,0.98,0.25,0.0,DEF,BOU,5.0
True,True,,,54469,0,0,0,0,0,0,2,1.7,,0,Adam,0.0,64,False,,,45,54469.jpg,2.6,False,Smith,0.1,False,,a,3,91,58,0,0,0,0,0.0,12.9,Smith,,,,,False,p54469,1073,0,2,6,16,0,0,0,3,0,0,4,185,176.2,76.6,18.0,27.1,0,0,0,0,14,0.0,0.23,0.23,18.18,,,,,,,[],,259,97,260,87,314,112,296,100,0.0,0.0,0.02,0.02,1.52,1.34,369,74,68,48,217,86,405,144,1.17,0.5,0.0,DEF,BOU,4.5
True,True,0.0,,436893,0,0,0,0,0,0,2,1.7,,0,Julián,0.0,65,False,Thigh injury - Unknown return date,2026-08-09T08:00:05.645826Z,45,436893.jpg,0.0,False,Araujo Zúñiga,0.1,False,,i,3,91,0,0,0,0,0,0.0,0.0,J.Araujo,,,,,False,p436893,0,0,0,0,0,0,0,0,0,0,0,0,0,0.0,0.0,0.0,0.0,0,0,0,0,0,0.0,0.0,0.0,0.0,,,,,,,[],,462,173,454,173,439,172,464,173,0.0,0.0,0.0,0.0,0.0,0.0,428,113,127,87,467,173,426,150,0.0,0.0,0.0,DEF,BOU,4.5
True,True,,,575901,0,0,0,0,0,0,2,1.0,,0,Julio,0.0,66,False,,,40,575901.jpg,1.0,False,Soler Barreto,0.6,False,,a,3,91,3,0,0,0,0,0.0,0.8,Soler,,,,,False,p575901,34,0,0,0,2,0,0,0,0,0,0,0,2,1.8,2.5,2.0,0.6,0,0,0,0,0,0.0,0.0,0.0,1.62,,,,,,,[],,388,132,362,127,347,125,387,131,0.0,0.0,0.0,0.0,4.29,5.29,549,176,58,39,360,125,249,89,0.0,0.0,0.0,DEF,BOU,4.0
True,True,,,499604,0,0,0,0,0,0,3,2.3,,0,Rayan Vitor,0.0,67,False,,,65,499604.jpg,4.5,False,Simplício Rocha,3.3,False,,a,3,91,67,0,0,0,0,0.0,10.3,Rayan,,,,,False,p499604,1110,5,2,6,10,0,0,0,1,0,0,3,238,277.6,211.9,263.0,75.3,0,0,0,0,13,2.67,1.84,4.51,19.14,,,,,,,[],,213,94,157,105,112,65,182,90,0.22,0.0,0.15,0.37,1.55,0.81,50,35,523,223,27,12,87,28,1.05,0.49,0.0,MID,BOU,6.5
True,True,,,201658,0,0,0,0,0,0,3,2.1,,0,Marcus,0.0,68,False,,,60,201658.jpg,4.0,False,Tavernier,1.8,False,,a,3,91,137,0,0,0,0,0.0,22.8,Tavernier,,,,,False,p201658,2732,7,4,11,44,0,0,0,6,0,0,14,552,656.8,816.6,605.0,207.9,0,0,0,0,31,9.06,4.6,13.66,41.06,6.0,,1.0,,3.0,,[],,60,17,15,14,30,16,19,15,0.3,0.0,0.15,0.45,1.35,1.45,66,44,460,179,57,24,156,48,1.02,0.36,0.0,MID,BOU,6.0
True,True,,,503139,0,0,0,0,0,0,3,2.1,,0,Alex,0.0,69,False,,,60,503139.jpg,3.7,False,Scott,1.6,False,,a,3,91,136,0,0,0,0,0.0,22.7,Scott,,,,,False,p503139,2848,3,2,11,41,0,0,0,5,0,0,9,603,597.2,482.0,314.0,139.0,0,0,0,0,34,3.8,2.94,6.74,47.02,7.0,,4.0,,,,[],,77,25,53,46,91,57,63,41,0.12,0.0,0.09,0.21,1.49,1.3,98,63,492,198,81,35,155,47,1.07,0.35,0.0,MID,BOU,6.0
True,True,,,222683,0,0,0,0,0,0,3,2.1,,0,Justin,0.0,70,False,,,60,222683.jpg,2.0,False,Kluivert,1.1,False,,a,3,91,41,0,0,0,0,0.0,6.8,Kluivert,,,,,False,p222683,945,2,0,4,19,0,0,0,5,0,0,3,147,148.0,305.1,135.0,58.8,0,0,0,0,10,2.31,1.55,3.86,17.96,,,2.0,,2.0,,[],,276,127,124,86,202,112,224,114,0.22,0.0,0.15,0.37,1.71,1.81,74,47,468,182,290,124,214,69,0.95,0.38,0.0,MID,BOU,6.0
True,True,,,155408,0,0,0,0,0,0,3,1.5,,0,Lewis,0.0,71,False,,,50,155408.jpg,2.2,False,Cook,0.1,False,,a,3,91,40,0,0,0,0,0.0,8.0,Cook,,,,,False,p155408,872,0,1,1,19,0,0,0,1,1,0,0,190,206.8,183.8,12.0,40.6,0,0,0,0,8,0.07,0.52,0.59,14.0,8.0,,,,,,[],,247,111,181,120,324,165,269,131,0.01,0.0,0.05,0.06,1.44,1.96,231,140,209,34,266,111,415,159,0.83,0.1,0.0,MID,BOU,5.0
True,True,,,496208,0,0,0,0,0,0,3,1.5,,0,Ben,0.0,72,False,,,50,496208.jpg,1.4,False,Gannon-Doak,0.1,False,,a,3,91,11,0,0,0,0,0.0,2.2,Gannon-Doak,,,,,False,p496208,105,0,1,0,1,0,0,0,0,0,0,0,33,32.4,17.8,39.0,8.9,0,0,0,0,0,0.26,0.13,0.39,4.74,,,,,,,[],,347,160,326,167,286,150,341,161,0.22,0.0,0.11,0.33,4.06,0.86,320,186,298,80,337,151,383,144,0.0,0.0,0.0,MID,BOU,5.0
True,True,,,200785,0,0,0,0,0,0,3,1.5,,0,Tyler,0.0,73,False,,,50,200785.jpg,3.1,False,Adams,0.7,False,,a,3,91,77,0,0,0,0,0.0,15.4,Adams,,,,,False,p200785,1769,2,2,7,28,0,0,0,8,0,0,3,346,387.0,158.2,115.0,66.3,0,0,0,0,21,0.63,0.63,1.26,27.18,,,,,,,[],,157,62,197,126,223,121,208,105,0.03,0.0,0.03,0.06,1.38,1.42,244,149,222,43,158,60,235,80,1.07,0.36,0.0,MID,BOU,5.0
True,True,,,111317,0,0,0,0,0,0,3,1.5,,0,David,0.0,74,False,,,50,111317.jpg,1.9,False,Brooks,0.2,False,,a,3,91,59,0,0,0,0,0.0,11.8,Brooks,,,,,False,p111317,1188,1,3,5,20,0,0,0,7,0,0,4,215,236.2,384.5,434.0,104.1,0,0,0,0,13,5.81,3.4,9.21,20.25,9.0,,3.0,,,,[],,230,102,87,65,53,32,121,69,0.44,0.0,0.26,0.7,1.53,1.52,223,135,201,29,291,125,366,136,0.98,0.38,0.0,MID,BOU,5.0
True,True,0.0,,158499,0,0,0,0,0,0,3,0.0,,0,Ryan,0.0,75,False,Suspended until 29 Aug,2026-07-24T17:30:10.035483Z,50,158499.jpg,1.8,False,Christie,0.0,False,,s,3,91,47,0,0,0,0,0.0,9.4,Christie,,,,,False,p158499,978,2,1,3,14,0,0,0,3,1,0,2,214,226.6,197.0,220.0,64.7,0,0,0,0,9,1.81,0.79,2.6,19.14,10.0,,,,,,[],,235,105,173,115,138,78,210,107,0.17,0.0,0.07,0.24,1.76,1.29,232,141,210,35,302,131,392,148,0.83,0.28,0.0,MID,BOU,5.0
True,True,,,614574,0,0,0,0,0,0,3,1.5,,0,Alex,0.0,76,False,,,50,614574.jpg,0.9,False,Tóth,0.0,False,,a,3,91,8,0,0,0,0,0.0,1.6,Tóth.A,,,,,False,p614574,135,0,0,0,3,0,0,0,1,0,0,0,32,18.6,60.2,18.0,9.6,0,0,0,0,2,0.11,0.33,0.44,4.9,,,,,,,[],,359,166,276,151,315,160,339,159,0.07,0.0,0.22,0.29,3.27,2.0,360,216,338,110,394,185,520,217,1.33,0.0,0.0,MID,BOU,5.0
True,True,,,489888,0,0,0,0,0,0,3,1.5,,0,Amine,0.0,77,False,,,50,489888.jpg,2.2,False,Adli,0.2,False,,a,3,91,67,0,0,0,0,0.0,13.4,Adli,,,,,False,p489888,1074,3,2,3,17,0,0,0,2,0,0,4,241,272.6,235.9,260.0,76.1,0,0,0,0,10,2.6,1.62,4.22,18.22,,,,,,,[],,216,95,145,98,113,66,180,88,0.22,0.0,0.14,0.36,1.53,1.42,312,181,290,75,269,114,344,125,0.84,0.25,0.0,MID,BOU,5.0
True,True,0.0,,560262,0,0,0,0,0,0,3,2.6,,0,Junior,0.0,78,False,Foot injury - Unknown return date,2026-07-29T17:30:09.796802Z,75,560262.jpg,3.4,False,Kroupi,2.8,False,,i,3,91,113,0,0,0,0,0.0,15.1,Kroupi.Jr,,,,,False,p560262,1663,13,0,10,21,0,0,0,5,0,0,13,480,532.2,306.9,563.0,139.9,0,0,0,0,21,8.31,1.51,9.82,25.91,,,,,1.0,,[],,103,33,122,84,37,22,60,39,0.45,0.0,0.08,0.53,1.4,1.14,22,13,546,239,123,51,24,7,1.14,0.54,0.0,MID,BOU,7.5
True,True,,,444102,0,0,0,0,0,0,4,2.0,,0,Francisco Evanilson,0.0,79,False,,,60,444102.jpg,3.2,False,de Lima Barbosa,2.1,False,,a,3,91,115,0,0,0,0,0.0,19.2,Evanilson,,,,,False,p444102,2741,6,7,11,40,0,0,0,2,0,0,6,412,350.6,397.9,809.0,155.5,0,0,0,0,32,10.64,1.48,12.12,39.02,,,,,,,[],,171,15,78,2,14,7,48,10,0.35,0.0,0.05,0.4,1.28,1.31,84,22,478,52,152,13,135,22,1.05,0.36,0.0,FWD,BOU,6.0
True,True,,,168636,0,0,0,0,0,0,4,1.8,,0,Enes,0.0,80,False,,,55,168636.jpg,1.2,False,Ünal,0.2,False,,a,3,91,27,0,0,0,0,0.0,4.9,Enes Ünal,,,,,False,p168636,214,1,0,0,3,0,0,0,1,0,0,1,83,70.2,25.0,104.0,19.1,0,0,0,0,0,2.0,0.07,2.07,6.16,,,5.0,,,,[],,322,35,315,40,229,38,311,37,0.84,0.0,0.03,0.87,2.59,1.26,118,28,355,25,350,40,335,59,0.0,0.0,0.0,FWD,BOU,5.5
True,True,,,561245,0,0,0,0,0,0,4,2.0,,0,Álvaro,0.0,81,False,,,60,561245.jpg,0.0,False,Rodríguez,0.3,False,,a,3,91,0,0,0,0,0,0.0,0.0,Rodríguez,,,,,False,p561245,0,0,0,0,0,0,0,0,0,0,0,0,0,0.0,0.0,0.0,0.0,0,0,0,0,0,0.0,0.0,0.0,0.0,,,,,,,[],,551,67,551,67,551,67,551,67,0.0,0.0,0.0,0.0,0.0,0.0,104,26,498,56,551,67,327,58,0.0,0.0,0.0,FWD,BOU,6.0
True,True,,,483067,0,0,0,0,0,0,2,0.0,0.0,0,António João,0.0,566,0,,,50,483067.jpg,0.0,False,Pereira de Albuquerque Tavares da Silva,0.2,False,,a,3,91,0,0,0,0,0,0.0,0.0,Silva,0,0.0,0,0,0,0,0,0,0,0,0,0,0,0,0,0,0,0,0,0.0,0.0,0.0,0.0,0,0,0,0,0,0.0,0.0,0.0,0.0,0.0,0.0,0.0,0.0,0.0,0.0,0,0,0,0,0,0,0,0,0,0,0.0,0.0,0.0,0.0,0.0,0.0,0,0,0,0,0,0,0,0,0.0,0.0,0.0,DEF,BOU,5.0
True,True,,,494928,0,0,0,0,0,0,2,0.0,0.0,0,Juanlu,0.0,573,0,,,45,494928.jpg,0.0,False,Sánchez,0.1,False,,a,3,91,0,0,0,0,0,0.0,0.0,Sanchez,0,0.0,0,0,0,0,0,0,0,0,0,0,0,0,0,0,0,0,0,0.0,0.0,0.0,0.0,0,0,0,0,0,0.0,0.0,0.0,0.0,0.0,0.0,0.0,0.0,0.0,0.0,0,0,0,0,0,0,0,0,0,0,0.0,0.0,0.0,0.0,0.0,0.0,0,0,0,0,0,0,0,0,0.0,0.0,0.0,DEF,BOU,4.5
True,True,,,200720,0,0,0,0,0,0,1,2.6,,0,Caoimhín,0.0,82,False,,,50,200720.jpg,3.9,False,Kelleher,5.7,False,,a,4,94,143,0,0,0,0,0.0,28.6,Kelleher,,,,,False,p200720,3330,0,0,10,49,0,3,0,1,0,109,11,570,913.8,23.0,0.0,93.8,0,0,0,0,37,0.0,0.22,0.22,53.48,,,,,,,[],,12,3,320,5,487,51,143,3,0.0,2.95,0.01,0.01,1.45,1.32,243,10,221,48,64,5,70,11,1.0,0.27,0.0,GK,BRE,5.0
True,True,,,507433,0,0,0,0,0,0,1,2.0,,0,Hákon Rafn,0.0,83,False,,,45,507433.jpg,1.0,False,Valdimarsson,0.1,False,,a,4,94,1,0,0,0,0,0.0,0.2,Valdimarsson,,,,,False,p507433,90,0,0,0,3,0,0,0,0,0,1,0,1,13.0,0.0,0.0,1.3,0,0,0,0,1,0.0,0.0,0.0,0.97,,,,,,,[],,365,31,466,49,454,43,383,31,0.0,1.0,0.0,0.0,0.97,3.0,454,37,153,39,364,31,408,49,1.0,0.0,0.0,GK,BRE,4.5
True,True,,,432830,0,0,0,0,0,0,2,2.5,,0,Nathan,0.0,84,False,,,55,432830.jpg,3.7,False,Collins,2.1,False,,a,4,94,129,0,0,0,0,0.0,23.5,Collins,,,,,False,p432830,2971,1,2,9,44,1,0,0,7,0,0,7,450,848.6,143.8,325.0,131.9,0,0,0,0,32,2.24,1.71,3.95,47.52,,,,,,,[],,20,8,206,54,86,10,73,16,0.07,0.0,0.05,0.12,1.44,1.33,155,19,392,161,79,32,122,45,0.97,0.27,0.0,DEF,BRE,5.5
True,True,,,444765,0,0,0,0,0,0,2,2.2,,0,Sepp,0.0,85,False,,,50,444765.jpg,3.5,False,van den Berg,0.7,False,,a,4,94,113,0,0,0,0,0.0,22.6,Van den Berg,,,,,False,p444765,2761,0,3,8,41,0,0,0,2,0,0,3,435,659.0,98.0,305.0,106.3,0,0,0,0,30,3.36,1.45,4.81,41.59,,,,,,,[],,58,25,239,76,97,13,115,34,0.11,0.0,0.05,0.16,1.36,1.34,290,55,268,134,103,42,223,79,0.98,0.26,0.0,DEF,BRE,5.0
True,True,,,249231,0,0,0,0,0,0,3,2.0,,0,Keane,0.0,86,False,,,55,249231.jpg,3.2,False,Lewis-Potter,0.5,False,,a,4,94,115,0,0,0,0,0.0,20.9,Lewis-Potter,,,,,False,p249231,1960,3,4,9,32,0,0,0,1,0,0,5,356,378.2,332.2,353.0,106.4,0,0,0,0,22,3.01,2.51,5.52,33.74,,,1.0,,,,[],,159,63,106,76,75,46,114,64,0.14,0.0,0.12,0.26,1.55,1.47,151,94,388,137,148,58,225,76,1.01,0.41,0.0,MID,BRE,5.5
True,True,,,191866,0,0,0,0,0,0,2,1.7,,0,Kristoffer,0.0,87,False,,,45,191866.jpg,2.8,False,Ajer,1.8,False,,a,4,94,76,0,0,0,0,0.0,16.9,Ajer,,,,,False,p191866,1805,0,2,5,32,0,0,0,4,0,0,1,211,401.4,59.1,165.0,62.7,0,0,0,0,20,0.69,0.73,1.42,31.51,,,,,,,[],,152,62,278,94,182,49,216,70,0.03,0.0,0.04,0.07,1.57,1.6,398,88,97,62,189,77,258,93,1.0,0.25,0.0,DEF,BRE,4.5
True,True,,,607464,0,0,0,0,0,0,2,1.7,,0,Michael,0.0,88,False,,,45,607464.jpg,3.1,False,Kayode,3.7,False,,a,4,94,113,0,0,0,0,0.0,25.1,Kayode,,,,,False,p607464,3258,1,2,10,49,1,0,0,8,0,0,9,494,613.8,470.2,130.0,121.7,0,0,0,0,37,1.28,2.89,4.17,52.65,,,,,,,[],,71,30,55,8,207,57,84,21,0.04,0.0,0.08,0.12,1.45,1.35,485,136,184,110,157,64,72,29,1.02,0.28,0.0,DEF,BRE,4.5
True,True,,,194010,0,0,0,0,0,0,2,1.7,,0,Rico,0.0,89,False,,,45,194010.jpg,2.1,False,Henry,0.2,False,,a,4,94,52,0,0,0,0,0.0,11.6,Henry,,,,,False,p194010,1322,0,2,4,22,0,0,0,2,0,0,0,144,151.6,82.0,35.0,26.9,0,0,0,0,14,0.18,0.54,0.72,23.91,,,,,,,[],,275,102,254,84,292,98,299,101,0.01,0.0,0.04,0.05,1.63,1.5,399,89,98,63,274,104,350,121,0.95,0.27,0.0,DEF,BRE,4.5
True,True,,,472713,0,0,0,0,0,0,2,1.7,,0,Aaron,0.0,90,False,,,45,472713.jpg,1.8,False,Hickey,0.1,False,,a,4,94,37,0,0,0,0,0.0,8.2,Hickey,,,,,False,p472713,679,0,0,2,9,0,0,0,1,0,0,0,105,101.4,17.1,43.0,16.0,0,0,0,0,8,0.44,0.17,0.61,9.03,,,,,,,[],,304,109,328,114,281,91,320,109,0.06,0.0,0.02,0.08,1.2,1.19,439,119,138,93,301,112,462,159,1.06,0.27,0.0,DEF,BRE,4.5
True,True,,,231065,0,0,0,0,0,0,2,1.7,,0,Ethan,0.0,91,False,,,45,231065.jpg,3.5,False,Pinnock,0.1,False,,a,4,94,14,0,0,0,0,0.0,3.1,Pinnock,,,,,False,p231065,318,0,0,1,5,1,0,0,1,0,0,2,53,88.6,1.2,33.0,12.3,0,0,0,0,4,0.01,0.06,0.07,3.7,,,,,,,[],,310,113,370,129,295,99,328,112,0.0,0.0,0.02,0.02,1.05,1.42,414,101,113,75,99,39,434,153,1.13,0.28,0.0,DEF,BRE,4.5
True,True,,,570241,0,0,0,0,0,0,2,1.7,,0,Kim,0.0,92,False,,,45,570241.jpg,0.0,False,Ji-soo,0.0,False,,a,4,94,0,0,0,0,0,0.0,0.0,Ji-soo,,,,,False,p570241,0,0,0,0,0,0,0,0,0,0,0,0,0,0.0,0.0,0.0,0.0,0,0,0,0,0,0.0,0.0,0.0,0.0,,,,,,,[],,482,177,478,177,469,177,484,177,0.0,0.0,0.0,0.0,0.0,0.0,472,130,171,104,486,177,502,171,0.0,0.0,0.0,DEF,BRE,4.5
True,True,,,513086,0,0,0,0,0,0,2,1.7,,0,Jannik,0.0,93,False,,,45,513086.jpg,0.0,False,Schuster,0.1,False,,a,4,94,0,0,0,0,0,0.0,0.0,Schuster,,,,,False,p513086,0,0,0,0,0,0,0,0,0,0,0,0,0,0.0,0.0,0.0,0.0,0,0,0,0,0,0.0,0.0,0.0,0.0,,,,,,,[],,472,175,467,175,455,174,474,175,0.0,0.0,0.0,0.0,0.0,0.0,455,124,154,98,477,175,401,143,0.0,0.0,0.0,DEF,BRE,4.5
True,True,,,513418,0,0,0,0,0,0,3,2.1,,0,Kevin,0.0,94,False,,,60,513418.jpg,3.6,False,Schade,1.9,False,,a,4,94,125,0,0,0,0,0.0,20.8,Schade,,,,,False,p513418,2744,8,5,11,34,0,0,1,6,1,0,5,385,536.8,380.1,821.0,172.8,0,0,0,0,32,12.08,2.05,14.13,40.05,,,,,2.0,,[],,100,31,89,66,12,7,33,25,0.4,0.0,0.07,0.47,1.31,1.12,100,65,494,200,94,40,121,38,1.05,0.36,0.0,MID,BRE,6.0
True,True,,,533463,0,0,0,0,0,0,3,2.3,,0,Dango,0.0,95,False,,,65,533463.jpg,4.2,False,Ouattara,1.4,False,,a,4,94,136,0,0,0,0,0.0,20.9,O.Dango,,,,,False,p533463,2271,7,8,6,35,0,0,0,5,0,0,16,429,509.8,422.8,702.0,162.8,0,0,0,0,25,7.94,4.12,12.06,34.75,8.0,,,,,,[],,112,38,65,50,23,10,42,29,0.31,0.0,0.16,0.47,1.38,1.39,53,37,526,225,44,20,149,45,0.99,0.24,0.0,MID,BRE,6.5
True,True,,,440089,0,0,0,0,0,0,3,2.0,,0,Mikkel,0.0,96,False,,,55,440089.jpg,3.4,False,Damsgaard,0.6,False,,a,4,94,113,0,0,0,0,0.0,20.5,Damsgaard,,,,,False,p440089,2046,4,4,5,32,0,0,0,0,0,0,9,467,530.6,691.3,326.0,155.0,0,0,0,0,24,2.61,5.43,8.04,31.55,6.0,,3.0,,,,[],,106,34,26,25,85,53,49,31,0.11,0.0,0.24,0.35,1.39,1.41,159,100,396,143,116,46,226,77,1.06,0.22,0.0,MID,BRE,5.5
True,True,,,207283,0,0,0,0,0,0,3,2.0,,0,Mathias,0.0,97,False,,,55,207283.jpg,2.7,False,Jensen,0.2,False,,a,4,94,98,0,0,0,0,0.0,17.8,Jensen,,,,,False,p207283,2239,3,2,9,33,0,0,0,3,0,0,1,465,435.6,632.7,201.0,126.9,0,0,0,0,26,2.21,6.06,8.27,35.72,5.0,,2.0,,3.0,,[],,140,52,29,28,155,84,77,48,0.09,0.0,0.24,0.33,1.44,1.33,135,84,372,127,209,81,410,154,1.05,0.36,0.0,MID,BRE,5.5
True,True,,,204580,0,0,0,0,0,0,3,1.5,,0,Vitaly,0.0,98,False,,,50,204580.jpg,3.0,False,Janelt,0.1,False,,a,4,94,74,0,0,0,0,0.0,14.8,Janelt,,,,,False,p204580,1434,1,4,5,21,0,0,0,8,0,0,6,334,350.4,351.8,97.0,79.0,0,0,0,0,15,0.82,2.27,3.09,26.62,7.0,,,,,,[],,172,69,99,72,234,126,176,85,0.05,0.0,0.14,0.19,1.67,1.32,247,151,225,45,169,63,407,153,0.94,0.31,0.0,MID,BRE,5.0
True,True,75.0,,543295,0,0,0,0,0,0,3,1.1,,0,Antoni,0.0,99,False,Knee injury - 75% chance of playing,2026-07-23T12:01:23.384798Z,50,543295.jpg,1.0,False,Milambo,0.0,False,,d,4,94,1,0,0,0,0,0.0,0.2,Milambo,,,,,False,p543295,45,0,0,0,3,0,0,0,0,0,0,0,5,4.0,1.8,0.0,0.6,0,0,0,0,1,0.0,0.01,0.01,1.49,,,,,,,[],https://www.brentfordfc.com/en/news/article/first-team-brentford-v-crystal-palace-premier-league-team-news?utm_source=premier-league-web&utm_medium=referral&utm_campaign=pl-referral-always-on&utm_term=injuries&utm_content=club-injury-article,380,176,368,184,526,226,388,182,0.0,0.0,0.02,0.02,2.98,6.0,345,205,323,99,380,176,556,245,2.0,0.0,0.0,MID,BRE,5.0
True,True,100.0,,244858,0,0,0,0,0,0,3,0.0,,0,Fábio,0.0,100,False,,2026-07-23T12:01:23.400917Z,50,244858.jpg,2.2,False,Freitas Gouveia Carvalho,0.0,False,,a,4,94,13,0,0,0,0,0.0,2.6,Carvalho,,,,,False,p244858,100,1,0,0,4,0,0,0,0,0,0,1,42,39.0,6.5,36.0,8.1,0,0,0,0,1,0.7,0.03,0.73,2.08,,,,,,,[],https://www.brentfordfc.com/en/news/article/first-team-brentford-v-crystal-palace-premier-league-team-news?utm_source=premier-league-web&utm_medium=referral&utm_campaign=pl-referral-always-on&utm_term=injuries&utm_content=club-injury-article,343,158,349,173,291,152,345,162,0.63,0.0,0.03,0.66,1.87,3.6,278,166,256,60,268,113,553,243,0.9,0.0,0.0,MID,BRE,5.0
True,True,,,508395,0,0,0,0,0,0,3,1.5,,0,Yehor,0.0,102,False,,,50,508395.jpg,2.8,False,Yarmoliuk,1.5,False,,a,4,94,104,0,0,0,0,0.0,20.8,Yarmoliuk,,,,,False,p508395,2652,1,3,8,42,0,0,0,7,0,0,1,448,445.0,273.0,117.0,83.4,0,0,0,0,30,1.22,1.39,2.61,40.31,,,,,,,[],,132,47,132,90,219,119,166,81,0.04,0.0,0.05,0.09,1.37,1.43,328,191,306,85,196,73,171,54,1.02,0.27,0.0,MID,BRE,5.0
True,True,,,183656,0,0,0,0,0,0,3,1.5,,0,Josh,0.0,103,False,,,50,183656.jpg,1.0,False,Dasilva,0.0,False,,a,4,94,2,0,0,0,0,0.0,0.4,Dasilva,,,,,False,p183656,2,0,0,0,0,0,0,0,0,0,0,0,5,0.4,11.3,4.0,1.6,0,0,0,0,0,0.08,0.0,0.08,0.05,,,,,,,[],,394,185,336,171,342,174,377,176,3.6,0.0,0.0,3.6,2.25,0.0,240,146,218,40,378,174,515,213,0.0,0.0,0.0,MID,BRE,5.0
True,True,,,444180,0,0,0,0,0,0,3,2.1,,0,Jaidon,0.0,105,False,,,60,444180.jpg,0.0,False,Anthony,0.2,False,,a,4,94,0,0,0,0,0,0.0,0.0,Anthony,,,,,False,p444180,0,0,0,0,0,0,0,0,0,0,0,0,0,0.0,0.0,0.0,0.0,0,0,0,0,0,0.0,0.0,0.0,0.0,,,,,,,[],,550,240,550,240,550,240,550,240,0.0,0.0,0.0,0.0,0.0,0.0,85,54,479,189,550,240,320,114,0.0,0.0,0.0,MID,BRE,6.0
True,True,,,502500,0,0,0,0,0,0,4,2.5,,0,Igor Thiago,0.0,106,False,,,80,502500.jpg,4.8,False,Nascimento Rodrigues,16.0,False,,a,4,94,181,0,0,0,0,0.0,22.6,Thiago,,,,,False,p502500,3282,22,1,10,50,0,0,1,7,0,0,22,710,1019.4,382.5,1170.0,256.9,0,0,0,0,37,20.6,1.83,22.43,53.17,,,,,1.0,,[],,5,2,88,3,3,3,6,2,0.56,0.0,0.05,0.61,1.46,1.37,12,4,552,66,15,3,18,4,1.01,0.27,0.0,FWD,BRE,8.0
True,True,,,593174,0,0,0,0,0,0,4,1.0,,0,Kaye,0.0,107,False,,,45,593174.jpg,1.0,False,Furo,0.8,False,,a,4,94,1,0,0,0,0,0.0,0.2,Furo,,,,,False,p593174,1,0,0,0,0,0,0,0,0,0,0,0,2,0.0,0.0,0.0,0.0,0,0,0,0,0,0.0,0.0,0.0,0.02,,,,,,,[],,484,52,479,52,471,53,485,53,0.0,0.0,0.0,0.0,1.8,0.0,480,65,179,9,373,44,195,34,0.0,0.0,0.0,FWD,BRE,4.5
True,True,,,75115,0,0,0,0,0,0,4,1.8,,0,Callum,0.0,108,False,,,55,75115.jpg,0.0,False,Wilson,0.4,False,,a,4,94,0,0,0,0,0,0.0,0.0,Wilson,,,,,False,p75115,0,0,0,0,0,0,0,0,0,0,0,0,0,0.0,0.0,0.0,0.0,0,0,0,0,0,0.0,0.0,0.0,0.0,,,,,,,[],,536,63,536,63,534,63,536,63,0.0,0.0,0.0,0.0,0.0,0.0,111,27,348,24,536,63,278,52,0.0,0.0,0.0,FWD,BRE,5.5
True,True,,,513545,0,0,0,0,0,0,3,0.0,0.0,0,Mamadou,0.0,565,0,,,55,513545.jpg,0.0,False,Sangaré,1.5,False,,a,4,94,0,0,0,0,0,0.0,0.0,Sangaré,0,0.0,0,0,0,0,0,0,0,0,0,0,0,0,0,0,0,0,0,0.0,0.0,0.0,0.0,0,0,0,0,0,0.0,0.0,0.0,0.0,0.0,0.0,0.0,0.0,0.0,0.0,0,0,0,0,0,0,0,0,0,0,0.0,0.0,0.0,0.0,0.0,0.0,0,0,0,0,0,0,0,0,0.0,0.0,0.0,MID,BRE,5.5
True,True,,,489639,0,0,0,0,0,0,1,2.0,,0,Bart,0.0,109,False,,,45,489639.jpg,3.4,False,Verbruggen,18.1,False,,a,5,36,130,0,0,0,0,0.0,28.9,Verbruggen,,,,,False,p489639,3420,0,0,10,46,1,1,0,3,0,106,6,616,935.0,10.0,0.0,94.7,0,0,0,0,38,0.0,0.06,0.06,49.06,,,,,,,[],,9,2,341,10,448,42,141,2,0.0,2.79,0.0,0.0,1.29,1.21,445,36,144,38,109,12,23,4,1.0,0.26,0.0,GK,BHA,4.5
True,True,,,49262,0,0,0,0,0,0,1,1.0,,0,Jason,0.0,111,False,,,40,49262.jpg,0.0,False,Steele,4.5,False,,a,5,36,0,0,0,0,0,0.0,0.0,Steele,,,,,False,p49262,0,0,0,0,0,0,0,0,0,0,0,0,0,0.0,0.0,0.0,0.0,0,0,0,0,0,0.0,0.0,0.0,0.0,,,,,,,[],,397,34,380,16,361,7,399,34,0.0,0.0,0.0,0.0,0.0,0.0,494,43,3,3,403,34,68,10,0.0,0.0,0.0,GK,BHA,4.0
True,True,,,231416,0,0,0,0,0,0,2,1.7,,0,Ferdi,0.0,113,False,,,45,231416.jpg,3.2,False,Kadıoğlu,3.1,False,,a,5,36,118,0,0,0,0,0.0,26.2,F.Kadıoğlu,,,,,False,p231416,3130,1,2,10,41,0,0,0,6,0,0,7,514,505.0,444.8,284.0,123.7,0,0,0,0,34,2.06,3.31,5.37,44.61,7.0,,,,,,[],,113,48,62,13,104,17,83,20,0.06,0.0,0.1,0.16,1.28,1.18,415,102,114,76,141,55,106,38,0.98,0.29,0.0,DEF,BHA,4.5
True,True,,,204120,0,0,0,0,0,0,2,1.7,,0,Olivier,0.0,114,False,,,45,204120.jpg,3.2,False,Boscagli,0.2,False,,a,5,36,39,0,0,0,0,0.0,8.7,Boscagli,,,,,False,p204120,799,0,1,3,10,0,0,0,2,0,0,4,171,215.6,82.2,12.0,31.1,0,0,0,0,9,0.05,0.47,0.52,10.87,,,,,,,[],,242,92,253,83,323,116,287,96,0.01,0.0,0.05,0.06,1.22,1.13,403,92,102,66,139,53,397,142,1.01,0.34,0.0,DEF,BHA,4.5
True,True,,,465730,0,0,0,0,0,0,2,1.7,,0,Maxim,0.0,115,False,,,45,465730.jpg,2.8,False,De Cuyper,1.3,False,,a,5,36,84,0,0,0,0,0.0,18.7,De Cuyper,,,,,False,p465730,1404,2,3,5,23,0,0,0,2,0,0,9,318,327.8,516.6,154.0,99.9,0,0,0,0,17,1.66,4.08,5.74,24.09,,,4.0,,,,[],,187,72,47,5,193,52,129,38,0.11,0.0,0.26,0.37,1.54,1.47,436,117,135,91,191,79,123,46,1.09,0.32,0.0,DEF,BHA,4.5
True,True,,,83299,0,0,0,0,0,0,2,1.7,,0,Lewis,0.0,116,False,,,45,83299.jpg,3.0,False,Dunk,0.8,False,,a,5,36,100,0,0,0,0,0.0,22.2,Dunk,,,,,False,p83299,2837,1,1,7,40,0,0,0,10,0,0,5,443,649.6,125.5,210.0,98.7,0,0,0,0,31,1.83,0.56,2.39,41.9,,,3.0,,,,[],,63,27,221,62,144,33,133,42,0.06,0.0,0.02,0.08,1.33,1.27,374,75,73,49,164,67,236,84,0.98,0.22,0.0,DEF,BHA,4.5
True,True,,,550090,0,0,0,0,0,0,2,1.7,,0,Diego,0.0,117,False,,,45,550090.jpg,2.0,False,Coppola,0.0,False,,a,5,36,10,0,0,0,0,0.0,2.2,Coppola,,,,,False,p550090,193,0,0,1,3,0,0,0,2,0,0,0,32,42.4,3.7,2.0,4.8,0,0,0,0,2,0.0,0.01,0.01,4.52,,,,,,,[],,341,119,357,125,352,128,359,123,0.0,0.0,0.0,0.0,2.11,1.4,464,128,163,102,283,108,505,173,0.93,0.47,0.0,DEF,BHA,4.5
True,True,,,223434,0,0,0,0,0,0,2,1.7,,0,Igor Julio,0.0,118,False,,,45,223434.jpg,1.5,False,dos Santos de Paulo,0.1,False,,a,5,36,6,0,0,0,0,0.0,1.3,Igor,,,,,False,p223434,103,0,0,0,3,0,0,0,0,0,0,0,10,25.8,10.6,0.0,3.6,0,0,0,0,1,0.0,0.0,0.0,4.66,,,,,,,[],,351,122,337,118,435,170,365,125,0.0,0.0,0.0,0.0,4.07,2.62,410,97,109,71,329,118,460,158,0.87,0.0,0.0,DEF,BHA,4.5
True,True,,,451490,0,0,0,0,0,0,2,1.7,,0,João Pedro,0.0,119,False,,,45,451490.jpg,0.0,False,Loureiro da Costa,0.0,False,,a,5,36,0,0,0,0,0,0.0,0.0,Costinha,,,,,False,p451490,0,0,0,0,0,0,0,0,0,0,0,0,0,0.0,0.0,0.0,0.0,0,0,0,0,0,0.0,0.0,0.0,0.0,,,,,,,[],,463,174,455,174,441,173,465,174,0.0,0.0,0.0,0.0,0.0,0.0,432,116,131,90,468,174,497,168,0.0,0.0,0.0,DEF,BHA,4.5
True,True,,,454490,0,0,0,0,0,0,2,2.2,,0,Michael,0.0,120,False,,,50,454490.jpg,0.0,False,Svoboda,0.1,False,,a,5,36,0,0,0,0,0,0.0,0.0,Svoboda,,,,,False,p454490,0,0,0,0,0,0,0,0,0,0,0,0,0,0.0,0.0,0.0,0.0,0,0,0,0,0,0.0,0.0,0.0,0.0,,,,,,,[],,512,180,510,180,507,180,512,180,0.0,0.0,0.0,0.0,0.0,0.0,294,56,272,135,512,180,480,165,0.0,0.0,0.0,DEF,BHA,5.0
True,True,0.0,,451340,0,0,0,0,0,0,3,0.0,,0,Mitoma,0.0,121,False,Hamstring injury - Unknown return date,2026-07-24T18:30:10.661894Z,60,451340.jpg,2.5,False,Kaoru,0.1,False,,i,5,36,62,0,0,0,0,0.0,10.3,Mitoma,,,,,False,p451340,1714,3,1,5,20,0,0,0,5,0,0,2,247,288.4,422.3,416.0,112.3,0,0,0,0,19,4.04,2.74,6.78,23.76,,,,,,,[],https://www.brightonandhovealbion.com/media-article/successful-surgery-for-mitoma,208,92,66,51,59,35,103,60,0.21,0.0,0.14,0.35,1.25,1.05,87,56,481,191,240,94,220,74,1.0,0.26,0.0,MID,BHA,6.0
True,True,,,592031,0,0,0,0,0,0,3,2.1,,0,Yankuba,0.0,122,False,,,60,592031.jpg,3.4,False,Minteh,0.7,False,,a,5,36,117,0,0,0,0,0.0,19.5,Minteh,,,,,False,p592031,2389,3,8,11,33,0,0,0,3,0,0,9,466,491.8,691.4,617.0,180.3,0,0,0,0,26,3.81,5.06,8.87,34.09,6.0,,,,,,[],,116,40,25,24,28,14,30,24,0.14,0.0,0.19,0.33,1.28,1.24,105,68,499,203,121,49,218,73,0.98,0.41,0.0,MID,BHA,6.0
True,True,,,532529,0,0,0,0,0,0,3,2.1,,0,Jack,0.0,123,False,,,60,532529.jpg,3.4,False,Hinshelwood,0.2,False,,a,5,36,91,0,0,0,0,0.0,15.2,Hinshelwood,,,,,False,p532529,1736,4,5,7,23,1,0,0,0,0,0,2,317,312.6,228.0,412.0,94.8,0,0,0,0,20,4.94,2.34,7.28,27.83,,,,,,,[],,195,84,149,101,60,36,140,75,0.26,0.0,0.12,0.38,1.44,1.19,101,66,495,201,120,48,306,103,1.04,0.36,0.0,MID,BHA,6.0
True,True,,,60307,0,0,0,0,0,0,3,2.0,,0,Pascal,0.0,124,False,,,55,60307.jpg,4.1,False,Groß,10.9,False,,a,5,36,78,0,0,0,0,0.0,14.2,Groß,,,,,False,p60307,1636,1,6,6,17,0,0,0,2,0,0,10,389,397.2,668.2,220.0,128.5,0,0,0,0,18,1.39,3.95,5.34,20.36,5.0,,,,,,[],,155,60,27,26,139,79,76,47,0.08,0.0,0.22,0.3,1.12,0.94,110,73,347,116,46,21,143,43,0.99,0.33,0.0,MID,BHA,5.5
True,True,,,463067,0,0,0,0,0,0,4,1.8,,0,Georginio,0.0,125,False,,,55,463067.jpg,2.7,False,Rutter,1.0,False,,a,5,36,87,0,0,0,0,0.0,15.8,Georginio,,,,,False,p463067,1776,3,5,7,20,1,0,0,2,0,0,2,290,338.6,349.5,448.0,113.5,0,0,0,0,20,2.9,2.9,5.8,21.59,,,,,,,[],,179,17,101,4,48,18,99,16,0.15,0.0,0.15,0.3,1.09,1.01,169,39,406,36,211,20,207,35,1.01,0.35,0.0,FWD,BHA,5.5
True,True,,,219249,0,0,0,0,0,0,3,2.0,,0,Matt,0.0,126,False,,,55,219249.jpg,2.7,False,O'Riley,0.1,False,,a,5,36,16,0,0,0,0,0.0,2.9,O'Riley,,,,,False,p219249,202,1,0,1,3,0,0,0,0,0,0,2,48,65.4,67.7,63.0,19.6,0,0,0,0,2,1.21,0.18,1.39,2.53,,,,,2.0,,[],,328,147,265,147,267,143,310,148,0.54,0.0,0.08,0.62,1.13,1.34,140,87,377,130,210,82,458,182,0.89,0.45,0.0,MID,BHA,5.5
True,True,,,514254,0,0,0,0,0,0,3,1.5,,0,Diego,0.0,127,False,,,50,514254.jpg,3.0,False,Gómez Amarilla,2.4,False,,a,5,36,97,0,0,0,0,0.0,19.4,Gomez,,,,,False,p514254,2117,5,1,8,29,0,0,0,9,0,0,9,361,438.2,319.7,432.0,119.0,0,0,0,0,26,6.24,1.72,7.96,29.35,,,5.0,,,,[],,136,49,112,80,55,33,91,53,0.27,0.0,0.07,0.34,1.25,1.23,332,193,310,87,171,65,134,41,1.11,0.34,0.0,MID,BHA,5.0
True,False,0.0,,536916,0,0,0,0,0,0,3,1.5,,0,Facundo,0.0,128,False,Has joined Elche on loan for the rest of the season,2026-08-10T14:03:07.561436Z,50,536916.jpg,0.8,False,Buonanotte,0.0,False,,u,5,36,3,0,0,0,0,0.0,0.6,Buonanotte,,,,,False,p536916,81,0,0,0,4,0,0,0,1,0,0,0,9,13.2,40.0,21.0,7.4,0,0,0,0,1,0.06,0.28,0.34,2.51,,,,,,,[],,363,167,298,159,309,159,351,164,0.07,0.0,0.31,0.38,2.79,4.44,343,203,321,97,397,186,469,187,1.11,0.0,0.0,MID,BHA,5.0
True,True,,,509416,0,0,0,0,0,0,3,2.0,,0,Yasin,0.0,129,False,,,55,509416.jpg,3.4,False,Ayari,0.8,False,,a,5,36,98,0,0,0,0,0.0,17.8,Ayari,,,,,False,p509416,1921,3,4,6,24,0,0,0,1,0,0,7,406,359.8,251.3,231.0,84.5,0,0,0,0,20,2.7,1.15,3.85,26.85,8.0,,2.0,,,,[],,169,67,137,94,131,75,163,80,0.13,0.0,0.05,0.18,1.26,1.12,192,119,429,162,118,47,247,85,0.94,0.28,0.0,MID,BHA,5.5
True,True,,,467779,0,0,0,0,0,0,2,2.2,,0,Mats,0.0,130,False,,,50,467779.jpg,3.6,False,Wieffer,0.3,False,,a,5,36,94,0,0,0,0,0.0,18.8,Wieffer,,,,,False,p467779,1901,2,4,6,26,0,0,0,8,0,0,6,398,477.0,291.1,209.0,97.7,0,0,0,0,23,1.92,1.86,3.78,23.95,,,,,,,[],,122,50,128,31,146,34,136,44,0.09,0.0,0.09,0.18,1.13,1.23,301,59,279,138,89,36,283,104,1.09,0.28,0.0,DEF,BHA,5.0
True,True,0.0,,535301,0,0,0,0,0,0,3,1.5,,0,Carlos,0.0,131,False,Ankle injury - Expected back 23 Aug,2026-08-06T16:00:10.997714Z,50,535301.jpg,1.8,False,Baleba,0.3,False,,i,5,36,56,0,0,0,0,0.0,11.2,Baleba,,,,,False,p535301,1646,0,0,7,19,0,0,0,5,0,0,0,231,166.8,156.3,44.0,36.8,0,0,0,0,23,0.78,0.72,1.5,20.4,,,,,,,[],,264,120,198,127,279,149,275,133,0.04,0.0,0.04,0.08,1.12,1.04,338,198,316,92,305,133,248,86,1.26,0.38,0.0,MID,BHA,5.0
True,True,,,597320,0,0,0,0,0,0,3,1.0,,0,Harry,0.0,132,False,,,45,597320.jpg,1.3,False,Howell,0.3,False,,a,5,36,4,0,0,0,0,0.0,0.9,Howell,,,,,False,p597320,92,0,0,0,2,0,0,0,0,0,0,0,11,10.2,5.1,2.0,1.8,0,0,0,0,1,0.0,0.03,0.03,1.04,,,,,,,[],,371,170,354,175,354,180,374,173,0.0,0.0,0.03,0.03,1.02,1.96,482,242,181,21,343,156,318,112,0.98,0.0,0.0,MID,BHA,4.5
True,False,0.0,,549074,0,0,0,0,0,0,3,1.5,,0,Tom,0.0,133,False,Has joined Leicester City on loan for the rest of the season,2026-08-03T14:05:44.459483Z,50,549074.jpg,0.8,False,Watson,0.0,False,,u,5,36,5,0,0,0,0,0.0,1.0,Watson,,,,,False,p549074,57,0,0,0,2,0,0,0,1,0,0,0,15,6.0,2.4,7.0,1.6,0,0,0,0,0,0.04,0.03,0.07,1.72,,,,,,,[],,376,173,364,180,334,169,378,177,0.06,0.0,0.05,0.11,2.72,3.16,348,208,326,102,398,187,519,216,0.0,0.0,0.0,MID,BHA,5.0
True,True,,,556637,0,0,0,0,0,0,3,1.0,,0,Nehemiah,0.0,134,False,,,45,556637.jpg,1.0,False,Oriola,0.2,False,,a,5,36,1,0,0,0,0,0.0,0.2,Oriola,,,,,False,p556637,1,0,0,0,0,0,0,0,0,0,0,0,3,0.0,0.0,0.0,0.0,0,0,0,0,0,0.0,0.0,0.0,0.0,,,,,,,[],,479,196,475,198,465,194,481,197,0.0,0.0,0.0,0.0,0.0,0.0,468,238,167,17,367,167,377,139,0.0,0.0,0.0,MID,BHA,4.5
True,True,,,700308,0,0,0,0,0,0,3,1.5,,0,Zadok,0.0,135,False,,,50,700308.jpg,0.0,False,Yohanna,0.1,False,,a,5,36,0,0,0,0,0,0.0,0.0,Yohanna,,,,,False,p700308,0,0,0,0,0,0,0,0,0,0,0,0,0,0.0,0.0,0.0,0.0,0,0,0,0,0,0.0,0.0,0.0,0.0,,,,,,,[],,535,230,535,230,533,230,535,230,0.0,0.0,0.0,0.0,0.0,0.0,368,221,346,115,535,230,456,180,0.0,0.0,0.0,MID,BHA,5.0
True,True,75.0,,608181,0,0,0,0,0,0,4,1.3,,0,Stefanos,0.0,137,False,Knee injury - 75% chance of playing,2026-07-23T12:01:23.432796Z,55,608181.jpg,1.8,False,Tzimas,0.0,False,,d,5,36,16,0,0,0,0,0.0,2.9,Tzimas,,,,,False,p608181,132,1,1,0,2,0,0,0,0,0,0,0,55,66.6,65.7,44.0,17.7,0,0,0,0,1,0.44,0.11,0.55,2.59,,,,,,,[],https://www.brightonandhovealbion.com/media-video/hurzelers-liverpool-press-conference-march-26?utm_source=premier-league-web&utm_medium=referral&utm_campaign=pl-referral-always-on&utm_term=injuries&utm_content=club-injury-article,325,37,268,32,280,41,314,38,0.3,0.0,0.08,0.38,1.77,1.36,209,44,446,41,309,32,439,64,0.68,0.0,0.0,FWD,BHA,5.5
True,True,,,647850,0,0,0,0,0,0,4,1.8,,0,Charalampos,0.0,138,False,,,55,647850.jpg,1.7,False,Kostoulas,0.3,False,,a,5,36,35,0,0,0,0,0.0,6.4,Kostoulas,,,,,False,p647850,351,2,1,1,9,0,0,0,2,0,0,3,140,143.6,126.5,255.0,52.4,0,0,0,0,2,2.12,0.54,2.66,6.04,,,,,,,[],,279,29,220,24,114,29,240,26,0.54,0.0,0.14,0.68,1.55,2.31,212,45,449,42,318,34,321,57,0.51,0.26,0.0,FWD,BHA,5.5
True,True,0.0,,487117,0,0,0,0,0,0,4,0.0,,0,Evan,0.0,139,False,Ankle injury - Expected back 10 Oct,2026-07-23T12:01:23.448357Z,50,487117.jpg,0.0,False,Ferguson,0.0,False,,i,5,36,0,0,0,0,0,0.0,0.0,Ferguson,,,,,False,p487117,0,0,0,0,0,0,0,0,0,0,0,0,0,0.0,0.0,0.0,0.0,0,0,0,0,0,0.0,0.0,0.0,0.0,,,,,,,[],,517,60,516,60,512,60,517,60,0.0,0.0,0.0,0.0,0.0,0.0,309,52,287,19,517,60,535,66,0.0,0.0,0.0,FWD,BHA,5.0
True,True,,,222694,0,0,0,0,0,0,2,2.2,,0,Pascal,0.0,328,False,,,50,222694.jpg,3.2,False,Struijk,0.5,False,,a,5,36,108,0,0,0,0,0.0,21.6,Struijk,,,,,False,p222694,2935,0,1,7,48,0,0,0,5,0,0,4,412,697.4,161.5,272.0,113.1,0,0,0,0,33,3.06,0.76,3.82,42.92,,,,,,,[],,47,19,190,49,109,19,101,27,0.09,0.0,0.02,0.11,1.32,1.47,265,48,243,127,146,58,256,92,1.01,0.21,0.0,DEF,BHA,5.0
True,True,,,610799,0,0,0,0,0,0,2,2.2,,0,Luka,0.0,504,False,,,50,610799.jpg,0.0,False,Vušković,2.6,False,,a,5,36,0,0,0,0,0,0.0,0.0,Vuskovic,,,,,False,p610799,0,0,0,0,0,0,0,0,0,0,0,0,0,0.0,0.0,0.0,0.0,0,0,0,0,0,0.0,0.0,0.0,0.0,,,,,,,[],,532,183,532,183,530,183,532,183,0.0,0.0,0.0,0.0,0.0,0.0,359,71,337,150,532,183,129,51,0.0,0.0,0.0,DEF,BHA,5.0
True,True,,,244850,0,0,0,0,0,0,3,2.6,,0,Morgan,0.0,40,False,,,75,244850.jpg,4.6,False,Rogers,26.4,False,,a,6,8,169,0,0,0,0,0.0,22.5,Rogers,,,,,False,p244850,3280,10,8,9,48,0,0,0,7,0,0,17,605,746.2,706.2,871.0,232.0,0,0,0,0,37,6.84,4.32,11.16,51.55,,,,,,,[],,37,10,24,23,8,3,8,6,0.19,0.0,0.12,0.31,1.41,1.32,16,9,540,235,25,11,5,3,1.02,0.25,0.0,MID,CHE,7.5
True,True,75.0,,56979,0,0,0,0,0,0,3,1.1,,0,Jordan,0.0,101,False,Wrist injury - 75% chance of playing,2026-08-09T09:30:07.136250Z,50,56979.jpg,2.4,False,Henderson,0.0,False,,d,6,8,76,0,0,0,0,0.0,15.2,Henderson,,,,,False,p56979,1911,1,3,6,28,0,0,0,6,0,0,5,343,336.6,358.3,49.0,74.4,0,0,0,0,22,0.33,2.31,2.64,28.16,,,,,,,[],,181,75,95,69,277,147,184,92,0.02,0.0,0.11,0.13,1.33,1.32,213,132,191,26,243,96,540,234,1.04,0.28,0.0,MID,CHE,5.0
True,True,,,50175,0,0,0,0,0,0,4,2.0,,0,Danny,0.0,136,False,,,60,50175.jpg,3.4,False,Welbeck,2.5,False,,a,6,8,126,0,0,0,0,0.0,21.0,Welbeck,,,,,False,p50175,2249,13,1,10,28,0,0,2,5,0,0,18,511,578.8,309.7,803.0,168.2,0,0,0,0,26,12.36,1.4,13.76,31.68,,,1.0,,1.0,,[],,84,7,119,9,15,8,35,6,0.49,0.0,0.06,0.55,1.27,1.12,57,13,451,43,119,11,103,16,1.04,0.4,0.0,FWD,CHE,6.0
True,True,,,215059,0,0,0,0,0,0,1,2.6,,0,Robert,0.0,140,False,,,50,215059.jpg,3.2,False,Lynch Sánchez,2.1,False,,a,6,8,113,0,0,0,0,0.0,22.6,Sánchez,,,,,False,p215059,3040,0,1,9,49,0,0,0,3,1,98,7,509,822.2,50.0,0.0,86.7,0,0,0,0,35,0.0,0.04,0.04,48.64,,,,,,,[],,27,8,282,1,492,52,156,6,0.0,2.9,0.0,0.0,1.44,1.45,256,11,234,49,145,19,133,20,1.04,0.27,0.0,GK,CHE,5.0
True,False,0.0,,508479,0,0,0,0,0,0,1,2.6,,0,Filip,0.0,141,False,Has joined RC Strasbourg on loan for the rest of the season,2026-08-12T14:07:02.607115Z,50,508479.jpg,1.8,False,Jörgensen,0.1,False,,u,6,8,9,0,0,0,0,0.0,1.8,Jörgensen,,,,,False,p508479,378,0,0,0,5,0,0,0,0,0,8,0,50,79.8,0.0,0.0,7.9,0,0,0,0,3,0.0,0.0,0.0,4.12,,,,,,,[],,316,26,523,60,520,58,348,26,0.0,1.9,0.0,0.0,0.98,1.19,329,18,307,56,304,30,378,44,0.71,0.0,0.0,GK,CHE,5.0
True,True,,,225796,0,0,0,0,0,0,2,2.5,,0,Reece,0.0,142,False,,,55,225796.jpg,4.0,False,James,8.1,False,,a,6,8,115,0,0,0,0,0.0,20.9,James,,,,,False,p225796,1957,2,6,8,20,0,0,0,4,0,0,11,493,459.0,483.7,116.0,106.1,0,0,0,0,20,1.04,3.2,4.24,28.75,5.0,,1.0,,,,[],,128,53,52,7,221,64,116,35,0.05,0.0,0.15,0.2,1.32,0.92,142,16,379,158,56,23,56,21,0.92,0.37,0.0,DEF,CHE,5.5
True,False,0.0,,180736,0,0,0,0,0,0,2,2.5,,0,Trevoh,0.0,143,False,Has joined Como permanently,2026-08-10T14:03:50.769483Z,55,180736.jpg,4.0,False,Chalobah,1.3,False,,u,6,8,136,0,0,0,0,0.0,24.7,Chalobah,,,,,False,p180736,2780,3,1,9,40,0,0,0,3,1,0,7,516,719.2,111.2,160.0,99.1,0,0,0,0,31,1.44,1.03,2.47,40.83,,,,,,,[],,43,17,231,70,188,50,132,41,0.05,0.0,0.03,0.08,1.32,1.29,124,12,361,154,54,22,125,47,1.0,0.29,0.0,DEF,CHE,5.5
True,True,,,482609,0,0,0,0,0,0,2,2.2,,0,Malo,0.0,144,False,,,50,482609.jpg,2.8,False,Gusto,1.1,False,,a,6,8,96,0,0,0,0,0.0,19.2,Gusto,,,,,False,p482609,2255,2,3,7,36,1,0,0,3,1,0,7,406,443.6,448.5,205.0,109.8,0,0,0,0,26,1.56,2.97,4.53,37.13,,,,,,,[],,133,55,61,12,149,37,106,29,0.06,0.0,0.12,0.18,1.48,1.44,306,61,284,140,194,82,182,67,1.04,0.28,0.0,DEF,CHE,5.0
True,True,0.0,,444463,0,0,0,0,0,0,2,0.0,,0,Wesley,0.0,145,False,Suspended until 6 Sep,2026-07-23T12:01:23.464591Z,50,444463.jpg,2.6,False,Fofana,0.0,False,,s,6,8,65,0,0,0,0,0.0,13.0,Fofana,,,,,False,p444463,1718,0,2,4,25,0,0,0,5,2,0,3,288,463.6,65.6,74.0,60.4,0,0,0,0,20,0.72,0.6,1.32,25.81,,,,,,,[],,126,52,269,89,256,81,221,71,0.04,0.0,0.03,0.07,1.35,1.31,289,54,267,133,225,92,551,183,1.05,0.21,0.0,DEF,CHE,5.0
True,True,,,242880,0,0,0,0,0,0,2,1.7,,0,Benoît,0.0,146,False,,,45,242880.jpg,0.9,False,Badiashile Mukinayi,0.0,False,,a,6,8,7,0,0,0,0,0.0,1.6,B.Badiashile,,,,,False,p242880,470,0,0,0,10,0,0,0,2,0,0,0,48,102.8,7.9,2.0,11.4,0,0,0,0,6,0.0,0.06,0.06,7.41,,,,,,,[],,302,108,346,120,349,127,334,115,0.0,0.0,0.01,0.01,1.42,1.91,420,106,119,80,391,130,490,167,1.15,0.0,0.0,DEF,CHE,4.5
True,True,,,109646,0,0,0,0,0,0,2,1.7,,0,Tosin,0.0,147,False,,,45,109646.jpg,2.1,False,Adarabioyo,0.2,False,,a,6,8,34,0,0,0,0,0.0,7.6,Tosin,,,,,False,p109646,788,0,0,2,14,0,0,0,2,0,0,2,130,240.4,33.3,19.0,29.3,0,0,0,0,8,0.11,0.4,0.5,13.25,,,,,,,[],,226,85,305,104,311,109,290,97,0.01,0.0,0.05,0.06,1.51,1.6,382,79,81,53,272,103,376,134,0.91,0.23,0.0,DEF,CHE,4.5
True,True,,,551210,0,0,0,0,0,0,2,1.7,,0,Jorrel,0.0,148,False,,,45,551210.jpg,0.9,False,Hato,0.9,False,,a,6,8,19,0,0,0,0,0.0,4.2,Hato,,,,,False,p551210,1139,0,0,0,27,0,0,0,7,0,0,0,93,233.2,114.9,36.0,38.4,0,0,0,0,12,0.3,0.61,0.91,18.5,,,,,,,[],,232,88,227,66,290,97,270,89,0.02,0.0,0.05,0.07,1.46,2.13,465,129,164,103,392,131,166,62,0.95,0.0,0.0,DEF,CHE,4.5
True,True,,,460028,0,0,0,0,0,0,2,2.2,,0,Levi,0.0,149,False,,,50,460028.jpg,2.7,False,Samuels Colwill,1.7,False,,a,6,8,8,0,0,0,0,0.0,1.6,Colwill,,,,,False,p460028,225,0,0,0,4,0,0,0,0,0,0,0,30,66.0,7.6,6.0,8.0,0,0,0,0,2,0.0,0.12,0.12,3.36,,,,,,,[],,326,116,347,121,336,122,347,118,0.0,0.0,0.05,0.05,1.34,1.6,295,57,273,136,205,84,126,48,0.8,0.0,0.0,DEF,CHE,5.0
True,True,,,574458,0,0,0,0,0,0,2,1.7,,0,Mamadou,0.0,150,False,,,45,574458.jpg,1.0,False,Sarr,0.1,False,,a,6,8,3,0,0,0,0,0.0,0.7,M.Sarr,,,,,False,p574458,100,0,0,0,3,0,0,0,0,0,0,0,4,6.4,0.1,7.0,1.3,0,0,0,0,1,0.35,0.0,0.35,1.63,,,,,,,[],,375,130,376,132,333,121,384,130,0.32,0.0,0.0,0.32,1.47,2.7,473,131,172,105,369,128,463,160,0.9,0.0,0.0,DEF,CHE,4.5
True,True,,,577016,0,0,0,0,0,0,2,1.7,,0,Josh,0.0,151,False,,,45,577016.jpg,2.3,False,Acheampong,0.3,False,,a,6,8,39,0,0,0,0,0.0,8.7,Acheampong,,,,,False,p577016,657,1,0,2,13,0,0,0,1,0,0,5,118,132.6,40.9,70.0,24.4,0,0,0,0,8,0.62,0.13,0.75,15.66,,,,,,,[],,289,104,296,101,261,84,302,102,0.08,0.0,0.02,0.1,2.15,1.78,476,133,175,107,255,100,337,117,1.1,0.27,0.0,DEF,CHE,4.5
True,True,,,620109,0,0,0,0,0,0,2,2.5,,0,Marco,0.0,152,False,,,55,620109.jpg,0.0,False,Palestra,2.4,False,,a,6,8,0,0,0,0,0,0.0,0.0,Palestra,,,,,False,p620109,0,0,0,0,0,0,0,0,0,0,0,0,0,0.0,0.0,0.0,0.0,0,0,0,0,0,0.0,0.0,0.0,0.0,,,,,,,[],,549,184,549,184,548,184,549,184,0.0,0.0,0.0,0.0,0.0,0.0,211,32,448,174,549,184,144,57,0.0,0.0,0.0,DEF,CHE,5.5
True,True,,,220362,0,0,0,0,0,0,2,1.7,,0,Axel,0.0,153,False,,,45,220362.jpg,0.0,False,Disasi,0.1,False,,a,6,8,0,0,0,0,0,0.0,0.0,Disasi,,,,,False,p220362,0,0,0,0,0,0,0,0,0,0,0,0,0,0.0,0.0,0.0,0.0,0,0,0,0,0,0.0,0.0,0.0,0.0,,,,,,,[],,458,171,449,171,433,169,460,171,0.0,0.0,0.0,0.0,0.0,0.0,407,95,106,69,463,171,464,161,0.0,0.0,0.0,DEF,CHE,4.5
True,True,,,244851,0,0,0,0,0,0,3,3.2,,0,Cole,0.0,154,False,,,95,244851.jpg,4.4,False,Palmer,11.2,False,,a,6,8,114,0,0,0,0,0.0,12.0,Palmer,,,,,False,p244851,1954,10,2,3,33,0,0,1,5,0,0,11,430,536.6,393.6,547.0,147.7,0,0,0,0,24,10.55,2.49,13.04,31.13,,,3.0,,1.0,,[],,101,32,83,61,39,23,52,32,0.49,0.0,0.11,0.6,1.43,1.52,4,3,556,245,37,16,32,10,1.11,0.14,0.0,MID,CHE,9.5
True,True,,,448047,0,0,0,0,0,0,3,2.4,,0,Enzo,0.0,155,False,,,70,448047.jpg,4.4,False,Fernández,5.5,False,,a,6,8,157,0,0,0,0,0.0,22.4,Enzo,,,,,False,p448047,3114,10,5,8,46,0,0,0,10,0,0,19,700,835.6,1063.2,747.0,264.6,0,0,0,0,35,11.26,7.26,18.52,44.89,7.0,,2.0,,2.0,,[],,23,7,3,3,20,9,3,2,0.33,0.0,0.21,0.54,1.3,1.33,29,19,535,233,36,15,73,23,1.01,0.23,0.0,MID,CHE,7.0
True,True,,,247632,0,0,0,0,0,0,3,2.3,,0,Pedro,0.0,156,False,,,65,247632.jpg,3.7,False,Lomba Neto,1.4,False,,a,6,8,125,0,0,0,0,0.0,19.2,Neto,,,,,False,p247632,2629,5,7,11,33,0,0,0,2,1,0,9,543,523.0,836.2,505.0,186.7,0,0,0,0,30,4.59,6.84,11.43,37.54,6.0,,4.0,,,,[],,110,36,14,13,41,25,29,23,0.16,0.0,0.23,0.39,1.29,1.13,42,29,515,217,83,37,181,59,1.03,0.38,0.0,MID,CHE,6.5
True,True,,,624773,0,0,0,0,0,0,3,2.3,,0,Estêvão,0.0,157,False,,,65,624773.jpg,2.6,False,Almeida de Oliveira Gonçalves,1.6,False,,a,6,8,58,0,0,0,0,0.0,8.9,Estêvão,,,,,False,p624773,839,2,5,4,11,0,0,0,4,0,0,4,172,183.4,230.9,314.0,72.6,0,0,0,0,12,2.91,2.14,5.05,10.29,8.0,,,,3.0,,[],,257,117,148,100,92,58,192,97,0.31,0.0,0.23,0.54,1.1,1.18,55,39,528,227,229,89,164,51,1.29,0.43,0.0,MID,CHE,6.5
True,True,,,463936,0,0,0,0,0,0,3,2.1,,0,Jamie,0.0,158,False,,,60,463936.jpg,1.6,False,Bynoe-Gittens,0.1,False,,a,6,8,25,0,0,0,0,0.0,4.2,Gittens,,,,,False,p463936,486,0,2,1,7,0,0,0,0,0,0,0,99,93.0,130.4,91.0,31.3,0,0,0,0,5,0.81,0.94,1.75,8.89,,,,,,,[],,309,140,216,134,242,130,285,138,0.15,0.0,0.17,0.32,1.65,1.3,89,57,483,192,327,144,504,207,0.93,0.19,0.0,MID,CHE,6.0
True,True,,,486672,0,0,0,0,0,0,3,2.0,,0,Moisés,0.0,159,False,,,55,486672.jpg,3.3,False,Caicedo Corozo,4.1,False,,a,6,8,110,0,0,0,0,0.0,20.0,Caicedo,,,,,False,p486672,2796,3,1,6,47,0,0,0,11,1,0,10,580,562.4,403.1,128.0,109.2,0,0,0,0,32,1.45,2.38,3.83,42.54,,,,,,,[],,88,28,75,57,208,115,107,62,0.05,0.0,0.08,0.13,1.37,1.51,183,112,420,155,131,53,92,31,1.03,0.19,0.0,MID,CHE,5.5
True,True,,,514356,0,0,0,0,0,0,3,1.5,,0,Roméo,0.0,161,False,,,50,514356.jpg,1.1,False,Lavia,0.1,False,,a,6,8,13,0,0,0,0,0.0,2.6,Lavia,,,,,False,p514356,374,0,0,0,10,0,0,0,0,0,0,0,81,34.4,46.6,14.0,9.5,0,0,0,0,4,0.21,0.55,0.76,8.53,,,,,,,[],,344,159,292,156,321,163,340,160,0.05,0.0,0.13,0.18,2.05,2.41,333,194,311,88,354,163,499,205,0.96,0.0,0.0,MID,CHE,5.0
True,True,,,491007,0,0,0,0,0,0,3,1.0,,0,Dário,0.0,163,False,,,45,491007.jpg,0.3,False,Luís Essugo,0.2,False,,a,6,8,1,0,0,0,0,0.0,0.2,D.Essugo,,,,,False,p491007,26,0,0,0,1,0,0,0,2,0,0,0,7,11.4,2.1,2.0,1.6,0,0,0,0,0,0.0,0.01,0.01,0.55,,,,,,,[],,369,169,365,181,351,178,376,175,0.0,0.0,0.03,0.03,1.9,3.46,447,232,146,11,400,188,339,123,0.0,0.0,0.0,MID,CHE,4.5
True,True,100.0,,593117,0,0,0,0,0,0,3,1.5,,0,Geovany,0.0,164,False,,2026-07-24T20:30:10.609931Z,55,593117.jpg,0.0,False,Quenda,0.1,False,,a,6,8,0,0,0,0,0,0.0,0.0,Quenda,,,,,False,p593117,0,0,0,0,0,0,0,0,0,0,0,0,0,0.0,0.0,0.0,0.0,0,0,0,0,0,0.0,0.0,0.0,0.0,,,,,,,[],,548,239,548,239,547,239,548,239,0.0,0.0,0.0,0.0,0.0,0.0,208,130,445,173,548,239,440,169,0.0,0.0,0.0,MID,CHE,5.5
True,True,,,475168,0,0,0,0,0,0,4,2.3,,0,João Pedro,0.0,165,False,,,75,475168.jpg,5.1,False,Junqueira de Jesus,55.9,False,,a,6,8,177,0,0,0,0,0.0,23.6,João Pedro,,,,,False,p475168,2658,15,9,10,36,0,0,0,5,0,0,30,715,758.4,456.6,909.0,212.1,0,0,0,0,31,14.91,1.96,16.87,37.25,,,,,,,[],,35,3,59,1,6,5,15,4,0.5,0.0,0.07,0.57,1.26,1.22,19,7,543,63,10,2,3,2,1.05,0.34,0.0,FWD,CHE,7.5
True,True,,,517052,0,0,0,0,0,0,4,2.1,,0,Nicolas,0.0,166,False,,,65,517052.jpg,0.0,False,Jackson,0.4,False,,a,6,8,0,0,0,0,0,0.0,0.0,N.Jackson,,,,,False,p517052,0,0,0,0,0,0,0,0,0,0,0,0,0,0.0,0.0,0.0,0.0,0,0,0,0,0,0.0,0.0,0.0,0.0,,,,,,,[],,556,68,556,68,556,68,556,68,0.0,0.0,0.0,0.0,0.0,0.0,52,12,525,58,556,68,279,53,0.0,0.0,0.0,FWD,CHE,6.5
True,True,,,463034,0,0,0,0,0,0,4,1.8,,0,Liam,0.0,167,False,,,55,463034.jpg,1.6,False,Delap,0.5,False,,a,6,8,45,0,0,0,0,0.0,8.2,Delap,,,,,False,p463034,1092,1,2,2,18,0,0,0,4,0,0,1,123,67.8,73.7,349.0,47.3,0,0,0,0,12,4.54,0.23,4.76,16.67,,,,,4.0,,[],,323,36,263,31,77,22,254,32,0.37,0.0,0.02,0.39,1.37,1.48,168,38,405,35,326,36,260,45,0.99,0.16,0.0,FWD,CHE,5.5
True,True,,,499309,0,0,0,0,0,0,4,1.4,,0,Marc,0.0,168,False,,,50,499309.jpg,1.3,False,Guiu Paz,0.4,False,,a,6,8,13,0,0,0,0,0.0,2.6,Marc Guiu,,,,,False,p499309,265,0,1,0,3,0,0,0,1,0,0,0,19,24.6,40.1,86.0,13.1,0,0,0,0,1,1.54,0.29,1.83,5.89,,,,,,,[],,353,39,297,36,247,39,325,40,0.52,0.0,0.1,0.62,2.0,1.02,322,53,300,20,344,38,268,48,0.34,0.0,0.0,FWD,CHE,5.0
True,True,,,567119,0,0,0,0,0,0,4,1.0,,0,Shumaira,0.0,169,False,,,45,567119.jpg,1.0,False,Mheuka,0.4,False,,a,6,8,1,0,0,0,0,0.0,0.2,Mheuka,,,,,False,p567119,1,0,0,0,0,0,0,0,0,0,0,0,3,2.0,0.3,0.0,0.2,0,0,0,0,0,0.0,0.0,0.0,0.05,,,,,,,[],,387,44,374,45,468,52,395,46,0.0,0.0,0.0,0.0,4.5,0.0,471,64,170,8,368,43,294,55,0.0,0.0,0.0,FWD,CHE,4.5
True,True,75.0,,503037,0,0,0,0,0,0,4,1.0,,0,Emmanuel,0.0,170,False,Hamstring injury - 75% chance of playing,2026-07-24T20:30:10.622380Z,50,503037.jpg,0.0,False,Emegha,0.1,False,,d,6,8,0,0,0,0,0,0.0,0.0,Emegha,,,,,False,p503037,0,0,0,0,0,0,0,0,0,0,0,0,0,0.0,0.0,0.0,0.0,0,0,0,0,0,0.0,0.0,0.0,0.0,,,,,,,[],,523,61,522,61,519,61,523,61,0.0,0.0,0.0,0.0,0.0,0.0,327,54,305,21,523,61,267,47,0.0,0.0,0.0,FWD,CHE,5.0
True,True,,,437499,0,0,0,0,0,0,2,2.8,,0,Maxence,0.0,200,False,,,60,437499.jpg,4.4,False,Lacroix,11.3,False,,a,6,8,154,0,0,0,0,0.0,25.7,Lacroix,,,,,False,p437499,3085,1,2,11,47,0,0,0,4,1,0,11,529,822.0,106.4,316.0,124.3,0,0,0,0,35,2.45,0.83,3.28,44.04,,,,,,,[],,28,10,236,74,89,11,82,19,0.07,0.0,0.02,0.09,1.28,1.37,80,8,474,178,33,12,36,13,1.02,0.32,0.0,DEF,CHE,6.0
True,True,,,549939,0,0,0,0,0,0,1,0.0,0.0,0,Mike,0.0,560,0,,,45,549939.jpg,0.0,False,Penders,0.1,False,,a,6,8,0,0,0,0,0,0.0,0.0,Penders,0,0.0,0,0,0,0,0,0,0,0,0,0,0,0,0,0,0,0,0,0.0,0.0,0.0,0.0,0,0,0,0,0,0.0,0.0,0.0,0.0,0.0,0.0,0.0,0.0,0.0,0.0,0,0,0,0,0,0,0,0,0,0,0.0,0.0,0.0,0.0,0.0,0.0,0,0,0,0,0,0,0,0,0.0,0.0,0.0,GK,CHE,4.5
True,True,,,622758,0,0,0,0,0,0,2,0.0,0.0,0,Aaron,0.0,561,0,,,45,622758.jpg,0.0,False,Anselmino,0.0,False,,a,6,8,0,0,0,0,0,0.0,0.0,Anselmino,0,0.0,0,0,0,0,0,0,0,0,0,0,0,0,0,0,0,0,0,0.0,0.0,0.0,0.0,0,0,0,0,0,0.0,0.0,0.0,0.0,0.0,0.0,0.0,0.0,0.0,0.0,0,0,0,0,0,0,0,0,0,0,0.0,0.0,0.0,0.0,0.0,0.0,0,0,0,0,0,0,0,0,0.0,0.0,0.0,DEF,CHE,4.5
True,True,,,543158,0,0,0,0,0,0,3,0.0,0.0,0,Valentín,0.0,568,0,,,55,543158.jpg,0.0,False,Barco,0.1,False,,a,6,8,0,0,0,0,0,0.0,0.0,Barco,0,0.0,0,0,0,0,0,0,0,0,0,0,0,0,0,0,0,0,0,0.0,0.0,0.0,0.0,0,0,0,0,0,0.0,0.0,0.0,0.0,0.0,0.0,0.0,0.0,0.0,0.0,0,0,0,0,0,0,0,0,0,0,0.0,0.0,0.0,0.0,0.0,0.0,0,0,0,0,0,0,0,0,0.0,0.0,0.0,MID,CHE,5.5
True,True,,,465920,0,0,0,0,0,0,3,0.0,0.0,0,Mykhailo,0.0,578,0,,,55,465920.jpg,0.0,False,Mudryk,0.0,False,,a,6,8,0,0,0,0,0,0.0,0.0,Mudryk,0,0.0,0,0,0,0,0,0,0,0,0,0,0,0,0,0,0,0,0,0.0,0.0,0.0,0.0,0,0,0,0,0,0.0,0.0,0.0,0.0,0.0,0.0,0.0,0.0,0.0,0.0,0,0,0,0,0,0,0,0,0,0,0.0,0.0,0.0,0.0,0.0,0.0,0,0,0,0,0,0,0,0,0.0,0.0,0.0,MID,CHE,5.5
True,True,,,498444,0,0,0,0,0,0,2,0.0,0.0,0,Pep,0.0,583,0,,,50,498444.jpg,0.0,False,Chavarría,0.0,False,,a,6,8,0,0,0,0,0,0.0,0.0,Chavarria,0,0.0,0,0,0,0,0,0,0,0,0,0,0,0,0,0,0,0,0,0.0,0.0,0.0,0.0,0,0,0,0,0,0.0,0.0,0.0,0.0,0.0,0.0,0.0,0.0,0.0,0.0,0,0,0,0,0,0,0,0,0,0,0.0,0.0,0.0,0.0,0.0,0.0,0,0,0,0,0,0,0,0,0.0,0.0,0.0,DEF,CHE,5.0
True,True,,,428580,0,0,0,0,0,0,3,1.5,,0,Frank,0.0,104,False,,,50,428580.jpg,2.0,False,Onyeka,0.2,False,,a,7,9,12,0,0,0,0,0.0,2.4,Onyeka,,,,,False,p428580,88,0,2,0,2,0,0,0,0,0,0,0,41,28.4,13.6,4.0,4.6,0,0,0,0,0,0.0,0.36,0.36,2.02,,,,,,,[],,350,163,332,168,343,175,361,168,0.0,0.0,0.37,0.37,2.07,2.05,282,169,260,63,286,121,355,131,0.0,0.0,0.0,MID,COV,5.0
True,True,,,472739,0,0,0,0,0,0,1,2.0,,0,Carl,0.0,110,False,,,45,472739.jpg,0.0,False,Rushworth,0.9,False,,a,7,9,0,0,0,0,0,0.0,0.0,Rushworth,,,,,False,p472739,0,0,0,0,0,0,0,0,0,0,0,0,0,0.0,0.0,0.0,0.0,0,0,0,0,0,0.0,0.0,0.0,0.0,,,,,,,[],,467,56,460,47,446,40,469,56,0.0,0.0,0.0,0.0,0.0,0.0,440,34,139,36,472,56,287,35,0.0,0.0,0.0,GK,COV,4.5
True,True,,,484389,0,0,0,0,0,0,1,1.0,,0,Oliver,0.0,171,False,,,40,484389.jpg,0.0,False,Dovin,2.4,False,,a,7,9,0,0,0,0,0,0.0,0.0,Dovin,,,,,False,p484389,0,0,0,0,0,0,0,0,0,0,0,0,0,0.0,0.0,0.0,0.0,0,0,0,0,0,0.0,0.0,0.0,0.0,,,,,,,[],,433,46,418,30,399,21,435,46,0.0,0.0,0.0,0.0,0.0,0.0,536,57,45,17,439,46,86,14,0.0,0.0,0.0,GK,COV,4.0
True,True,,,110690,0,0,0,0,0,0,1,2.0,,0,Ben,0.0,172,False,,,45,110690.jpg,0.0,False,Wilson,0.6,False,,a,7,9,0,0,0,0,0,0.0,0.0,Wilson,,,,,False,p110690,0,0,0,0,0,0,0,0,0,0,0,0,0,0.0,0.0,0.0,0.0,0,0,0,0,0,0.0,0.0,0.0,0.0,,,,,,,[],,454,53,443,40,426,31,456,53,0.0,0.0,0.0,0.0,0.0,0.0,383,25,82,27,459,53,206,31,0.0,0.0,0.0,GK,COV,4.5
True,True,,,461102,0,0,0,0,0,0,2,1.0,,0,Bobby,0.0,173,False,,,40,461102.jpg,0.0,False,Thomas,8.3,False,,a,7,9,0,0,0,0,0,0.0,0.0,Thomas,,,,,False,p461102,0,0,0,0,0,0,0,0,0,0,0,0,0,0.0,0.0,0.0,0.0,0,0,0,0,0,0.0,0.0,0.0,0.0,,,,,,,[],,429,155,414,154,395,150,431,155,0.0,0.0,0.0,0.0,0.0,0.0,532,163,41,26,435,156,77,31,0.0,0.0,0.0,DEF,COV,4.0
True,True,,,436761,0,0,0,0,0,0,2,1.0,,0,Liam,0.0,174,False,,,40,436761.jpg,0.0,False,Kitching,0.6,False,,a,7,9,0,0,0,0,0,0.0,0.0,Kitching,,,,,False,p436761,0,0,0,0,0,0,0,0,0,0,0,0,0,0.0,0.0,0.0,0.0,0,0,0,0,0,0.0,0.0,0.0,0.0,,,,,,,[],,422,150,407,149,388,145,424,150,0.0,0.0,0.0,0.0,0.0,0.0,525,158,34,21,428,151,282,103,0.0,0.0,0.0,DEF,COV,4.0
True,True,,,451284,0,0,0,0,0,0,2,1.0,,0,Milan,0.0,175,False,,,40,451284.jpg,0.0,False,van Ewijk,15.5,False,,a,7,9,0,0,0,0,0,0.0,0.0,van Ewijk,,,,,False,p451284,0,0,0,0,0,0,0,0,0,0,0,0,0,0.0,0.0,0.0,0.0,0,0,0,0,0,0.0,0.0,0.0,0.0,,,,,,,[],,427,153,412,152,393,148,429,153,0.0,0.0,0.0,0.0,0.0,0.0,530,161,39,24,433,154,22,8,0.0,0.0,0.0,DEF,COV,4.0
True,True,,,173878,0,0,0,0,0,0,2,1.0,,0,Jay,0.0,176,False,,,40,173878.jpg,0.0,False,Dasilva,0.7,False,,a,7,9,0,0,0,0,0,0.0,0.0,Dasilva,,,,,False,p173878,0,0,0,0,0,0,0,0,0,0,0,0,0,0.0,0.0,0.0,0.0,0,0,0,0,0,0.0,0.0,0.0,0.0,,,,,,,[],,408,139,393,138,374,134,410,139,0.0,0.0,0.0,0.0,0.0,0.0,510,146,19,9,414,140,262,96,0.0,0.0,0.0,DEF,COV,4.0
True,True,,,465390,0,0,0,0,0,0,2,1.0,,0,Kaine,0.0,177,False,,,40,465390.jpg,0.0,False,Kesler-Hayden,0.1,False,,a,7,9,0,0,0,0,0,0.0,0.0,Kesler-Hayden,,,,,False,p465390,0,0,0,0,0,0,0,0,0,0,0,0,0,0.0,0.0,0.0,0.0,0,0,0,0,0,0.0,0.0,0.0,0.0,,,,,,,[],,431,156,416,155,397,151,433,156,0.0,0.0,0.0,0.0,0.0,0.0,534,164,43,27,437,157,394,139,0.0,0.0,0.0,DEF,COV,4.0
True,True,,,80178,0,0,0,0,0,0,2,1.0,,0,Jake,0.0,178,False,,,40,80178.jpg,0.0,False,Bidwell,0.1,False,,a,7,9,0,0,0,0,0,0.0,0.0,Bidwell,,,,,False,p80178,0,0,0,0,0,0,0,0,0,0,0,0,0,0.0,0.0,0.0,0.0,0,0,0,0,0,0.0,0.0,0.0,0.0,,,,,,,[],,399,134,383,133,364,129,401,134,0.0,0.0,0.0,0.0,0.0,0.0,497,138,6,1,405,135,391,138,0.0,0.0,0.0,DEF,COV,4.0
True,True,,,204813,0,0,0,0,0,0,2,1.0,,0,Joel,0.0,179,False,,,40,204813.jpg,0.0,False,Latibeaudiere,0.1,False,,a,7,9,0,0,0,0,0,0.0,0.0,Latibeaudiere,,,,,False,p204813,0,0,0,0,0,0,0,0,0,0,0,0,0,0.0,0.0,0.0,0.0,0,0,0,0,0,0.0,0.0,0.0,0.0,,,,,,,[],,412,143,397,142,378,138,414,143,0.0,0.0,0.0,0.0,0.0,0.0,514,150,23,13,418,144,396,141,0.0,0.0,0.0,DEF,COV,4.0
True,True,,,220583,0,0,0,0,0,0,2,1.0,,0,Luke,0.0,180,False,,,40,220583.jpg,0.0,False,Woolfenden,0.2,False,,a,7,9,0,0,0,0,0,0.0,0.0,Woolfenden,,,,,False,p220583,0,0,0,0,0,0,0,0,0,0,0,0,0,0.0,0.0,0.0,0.0,0,0,0,0,0,0.0,0.0,0.0,0.0,,,,,,,[],,416,146,401,145,382,141,418,146,0.0,0.0,0.0,0.0,0.0,0.0,519,154,28,17,422,147,316,114,0.0,0.0,0.0,DEF,COV,4.0
True,True,,,577411,0,0,0,0,0,0,2,1.0,,0,Miguel,0.0,181,False,,,40,577411.jpg,0.0,False,Brau,0.0,False,,a,7,9,0,0,0,0,0,0.0,0.0,Brau,,,,,False,p577411,0,0,0,0,0,0,0,0,0,0,0,0,0,0.0,0.0,0.0,0.0,0,0,0,0,0,0.0,0.0,0.0,0.0,,,,,,,[],,443,165,429,165,411,162,445,165,0.0,0.0,0.0,0.0,0.0,0.0,550,177,59,40,448,165,448,154,0.0,0.0,0.0,DEF,COV,4.0
True,True,,,539142,0,0,0,0,0,0,2,1.0,,0,Aurèle,0.0,182,False,,,40,539142.jpg,0.0,False,Amenda,0.7,False,,a,7,9,0,0,0,0,0,0.0,0.0,Amenda,,,,,False,p539142,0,0,0,0,0,0,0,0,0,0,0,0,0,0.0,0.0,0.0,0.0,0,0,0,0,0,0.0,0.0,0.0,0.0,,,,,,,[],,442,164,427,163,408,159,444,164,0.0,0.0,0.0,0.0,0.0,0.0,545,172,54,35,447,164,261,95,0.0,0.0,0.0,DEF,COV,4.0
True,True,75.0,,480457,0,0,0,0,0,0,3,1.1,,0,Jack,0.0,183,False,Shoulder injury - 75% chance of playing,2026-07-23T12:01:23.481435Z,50,480457.jpg,0.0,False,Rudoni,0.2,False,,d,7,9,0,0,0,0,0,0.0,0.0,Rudoni,,,,,False,p480457,0,0,0,0,0,0,0,0,0,0,0,0,0,0.0,0.0,0.0,0.0,0,0,0,0,0,0.0,0.0,0.0,0.0,5.0,,1.0,,,,[],,516,217,515,217,511,216,516,217,0.0,0.0,0.0,0.0,0.0,0.0,304,177,282,71,516,217,311,107,0.0,0.0,0.0,MID,COV,5.0
True,True,,,168144,0,0,0,0,0,0,3,1.5,,0,Matt,0.0,184,False,,,50,168144.jpg,0.0,False,Grimes,0.2,False,,a,7,9,0,0,0,0,0,0.0,0.0,Grimes,,,,,False,p168144,0,0,0,0,0,0,0,0,0,0,0,0,0,0.0,0.0,0.0,0.0,0,0,0,0,0,0.0,0.0,0.0,0.0,4.0,,,,3.0,,[],,494,203,490,203,484,202,494,203,0.0,0.0,0.0,0.0,0.0,0.0,234,143,212,37,494,203,324,116,0.0,0.0,0.0,MID,COV,5.0
True,True,,,501459,0,0,0,0,0,0,3,1.5,,0,Tatsuhiro,0.0,185,False,,,50,501459.jpg,0.0,False,Sakamoto,0.2,False,,a,7,9,0,0,0,0,0,0.0,0.0,Sakamoto,,,,,False,p501459,0,0,0,0,0,0,0,0,0,0,0,0,0,0.0,0.0,0.0,0.0,0,0,0,0,0,0.0,0.0,0.0,0.0,,,,,,,[],,522,222,521,222,518,221,522,222,0.0,0.0,0.0,0.0,0.0,0.0,325,189,303,83,522,222,373,137,0.0,0.0,0.0,MID,COV,5.0
True,True,,,241293,0,0,0,0,0,0,3,2.0,,0,Ephron,0.0,186,False,,,55,241293.jpg,0.0,False,Mason-Clark,0.3,False,,a,7,9,0,0,0,0,0,0.0,0.0,Mason-Clark,,,,,False,p241293,0,0,0,0,0,0,0,0,0,0,0,0,0,0.0,0.0,0.0,0.0,0,0,0,0,0,0.0,0.0,0.0,0.0,,,,,,,[],,540,232,540,232,539,232,540,232,0.0,0.0,0.0,0.0,0.0,0.0,146,91,383,134,540,232,301,99,0.0,0.0,0.0,MID,COV,5.5
True,True,,,439668,0,0,0,0,0,0,3,1.5,,0,Josh,0.0,187,False,,,50,439668.jpg,0.0,False,Eccles,0.0,False,,a,7,9,0,0,0,0,0,0.0,0.0,Eccles,,,,,False,p439668,0,0,0,0,0,0,0,0,0,0,0,0,0,0.0,0.0,0.0,0.0,0,0,0,0,0,0.0,0.0,0.0,0.0,,,,,,,[],,510,213,507,213,504,212,510,213,0.0,0.0,0.0,0.0,0.0,0.0,287,171,265,65,510,213,479,192,0.0,0.0,0.0,MID,COV,5.0
True,True,,,226965,0,0,0,0,0,0,3,2.0,,0,Victor,0.0,188,False,,,55,226965.jpg,0.0,False,Torp,0.2,False,,a,7,9,0,0,0,0,0,0.0,0.0,Torp,,,,,False,p226965,0,0,0,0,0,0,0,0,0,0,0,0,0,0.0,0.0,0.0,0.0,0,0,0,0,0,0.0,0.0,0.0,0.0,6.0,,2.0,,2.0,,[],,539,231,539,231,538,231,539,231,0.0,0.0,0.0,0.0,0.0,0.0,143,89,380,132,539,231,348,128,0.0,0.0,0.0,MID,COV,5.5
True,True,,,684268,0,0,0,0,0,0,3,1.0,,0,George,0.0,189,False,,,45,684268.jpg,0.0,False,Shepherd,0.3,False,,a,7,9,0,0,0,0,0,0.0,0.0,Shepherd,,,,,False,p684268,0,0,0,0,0,0,0,0,0,0,0,0,0,0.0,0.0,0.0,0.0,0,0,0,0,0,0.0,0.0,0.0,0.0,,,,,,,[],,490,200,484,200,477,199,490,200,0.0,0.0,0.0,0.0,0.0,0.0,491,246,190,25,490,200,315,110,0.0,0.0,0.0,MID,COV,4.5
True,True,,,469272,0,0,0,0,0,0,3,2.0,,0,Loum,0.0,190,False,,,55,469272.jpg,0.0,False,Tchaouna,0.1,False,,a,7,9,0,0,0,0,0,0.0,0.0,Tchaouna,,,,,False,p469272,0,0,0,0,0,0,0,0,0,0,0,0,0,0.0,0.0,0.0,0.0,0,0,0,0,0,0.0,0.0,0.0,0.0,,,,,,,[],,544,236,544,236,543,236,544,236,0.0,0.0,0.0,0.0,0.0,0.0,174,106,411,149,544,236,436,166,0.0,0.0,0.0,MID,COV,5.5
True,True,,,492498,0,0,0,0,0,0,3,1.0,,0,Raphael,0.0,191,False,,,45,492498.jpg,0.0,False,Borges Rodrigues,0.2,False,,a,7,9,0,0,0,0,0,0.0,0.0,Borges Rodrigues,,,,,False,p492498,0,0,0,0,0,0,0,0,0,0,0,0,0,0.0,0.0,0.0,0.0,0,0,0,0,0,0.0,0.0,0.0,0.0,,,,,,,[],,469,194,463,196,450,190,471,195,0.0,0.0,0.0,0.0,0.0,0.0,449,234,148,13,474,197,334,121,0.0,0.0,0.0,MID,COV,4.5
True,True,,,629397,0,0,0,0,0,0,3,1.0,,0,Kaine,0.0,192,False,,,45,629397.jpg,0.0,False,Andrews,0.7,False,,a,7,9,0,0,0,0,0,0.0,0.0,Andrews,,,,,False,p629397,0,0,0,0,0,0,0,0,0,0,0,0,0,0.0,0.0,0.0,0.0,0,0,0,0,0,0.0,0.0,0.0,0.0,,,,,,,[],,488,198,483,199,474,196,488,198,0.0,0.0,0.0,0.0,0.0,0.0,487,243,186,22,489,199,232,78,0.0,0.0,0.0,MID,COV,4.5
True,True,,,176412,0,0,0,0,0,0,4,1.8,,0,Haji,0.0,193,False,,,55,176412.jpg,0.0,False,Wright,1.7,False,,a,7,9,0,0,0,0,0,0.0,0.0,Wright,,,,,False,p176412,0,0,0,0,0,0,0,0,0,0,0,0,0,0.0,0.0,0.0,0.0,0,0,0,0,0,0.0,0.0,0.0,0.0,,,,,1.0,,[],,538,65,538,65,537,65,538,65,0.0,0.0,0.0,0.0,0.0,0.0,123,32,360,29,538,65,132,21,0.0,0.0,0.0,FWD,COV,5.5
True,True,,,230730,0,0,0,0,0,0,4,1.4,,0,Brandon,0.0,194,False,,,50,230730.jpg,0.0,False,Thomas-Asante,0.8,False,,a,7,9,0,0,0,0,0,0.0,0.0,Thomas-Asante,,,,,False,p230730,0,0,0,0,0,0,0,0,0,0,0,0,0,0.0,0.0,0.0,0.0,0,0,0,0,0,0.0,0.0,0.0,0.0,,,,,4.0,,[],,504,58,500,58,497,58,504,58,0.0,0.0,0.0,0.0,0.0,0.0,270,49,248,16,504,58,190,33,0.0,0.0,0.0,FWD,COV,5.0
True,True,,,218997,0,0,0,0,0,0,4,1.4,,0,Ellis,0.0,195,False,,,50,218997.jpg,0.0,False,Simms,0.6,False,,a,7,9,0,0,0,0,0,0.0,0.0,Simms,,,,,False,p218997,0,0,0,0,0,0,0,0,0,0,0,0,0,0.0,0.0,0.0,0.0,0,0,0,0,0,0.0,0.0,0.0,0.0,,,,,,,[],,500,56,496,56,493,56,500,56,0.0,0.0,0.0,0.0,0.0,0.0,259,47,237,14,500,56,212,37,0.0,0.0,0.0,FWD,COV,5.0
True,True,,,551262,0,0,0,0,0,0,4,1.4,,0,Jahnoah,0.0,196,False,,,50,551262.jpg,0.0,False,Markelo,0.1,False,,a,7,9,0,0,0,0,0,0.0,0.0,Markelo,,,,,False,p551262,0,0,0,0,0,0,0,0,0,0,0,0,0,0.0,0.0,0.0,0.0,0,0,0,0,0,0.0,0.0,0.0,0.0,,,,,,,[],,529,62,529,62,527,62,529,62,0.0,0.0,0.0,0.0,0.0,0.0,350,55,328,22,529,62,417,63,0.0,0.0,0.0,FWD,COV,5.0
True,False,0.0,,549653,0,0,0,0,0,0,4,1.0,,0,Norman,0.0,197,False,Has joined KVC Westerlo on loan for the rest of the season,2026-07-28T12:58:50.001768Z,45,549653.jpg,0.0,False,Bassette,0.3,False,,u,7,9,0,0,0,0,0,0.0,0.0,Bassette,,,,,False,p549653,0,0,0,0,0,0,0,0,0,0,0,0,0,0.0,0.0,0.0,0.0,0,0,0,0,0,0.0,0.0,0.0,0.0,,,,,,,[],,476,49,472,49,462,49,478,50,0.0,0.0,0.0,0.0,0.0,0.0,463,61,162,5,481,51,141,23,0.0,0.0,0.0,FWD,COV,4.5
True,True,,,661888,0,0,0,0,0,0,3,0.0,0.0,0,Caleb,0.0,575,0,,,50,661888.jpg,0.0,False,Yirenkyi,0.1,False,,a,7,9,0,0,0,0,0,0.0,0.0,Yirenkyi,0,0.0,0,0,0,0,0,0,0,0,0,0,0,0,0,0,0,0,0,0.0,0.0,0.0,0.0,0,0,0,0,0,0.0,0.0,0.0,0.0,0.0,0.0,0.0,0.0,0.0,0.0,0,0,0,0,0,0,0,0,0,0,0.0,0.0,0.0,0.0,0.0,0.0,0,0,0,0,0,0,0,0,0.0,0.0,0.0,MID,COV,5.0
True,True,,,196100,0,0,0,0,0,0,3,0.0,0.0,0,Gustavo,0.0,584,0,,,55,196100.jpg,0.0,False,Hamer,0.0,False,,a,7,9,0,0,0,0,0,0.0,0.0,Hamer,0,0.0,0,0,0,0,0,0,0,0,0,0,0,0,0,0,0,0,0,0.0,0.0,0.0,0.0,0,0,0,0,0,0.0,0.0,0.0,0.0,0.0,0.0,0.0,0.0,0.0,0.0,0,0,0,0,0,0,0,0,0,0,0.0,0.0,0.0,0.0,0.0,0.0,0,0,0,0,0,0,0,0,0.0,0.0,0.0,MID,COV,5.5
True,True,,,485337,0,0,0,0,0,0,3,2.0,,0,Evann,0.0,42,False,,,55,485337.jpg,2.1,False,Guessand,0.0,False,,a,8,31,44,0,0,0,0,0.0,8.0,Guessand,,,,,False,p485337,909,1,3,2,15,0,0,0,0,0,0,0,143,159.4,76.6,187.0,42.0,0,0,0,0,9,1.56,0.85,2.41,14.48,,,,,,,[],,269,124,261,144,164,87,265,127,0.15,0.0,0.08,0.23,1.43,1.49,181,111,418,154,278,119,506,208,0.89,0.2,0.0,MID,CRY,5.5
True,True,,,172649,0,0,0,0,0,0,1,2.6,,0,Dean,0.0,198,False,,,50,172649.jpg,3.5,False,Henderson,3.2,False,,a,8,31,131,0,0,0,0,0.0,26.2,Henderson,,,,,False,p172649,3330,0,0,11,51,0,1,0,5,0,106,7,538,837.8,10.0,0.0,84.7,0,0,0,0,37,0.0,0.11,0.11,51.4,,,,,,,[],,22,6,343,12,486,50,160,7,0.0,2.86,0.0,0.0,1.39,1.38,237,9,215,47,100,10,101,17,1.0,0.3,0.0,GK,CRY,5.0
True,True,,,121709,0,0,0,0,0,0,1,2.0,,0,Walter,0.0,199,False,,,45,121709.jpg,7.0,False,Benítez,0.1,False,,a,8,31,7,0,0,0,0,0.0,1.6,Benitez,,,,,False,p121709,90,0,0,1,0,0,0,0,0,0,3,0,29,22.8,0.0,0.0,2.3,0,0,0,0,1,0.0,0.0,0.0,1.12,,,,,,,[],,355,29,444,41,427,32,370,29,0.0,3.0,0.0,0.0,1.12,0.0,384,26,83,28,1,1,429,52,1.0,1.0,0.0,GK,CRY,4.5
True,True,,,247348,0,0,0,0,0,0,2,2.5,,0,Daniel,0.0,201,False,,,55,247348.jpg,4.7,False,Muñoz Mejía,11.4,False,,a,8,31,136,0,0,0,0,0.0,24.7,Muñoz,,,,,False,p247348,2400,4,4,10,33,0,0,0,7,0,0,9,469,595.0,396.6,404.0,139.5,0,0,0,0,29,2.45,3.94,6.39,34.28,,,,,,,[],,79,33,79,19,63,5,62,10,0.09,0.0,0.15,0.24,1.29,1.24,150,18,387,160,17,5,33,11,1.09,0.38,0.0,DEF,CRY,5.5
True,True,,,427623,0,0,0,0,0,0,2,2.2,,0,Chris,0.0,202,False,,,50,427623.jpg,3.9,False,Richards,0.8,False,,a,8,31,128,0,0,0,0,0.0,25.6,Richards,,,,,False,p427623,2825,1,0,11,42,0,0,0,4,0,0,5,453,727.2,159.6,185.0,107.6,0,0,0,0,31,2.42,1.56,3.98,41.19,,,,,,,[],,40,16,196,51,167,47,109,31,0.08,0.0,0.05,0.13,1.31,1.34,281,51,259,130,65,25,205,74,0.99,0.35,0.0,DEF,CRY,5.0
True,True,,,651426,0,0,0,0,0,0,2,2.2,,0,Jaydee,0.0,203,False,,,50,651426.jpg,3.6,False,Canvot,0.6,False,,a,8,31,72,0,0,0,0,0.0,14.4,Canvot,,,,,False,p651426,1331,0,0,5,23,0,0,0,3,0,0,9,216,362.4,63.8,56.0,48.1,0,0,0,0,14,1.48,0.33,1.81,23.84,,,,,,,[],,168,70,271,90,272,87,248,80,0.1,0.0,0.02,0.12,1.61,1.56,364,73,342,152,90,37,299,112,0.95,0.34,0.0,DEF,CRY,5.0
True,True,,,244723,0,0,0,0,0,0,2,1.7,,0,Tyrick,0.0,204,False,,,45,244723.jpg,3.6,False,Mitchell,6.9,False,,a,8,31,135,0,0,0,0,0.0,30.0,Mitchell,,,,,False,p244723,3253,1,3,12,47,0,0,0,6,0,0,8,498,649.0,467.3,241.0,136.0,0,0,0,0,36,1.59,2.53,4.12,49.78,,,,,,,[],,64,28,56,9,124,24,70,14,0.04,0.0,0.07,0.11,1.38,1.3,424,109,123,83,85,33,58,22,1.0,0.33,0.0,DEF,CRY,4.5
True,True,,,218364,0,0,0,0,0,0,2,1.7,,0,Borna,0.0,205,False,,,45,218364.jpg,0.9,False,Sosa,0.0,False,,a,8,31,6,0,0,0,0,0.0,1.3,Sosa,,,,,False,p218364,99,0,0,0,2,0,0,0,1,0,0,0,9,12.6,24.1,8.0,4.5,0,0,0,0,0,0.04,0.07,0.11,0.9,,,,,,,[],,367,128,317,110,330,119,362,124,0.04,0.0,0.06,0.1,0.82,1.82,406,94,105,68,390,129,498,169,0.0,0.0,0.0,DEF,CRY,4.5
True,True,,,515621,0,0,0,0,0,0,2,1.7,,0,Chadi,0.0,206,False,,,45,515621.jpg,2.2,False,Riad Dnanou,0.1,False,,a,8,31,20,0,0,0,0,0.0,4.4,Chadi Riad,,,,,False,p515621,550,0,1,1,8,0,0,0,2,0,0,0,84,117.8,23.9,41.0,18.3,0,0,0,0,6,0.33,0.13,0.46,9.09,,,,,,,[],,296,106,318,111,283,93,312,107,0.05,0.0,0.02,0.07,1.49,1.31,457,125,156,99,264,102,424,148,0.98,0.16,0.0,DEF,CRY,4.5
True,True,,,242313,0,0,0,0,0,0,2,1.7,,0,Oscar,0.0,207,False,,,45,242313.jpg,0.0,False,Mingueza,0.1,False,,a,8,31,0,0,0,0,0,0.0,0.0,Mingueza,,,,,False,p242313,0,0,0,0,0,0,0,0,0,0,0,0,0,0.0,0.0,0.0,0.0,0,0,0,0,0,0.0,0.0,0.0,0.0,,,,,,,[],,460,172,452,172,437,171,462,172,0.0,0.0,0.0,0.0,0.0,0.0,419,105,118,79,465,172,395,140,0.0,0.0,0.0,DEF,CRY,4.5
True,True,,,232185,0,0,0,0,0,0,3,2.3,,0,Ismaïla,0.0,208,False,,,65,232185.jpg,4.2,False,Sarr,7.8,False,,a,8,31,117,0,0,0,0,0.0,18.0,Sarr,,,,,False,p232185,2173,9,2,9,29,0,0,0,2,0,0,9,359,479.8,269.4,601.0,135.1,0,0,0,0,24,10.93,1.17,12.09,31.25,,,,,2.0,,[],,121,43,134,91,32,18,71,44,0.45,0.0,0.05,0.5,1.29,1.2,40,27,513,215,43,19,45,15,0.99,0.37,0.0,MID,CRY,6.5
True,True,100.0,,496221,0,0,0,0,0,0,3,1.5,,0,Adam,0.0,210,False,,2026-07-23T12:01:23.498963Z,55,496221.jpg,3.3,False,Wharton,0.5,False,,a,8,31,112,0,0,0,0,0.0,20.4,Wharton,,,,,False,p496221,2552,1,6,8,43,0,0,0,4,1,0,8,511,494.4,720.0,180.0,139.6,0,0,0,0,29,1.52,7.47,8.98,39.08,5.0,,,,,,[],https://www.cpfc.co.uk/news/first-team/team-news-glasner-provides-update-ahead-of-conference-league-final?utm_source=premier-league-web&utm_medium=referral&utm_campaign=pl-referral-always-on&utm_term=injuries&utm_content=club-injury-article,115,39,21,20,174,93,61,40,0.05,0.0,0.26,0.31,1.38,1.52,186,114,423,157,132,54,342,124,1.02,0.28,0.0,MID,CRY,5.5
True,True,,,488024,0,0,0,0,0,0,3,2.0,,0,Yéremy,0.0,211,False,,,55,488024.jpg,2.3,False,Pino Santos,0.2,False,,a,8,31,77,0,0,0,0,0.0,14.0,Yeremy,,,,,False,p488024,2074,2,2,7,28,0,0,0,4,0,0,3,331,325.8,718.4,371.0,141.4,0,0,0,0,26,4.53,6.12,10.65,30.01,6.0,,1.0,,,,[],,189,80,22,21,71,43,57,36,0.2,0.0,0.27,0.47,1.3,1.22,184,113,421,156,259,107,336,122,1.13,0.3,0.0,MID,CRY,5.5
True,True,,,108413,0,0,0,0,0,0,3,1.0,,0,Will,0.0,212,False,,,45,108413.jpg,1.5,False,Hughes,11.1,False,,a,8,31,45,0,0,0,0,0.0,10.0,Hughes,,,,,False,p108413,1560,0,1,5,18,0,0,0,7,0,0,0,217,198.0,322.9,90.0,60.9,0,0,0,0,19,1.11,1.94,3.05,25.35,7.0,,,,,,[],,253,115,110,79,243,131,220,111,0.06,0.0,0.11,0.17,1.46,1.04,380,223,79,2,328,145,50,18,1.1,0.29,0.0,MID,CRY,4.5
True,True,,,152551,0,0,0,0,0,0,3,1.5,,0,Jefferson,0.0,213,False,,,50,152551.jpg,2.2,False,Lerma Solís,0.1,False,,a,8,31,69,0,0,0,0,0.0,13.8,Lerma,,,,,False,p152551,1722,0,5,7,25,2,0,0,7,0,0,3,296,287.6,207.2,233.0,72.5,0,0,0,0,18,1.84,1.48,3.32,25.11,,,,,,,[],,209,93,161,107,129,74,193,98,0.1,0.0,0.08,0.18,1.31,1.31,229,138,207,32,265,110,422,162,0.94,0.37,0.0,MID,CRY,5.0
True,True,,,209400,0,0,0,0,0,0,3,1.5,,0,Daichi,0.0,214,False,,,50,209400.jpg,2.4,False,Kamada,0.3,False,,a,8,31,67,0,0,0,0,0.0,13.4,Kamada,,,,,False,p209400,1899,0,2,6,28,0,0,0,3,0,0,0,331,239.2,350.1,155.0,74.5,0,0,0,0,22,1.64,3.24,4.88,26.04,8.0,,,,,,[],,228,100,100,73,192,106,183,91,0.08,0.0,0.15,0.23,1.23,1.33,251,154,229,48,245,98,317,111,1.04,0.28,0.0,MID,CRY,5.0
True,True,,,489706,0,0,0,0,0,0,3,1.5,,0,Justin,0.0,215,False,,,50,489706.jpg,1.7,False,Devenny,0.0,False,,a,8,31,36,0,0,0,0,0.0,7.2,Devenny,,,,,False,p489706,785,1,0,1,15,0,0,0,0,0,0,0,108,115.0,101.8,168.0,38.4,0,0,0,0,7,2.38,0.39,2.77,14.71,,,3.0,,3.0,,[],,297,136,238,139,179,97,271,132,0.27,0.0,0.04,0.31,1.69,1.72,311,180,289,74,315,138,522,219,0.8,0.11,0.0,MID,CRY,5.0
True,True,,,606921,0,0,0,0,0,0,3,1.5,,0,Romain,0.0,216,False,,,50,606921.jpg,1.0,False,Esse,0.1,False,,a,8,31,4,0,0,0,0,0.0,0.8,Esse,,,,,False,p606921,40,0,0,0,0,0,0,0,0,0,0,0,12,6.8,2.7,6.0,1.5,0,0,0,0,0,0.0,0.04,0.04,1.74,,,,,,,[],,373,172,361,179,337,171,379,178,0.0,0.0,0.09,0.09,3.92,0.0,357,214,335,108,384,180,491,200,0.0,0.0,0.0,MID,CRY,5.0
True,True,,,536694,0,0,0,0,0,0,3,1.5,,0,Matheus,0.0,217,False,,,50,536694.jpg,0.0,False,França de Oliveira,0.0,False,,a,8,31,0,0,0,0,0,0.0,0.0,M.França,,,,,False,p536694,0,0,0,0,0,0,0,0,0,0,0,0,0,0.0,0.0,0.0,0.0,0,0,0,0,0,0.0,0.0,0.0,0.0,,,,,,,[],,527,225,527,225,524,224,527,225,0.0,0.0,0.0,0.0,0.0,0.0,342,202,320,96,527,225,451,176,0.0,0.0,0.0,MID,CRY,5.0
True,True,,,438464,0,0,0,0,0,0,3,1.5,,0,Cheick,0.0,218,False,,,50,438464.jpg,0.0,False,Doucouré,0.1,False,,a,8,31,0,0,0,0,0,0.0,0.0,Doucouré,,,,,False,p438464,0,0,0,0,0,0,0,0,0,0,0,0,0,0.0,0.0,0.0,0.0,0,0,0,0,0,0.0,0.0,0.0,0.0,,,,,,,[],,509,212,506,212,503,211,509,212,0.0,0.0,0.0,0.0,0.0,0.0,286,170,264,64,509,212,477,191,0.0,0.0,0.0,MID,CRY,5.0
True,True,,,450542,0,0,0,0,0,0,3,1.5,,0,Jesurun,0.0,219,False,,,50,450542.jpg,0.0,False,Rak-Sakyi,0.0,False,,a,8,31,0,0,0,0,0,0.0,0.0,J.Rak-Sakyi,,,,,False,p450542,0,0,0,0,0,0,0,0,0,0,0,0,0,0.0,0.0,0.0,0.0,0,0,0,0,0,0.0,0.0,0.0,0.0,,,,,,,[],,511,214,509,214,506,213,511,214,0.0,0.0,0.0,0.0,0.0,0.0,293,173,271,67,511,214,532,229,0.0,0.0,0.0,MID,CRY,5.0
True,False,0.0,,590014,0,0,0,0,0,0,2,1.7,,0,Rio,0.0,220,False,Has joined Bristol City on loan for the rest of the season,2026-08-12T14:08:46.501813Z,45,590014.jpg,2.0,False,Cardines,0.0,False,,u,8,31,2,0,0,0,0,0.0,0.4,Cardines,,,,,False,p590014,90,0,0,0,2,0,0,0,0,0,0,0,21,15.2,30.0,4.0,4.9,0,0,0,0,1,0.02,0.16,0.18,2.53,,,,,,,[],,361,126,312,108,340,123,358,122,0.02,0.0,0.16,0.18,2.53,2.0,478,134,177,108,284,109,508,174,1.0,0.0,0.0,DEF,CRY,4.5
True,True,,,672492,0,0,0,0,0,0,3,1.0,,0,Joél,0.0,221,False,,,45,672492.jpg,1.0,False,Drakes-Thomas,0.1,False,,a,8,31,2,0,0,0,0,0.0,0.4,Drakes-Thomas,,,,,False,p672492,7,0,0,0,1,0,0,0,0,0,0,0,6,1.4,1.0,0.0,0.3,0,0,0,0,0,0.0,0.0,0.0,0.73,,,,,,,[],,389,182,371,186,476,198,393,185,0.0,0.0,0.0,0.0,9.39,12.86,490,245,189,24,376,172,445,174,0.0,0.0,0.0,MID,CRY,4.5
True,True,,,247412,0,0,0,0,0,0,4,2.0,,0,Jørgen,0.0,222,False,,,60,247412.jpg,2.1,False,Strand Larsen,0.6,False,,a,8,31,75,0,0,0,0,0.0,12.5,Strand Larsen,,,,,False,p247412,2301,4,1,5,41,0,0,1,4,0,0,3,215,265.2,203.1,469.0,91.5,0,0,0,0,26,5.3,1.12,6.42,36.03,,,,,,,[],,218,20,165,15,46,17,147,19,0.21,0.0,0.04,0.25,1.41,1.6,77,20,471,50,280,28,227,38,1.02,0.2,0.0,FWD,CRY,6.0
True,True,,,231747,0,0,0,0,0,0,4,2.1,,0,Jean-Philippe,0.0,223,False,,,65,231747.jpg,3.6,False,Mateta,6.5,False,,a,8,31,114,0,0,0,0,0.0,17.5,Mateta,,,,,False,p231747,2210,12,0,8,29,0,0,0,2,0,0,13,397,567.2,160.6,786.0,150.8,0,0,0,0,25,14.42,1.32,15.74,31.77,,,,,1.0,,[],,87,8,191,18,18,10,51,11,0.59,0.0,0.05,0.64,1.29,1.18,39,11,512,57,95,9,57,10,1.02,0.33,0.0,FWD,CRY,6.5
True,True,,,205533,0,0,0,0,0,0,4,1.8,,0,Eddie,0.0,224,False,,,55,205533.jpg,1.9,False,Nketiah,0.5,False,,a,8,31,23,0,0,0,0,0.0,4.2,Nketiah,,,,,False,p205533,414,2,0,0,12,0,0,0,2,0,0,3,100,120.0,84.6,173.0,37.8,0,0,0,0,2,1.77,0.46,2.23,9.49,,,,,,,[],,293,32,247,27,178,34,272,33,0.38,0.0,0.1,0.48,2.06,2.61,133,33,370,30,293,30,275,50,0.43,0.0,0.0,FWD,CRY,5.5
True,False,0.0,,660392,0,0,0,0,0,0,4,0.0,,0,Christantus,0.0,225,False,has returned to Getafe CF,2026-07-23T12:18:56.275922Z,50,660392.jpg,1.2,False,Uche,0.0,False,,u,8,31,17,0,0,0,0,0.0,3.4,Uche,,,,,False,p660392,159,0,1,0,4,0,0,0,0,0,0,0,42,13.2,7.1,73.0,8.8,0,0,0,0,0,0.49,0.01,0.5,4.63,,,,,,,[],,364,41,348,43,257,40,343,41,0.28,0.0,0.01,0.29,2.62,2.26,366,56,344,23,349,39,558,68,0.0,0.0,0.0,FWD,CRY,5.0
True,True,,,433154,0,0,0,0,0,0,3,2.0,,0,Dwight,0.0,241,False,,,55,433154.jpg,2.4,False,McNeil,0.2,False,,a,8,31,53,0,0,0,0,0.0,9.6,McNeil,,,,,False,p433154,1161,0,3,6,9,0,0,0,1,0,0,1,186,140.6,242.4,138.0,52.2,0,0,0,0,14,1.37,1.91,3.28,18.8,6.0,,2.0,,,,[],,281,129,140,96,199,110,241,123,0.11,0.0,0.15,0.26,1.46,0.7,156,98,393,141,252,104,390,147,1.09,0.47,0.0,MID,CRY,5.5
True,True,,,169593,0,0,0,0,0,0,1,1.0,,0,Remi,0.0,555,False,,,40,169593.jpg,0.0,False,Matthews,1.7,False,,a,8,31,0,0,0,0,0,0.0,0.0,Matthews,,241.0,2021-07-13,1994-02-10,False,p169593,0,0,0,0,0,0,0,0,0,0,0,0,0,0.0,0.0,0.0,0.0,0,0,0,0,0,0.0,0.0,0.0,0.0,,,,,,,[],,407,39,392,23,373,14,409,39,0.0,0.0,0.0,0.0,0.0,0.0,509,50,18,10,413,39,151,23,0.0,0.0,0.0,GK,CRY,4.0
True,True,,,223723,0,0,0,0,0,0,2,0.0,0.0,0,Takehiro,0.0,577,0,,,45,223723.jpg,0.0,False,Tomiyasu,0.1,False,,a,8,31,0,0,0,0,0,0.0,0.0,Tomiyasu,0,0.0,0,0,0,0,0,0,0,0,0,0,0,0,0,0,0,0,0,0.0,0.0,0.0,0.0,0,0,0,0,0,0.0,0.0,0.0,0.0,0.0,0.0,0.0,0.0,0.0,0.0,0,0,0,0,0,0,0,0,0,0,0.0,0.0,0.0,0.0,0.0,0.0,0,0,0,0,0,0,0,0,0.0,0.0,0.0,DEF,CRY,4.5
True,True,,,128295,0,0,0,0,0,0,3,1.5,,0,Christian,0.0,21,False,,,50,128295.jpg,1.0,False,Nørgaard,0.7,False,,a,9,11,7,0,0,0,0,0.0,1.4,Nørgaard,,,,,False,p128295,101,0,0,0,1,0,0,0,0,0,0,0,28,23.4,5.5,10.0,4.0,0,0,0,0,1,0.08,0.04,0.12,2.28,,,,,,,[],,354,164,353,174,327,167,363,169,0.07,0.0,0.04,0.11,2.03,0.89,225,136,203,30,377,173,438,168,0.89,0.0,0.0,MID,EVE,5.0
True,True,,,242898,0,0,0,0,0,0,3,2.1,,0,Brennan,0.0,209,False,,,60,242898.jpg,1.9,False,Johnson,0.2,False,,a,9,11,65,0,0,0,0,0.0,10.8,Johnson,,,,,False,p242898,1710,2,1,6,24,0,0,0,6,0,0,2,217,223.4,311.1,230.0,75.8,0,0,0,0,19,2.45,1.31,3.76,28.29,,,2.0,,,,[],,237,107,118,82,132,76,181,89,0.13,0.0,0.07,0.2,1.49,1.26,76,49,470,184,297,129,379,140,1.0,0.32,0.0,MID,EVE,6.0
True,True,,,111234,0,0,0,0,0,0,1,3.3,,0,Jordan,0.0,226,False,,,55,111234.jpg,3.6,False,Pickford,8.8,False,,a,9,11,135,0,0,0,0,0.0,24.5,Pickford,,,,,False,p111234,3420,0,0,11,50,0,1,0,4,0,100,11,545,885.2,20.3,2.0,90.8,0,0,0,0,38,0.0,0.2,0.2,56.24,,,,,,,[],,15,4,323,6,357,3,149,5,0.0,2.63,0.01,0.01,1.48,1.32,114,2,351,57,92,9,49,7,1.0,0.29,0.0,GK,EVE,5.5
True,True,,,229600,0,0,0,0,0,0,1,2.6,,0,Mark,0.0,227,False,,,50,229600.jpg,0.0,False,Travers,0.1,False,,a,9,11,0,0,0,0,0,0.0,0.0,Travers,,,,,False,p229600,0,0,0,0,0,0,0,0,0,0,0,0,0,0.0,0.0,0.0,0.0,0,0,0,0,0,0.0,0.0,0.0,0.0,,,,,,,[],,503,59,499,55,496,53,503,59,0.0,0.0,0.0,0.0,0.0,0.0,269,12,247,50,503,59,428,51,0.0,0.0,0.0,GK,EVE,5.0
True,True,,,138001,0,0,0,0,0,0,1,2.0,,0,Tom,0.0,228,False,,,45,138001.jpg,0.0,False,King,0.1,False,,a,9,11,0,0,0,0,0,0.0,0.0,King,,,,,False,p138001,0,0,0,0,0,0,0,0,0,0,0,0,0,0.0,0.0,0.0,0.0,0,0,0,0,0,0.0,0.0,0.0,0.0,,,,,,,[],,456,55,446,43,429,34,458,55,0.0,0.0,0.0,0.0,0.0,0.0,387,28,86,30,461,55,471,57,0.0,0.0,0.0,GK,EVE,4.5
True,True,,,17761,0,0,0,0,0,0,2,2.8,,0,James,0.0,229,False,,,60,17761.jpg,4.6,False,Tarkowski,9.7,False,,a,9,11,170,0,0,0,0,0.0,28.3,Tarkowski,,,,,False,p17761,3330,2,3,11,48,0,0,0,8,0,0,12,592,995.6,235.6,422.0,165.7,0,0,0,0,37,2.53,2.1,4.63,53.54,,,,,,,[],,6,3,146,35,57,3,38,5,0.07,0.0,0.06,0.13,1.45,1.3,56,5,450,175,23,8,44,16,1.0,0.3,0.0,DEF,EVE,6.0
True,True,,,480455,0,0,0,0,0,0,2,2.5,,0,Jarrad,0.0,230,False,,,55,480455.jpg,3.2,False,Branthwaite,1.9,False,,a,9,11,32,0,0,0,0,0.0,5.8,Branthwaite,,,,,False,p480455,678,1,1,1,9,0,0,0,1,0,0,0,108,175.0,42.8,75.0,29.3,0,0,0,0,7,0.34,0.11,0.45,9.43,,,,,,,[],,261,98,295,100,255,80,291,98,0.05,0.0,0.01,0.06,1.25,1.19,178,26,415,168,149,59,127,49,0.93,0.13,0.0,DEF,EVE,5.5
True,True,,,106611,0,0,0,0,0,0,2,2.2,,0,Michael,0.0,231,False,,,50,106611.jpg,4.0,False,Keane,1.6,False,,a,9,11,131,0,0,0,0,0.0,26.2,Keane,,,,,False,p106611,2588,3,1,7,42,0,0,0,1,1,0,8,404,770.4,47.4,299.0,111.7,0,0,0,0,29,2.3,0.49,2.79,44.52,,,,,,,[],,33,13,288,97,99,14,104,28,0.08,0.0,0.02,0.1,1.55,1.46,221,35,199,114,50,18,158,60,1.01,0.24,0.0,DEF,EVE,5.0
True,True,,,512462,0,0,0,0,0,0,2,2.2,,0,Jake,0.0,232,False,,,50,512462.jpg,3.1,False,O'Brien,0.5,False,,a,9,11,116,0,0,0,0,0.0,23.2,O'Brien,,,,,False,p512462,3118,1,3,10,46,0,0,0,6,1,0,2,368,582.8,282.9,206.0,107.5,0,0,0,0,35,1.67,1.0,2.67,53.49,,,,,,,[],,82,34,130,32,148,36,111,32,0.05,0.0,0.03,0.08,1.54,1.33,330,67,308,146,159,65,250,90,1.01,0.29,0.0,DEF,EVE,5.0
True,True,,,224967,0,0,0,0,0,0,2,1.7,,0,Vitalii,0.0,233,False,,,45,224967.jpg,2.9,False,Mykolenko,1.3,False,,a,9,11,95,0,0,0,0,0.0,21.1,Mykolenko,,,,,False,p224967,2959,0,1,9,47,1,0,0,6,0,0,2,350,559.2,394.1,71.0,102.3,0,0,0,0,33,0.28,2.46,2.74,48.41,,,,,,,[],,91,40,81,20,260,83,124,36,0.01,0.0,0.07,0.08,1.47,1.43,411,98,110,72,181,75,139,55,1.0,0.27,0.0,DEF,EVE,4.5
True,True,,,243571,0,0,0,0,0,0,2,1.7,,0,Nathan,0.0,234,False,,,45,243571.jpg,3.1,False,Patterson,0.0,False,,a,9,11,22,0,0,0,0,0.0,4.9,Patterson,,,,,False,p243571,238,0,0,2,2,0,0,0,0,0,0,0,67,65.6,6.4,17.0,8.8,0,0,0,0,3,0.03,0.04,0.07,3.67,,,,,,,[],,327,117,351,123,317,114,342,117,0.01,0.0,0.02,0.03,1.39,0.76,423,108,122,82,156,63,486,166,1.13,0.76,0.0,DEF,EVE,4.5
True,True,,,499300,0,0,0,0,0,0,2,1.0,,0,Adam,0.0,235,False,,,40,499300.jpg,0.0,False,Aznou,0.2,False,,a,9,11,0,0,0,0,0,0.0,0.0,Aznou,,,,,False,p499300,0,0,0,0,0,0,0,0,0,0,0,0,0,0.0,0.0,0.0,0.0,0,0,0,0,0,0.0,0.0,0.0,0.0,,,,,,,[],,436,159,421,158,402,154,438,159,0.0,0.0,0.0,0.0,0.0,0.0,539,167,48,30,442,160,356,124,0.0,0.0,0.0,DEF,EVE,4.0
True,True,,,215413,0,0,0,0,0,0,3,2.3,,0,Kiernan,0.0,236,False,,,65,215413.jpg,4.9,False,Dewsbury-Hall,3.7,False,,a,9,11,151,0,0,0,0,0.0,23.2,Dewsbury-Hall,,,,,False,p215413,2629,8,7,8,39,0,0,0,6,0,0,18,598,619.4,601.1,438.0,166.0,0,0,0,0,30,4.35,5.34,9.69,40.38,5.0,,,,,,[],,70,21,34,33,50,29,37,27,0.15,0.0,0.18,0.33,1.38,1.34,37,25,510,213,14,7,81,26,1.03,0.27,0.0,MID,EVE,6.5
True,True,,,440993,0,0,0,0,0,0,3,2.1,,0,Iliman,0.0,237,False,,,60,440993.jpg,4.0,False,Ndiaye,15.4,False,,a,9,11,128,0,0,0,0,0.0,21.3,Ndiaye,,,,,False,p440993,2781,6,3,8,44,0,0,0,2,0,0,7,540,605.8,479.2,578.0,166.5,0,0,0,0,32,6.68,4.41,11.09,42.68,,,,,1.0,,[],,72,22,54,47,35,21,36,26,0.22,0.0,0.14,0.36,1.38,1.42,81,52,475,187,58,25,17,6,1.04,0.26,0.0,MID,EVE,6.0
True,True,0.0,,232928,0,0,0,0,0,0,3,2.1,,0,James,0.0,239,False,Groin injury - Expected back 22 Aug,2026-07-25T14:30:10.455878Z,60,232928.jpg,4.2,False,Garner,0.4,False,,i,9,11,159,0,0,0,0,0.0,26.5,Garner,,,,,False,p232928,3413,2,7,11,50,0,0,0,12,0,0,13,818,887.0,958.0,237.0,208.4,0,0,0,0,38,2.1,6.18,8.28,56.18,4.0,,1.0,,3.0,,[],,14,4,7,7,125,71,17,13,0.06,0.0,0.16,0.22,1.48,1.32,75,48,469,183,42,18,85,27,1.0,0.29,0.0,MID,EVE,6.0
True,True,,,490094,0,0,0,0,0,0,3,1.5,,0,Tim,0.0,240,False,,,50,490094.jpg,2.3,False,Iroegbunam,0.1,False,,a,9,11,68,0,0,0,0,0.0,13.6,Iroegbunam,,,,,False,p490094,1477,0,3,8,18,0,0,0,9,0,0,1,225,255.0,125.2,81.0,45.9,0,0,0,0,17,0.54,0.71,1.25,24.64,,,,,,,[],,223,99,222,136,250,133,258,125,0.03,0.0,0.04,0.07,1.5,1.1,313,182,291,76,256,105,473,189,1.04,0.49,0.0,MID,EVE,5.0
True,True,,,550615,0,0,0,0,0,0,3,2.0,,0,Tyrique,0.0,242,False,,,55,550615.jpg,1.1,False,George,0.2,False,,a,9,11,16,0,0,0,0,0.0,2.9,George,,,,,False,p550615,351,0,0,1,9,0,0,0,2,0,0,0,55,44.2,66.2,132.0,23.9,0,0,0,0,1,0.64,1.19,1.83,6.49,,,,,,,[],,339,155,267,148,204,114,303,145,0.16,0.0,0.31,0.47,1.66,2.31,200,125,437,168,355,164,393,149,0.26,0.26,0.0,MID,EVE,5.5
True,True,,,502697,0,0,0,0,0,0,3,1.5,,0,Carlos,0.0,243,False,,,50,502697.jpg,1.4,False,Alcaraz Durán,0.1,False,,a,9,11,29,0,0,0,0,0.0,5.8,Alcaraz,,,,,False,p502697,679,0,1,3,10,0,0,0,4,0,0,0,121,93.8,161.9,162.0,41.8,0,0,0,0,6,1.17,0.54,1.71,13.56,,,,,,,[],,308,139,188,124,186,102,266,128,0.16,0.0,0.07,0.23,1.8,1.33,326,190,304,84,338,152,459,183,0.8,0.4,0.0,MID,EVE,5.0
True,True,,,609873,0,0,0,0,0,0,3,1.5,,0,Harrison,0.0,244,False,,,50,609873.jpg,1.6,False,Armstrong,0.1,False,,a,9,11,21,0,0,0,0,0.0,4.2,Armstrong,,,,,False,p609873,524,0,0,1,11,0,0,0,0,0,0,0,84,60.0,69.7,78.0,21.0,0,0,0,0,6,0.79,0.22,1.01,10.93,,,,,,,[],,330,148,264,146,252,134,308,146,0.14,0.0,0.04,0.18,1.88,1.89,358,215,336,109,324,142,487,197,1.03,0.17,0.0,MID,EVE,5.0
True,True,,,496661,0,0,0,0,0,0,3,2.0,,0,Tyler,0.0,245,False,,,55,496661.jpg,1.3,False,Dibling,0.1,False,,a,9,11,18,0,0,0,0,0.0,3.3,Dibling,,,,,False,p496661,349,0,0,2,2,0,0,0,2,0,0,0,49,46.0,61.0,32.0,13.6,0,0,0,0,4,0.2,0.14,0.34,6.65,,,,,,,[],,336,152,274,150,296,154,324,153,0.05,0.0,0.04,0.09,1.71,0.52,187,115,424,158,346,158,493,202,1.03,0.52,0.0,MID,EVE,5.5
True,True,,,513466,0,0,0,0,0,0,3,1.5,,0,Merlin,0.0,246,False,,,50,513466.jpg,2.2,False,Röhl,0.1,False,,a,9,11,36,0,0,0,0,0.0,7.2,Röhl,,,,,False,p513466,675,1,1,2,13,0,0,0,0,0,0,2,98,113.0,87.4,62.0,26.3,0,0,0,0,6,0.67,0.35,1.02,13.31,,,,,,,[],,300,138,245,140,269,144,300,144,0.09,0.0,0.05,0.14,1.77,1.73,331,192,309,86,270,115,488,198,0.8,0.27,0.0,MID,EVE,5.0
True,True,,,244860,0,0,0,0,0,0,3,2.0,,0,Hayden,0.0,247,False,,,55,244860.jpg,0.0,False,Hackney,0.3,False,,a,9,11,0,0,0,0,0,0.0,0.0,Hackney,,,,,False,p244860,0,0,0,0,0,0,0,0,0,0,0,0,0,0.0,0.0,0.0,0.0,0,0,0,0,0,0.0,0.0,0.0,0.0,,,,,,,[],,541,233,541,233,540,233,541,233,0.0,0.0,0.0,0.0,0.0,0.0,149,93,386,136,541,233,303,101,0.0,0.0,0.0,MID,EVE,5.5
True,True,,,486385,0,0,0,0,0,0,4,1.8,,0,Norberto Bercique,0.0,248,False,,,55,486385.jpg,2.8,False,Gomes Betuncal,3.1,False,,a,9,11,104,0,0,0,0,0.0,18.9,Beto,,,,,False,p486385,1551,9,1,5,19,0,0,0,3,0,0,15,343,445.8,159.8,655.0,124.5,0,0,0,0,17,8.9,0.23,9.13,24.16,,,,,4.0,,[],,131,13,194,19,26,14,81,14,0.52,0.0,0.01,0.53,1.4,1.1,182,41,419,38,198,19,97,14,0.99,0.29,0.0,FWD,EVE,5.5
True,True,,,586309,0,0,0,0,0,0,4,1.8,,0,Thierno,0.0,249,False,,,55,586309.jpg,2.5,False,Barry,1.0,False,,a,9,11,95,0,0,0,0,0.0,17.3,Barry,,,,,False,p586309,1898,8,0,7,34,0,0,0,3,0,0,9,295,341.0,207.7,501.0,102.5,0,0,0,0,21,8.17,0.44,8.61,33.49,,,,,2.0,,[],,177,16,160,14,42,16,123,18,0.39,0.0,0.02,0.41,1.59,1.61,207,43,444,40,238,25,188,32,1.0,0.33,0.0,FWD,EVE,5.5
True,True,,,80201,0,0,0,0,0,0,1,2.0,,0,Bernd,0.0,250,False,,,45,80201.jpg,3.2,False,Leno,3.3,False,,a,10,54,122,0,0,0,0,0.0,27.1,Leno,,,,,False,p80201,3420,0,0,9,51,1,0,0,3,0,98,8,556,816.2,0.0,0.0,81.5,0,0,0,0,38,0.0,0.02,0.02,52.73,,,,,,,[],,29,9,437,36,420,27,170,9,0.0,2.58,0.0,0.0,1.39,1.34,372,21,71,23,138,18,102,18,1.0,0.24,0.0,GK,FUL,4.5
True,True,,,86873,0,0,0,0,0,0,1,1.0,,0,Benjamin,0.0,251,False,,,40,86873.jpg,0.0,False,Lecomte,1.4,False,,a,10,54,0,0,0,0,0,0.0,0.0,Lecomte,,,,,False,p86873,0,0,0,0,0,0,0,0,0,0,0,0,0,0.0,0.0,0.0,0.0,0,0,0,0,0,0.0,0.0,0.0,0.0,,,,,,,[],,400,36,384,19,365,10,402,36,0.0,0.0,0.0,0.0,0.0,0.0,498,46,7,6,406,36,150,22,0.0,0.0,0.0,GK,FUL,4.0
True,True,,,505079,0,0,0,0,0,0,1,1.0,,0,Alfie,0.0,252,False,,,40,505079.jpg,0.0,False,McNally,0.2,False,,a,10,54,0,0,0,0,0,0.0,0.0,McNally,,,,,False,p505079,0,0,0,0,0,0,0,0,0,0,0,0,0,0.0,0.0,0.0,0.0,0,0,0,0,0,0.0,0.0,0.0,0.0,,,,,,,[],,439,48,424,32,405,23,441,48,0.0,0.0,0.0,0.0,0.0,0.0,542,59,51,19,444,48,386,45,0.0,0.0,0.0,GK,FUL,4.0
True,True,0.0,,174874,0,0,0,0,0,0,2,0.0,,0,Joachim,0.0,253,False,Suspended until 30 Aug,2026-07-23T12:01:23.516350Z,50,174874.jpg,3.7,False,Andersen,0.1,False,,s,10,54,123,0,0,0,0,0.0,24.6,Andersen,,,,,False,p174874,2882,0,1,8,45,0,0,0,7,1,0,8,424,790.6,131.0,148.0,107.0,0,0,0,0,33,1.43,1.83,3.26,44.88,,,,,,,[],,31,12,215,59,195,53,112,33,0.04,0.0,0.06,0.1,1.4,1.41,238,39,216,118,78,31,416,145,1.03,0.25,0.0,DEF,FUL,5.0
True,True,,,169528,0,0,0,0,0,0,2,1.7,,0,Antonee,0.0,254,False,,,45,169528.jpg,3.0,False,Robinson,2.4,False,,a,10,54,65,0,0,0,0,0.0,14.4,Robinson,,,,,False,p169528,1487,1,0,4,19,0,0,0,5,0,0,7,280,375.0,334.6,82.0,79.3,0,0,0,0,17,1.07,1.58,2.65,24.12,,,,,1.0,,[],,161,66,104,26,248,77,174,61,0.06,0.0,0.1,0.16,1.46,1.15,393,85,92,59,166,69,93,35,1.03,0.24,0.0,DEF,FUL,4.5
True,True,,,246301,0,0,0,0,0,0,2,1.7,,0,Jorge,0.0,255,False,,,45,246301.jpg,2.6,False,Cuenca Barreno,0.0,False,,a,10,54,39,0,0,0,0,0.0,8.7,J.Cuenca,,,,,False,p246301,935,0,0,2,11,0,0,0,6,0,0,1,155,249.6,47.2,14.0,31.2,0,0,0,0,11,0.05,0.53,0.58,14.7,,,,,,,[],,224,84,289,98,320,115,286,95,0.0,0.0,0.05,0.05,1.41,1.06,426,111,125,85,220,89,510,175,1.06,0.19,0.0,DEF,FUL,4.5
True,True,,,167074,0,0,0,0,0,0,2,1.7,,0,Kenny,0.0,256,False,,,45,167074.jpg,3.7,False,Tete,0.2,False,,a,10,54,81,0,0,0,0,0.0,18.0,Tete,,,,,False,p167074,1791,1,0,6,25,0,0,0,2,0,0,5,318,416.0,214.1,108.0,73.9,0,0,0,0,21,0.92,1.46,2.38,25.79,,,,,,,[],,146,59,155,39,224,66,188,64,0.05,0.0,0.07,0.12,1.3,1.26,392,84,91,58,77,30,370,131,1.06,0.3,0.0,DEF,FUL,4.5
True,True,,,232892,0,0,0,0,0,0,2,1.7,,0,Calvin,0.0,257,False,,,45,232892.jpg,3.4,False,Bassey,0.6,False,,a,10,54,103,0,0,0,0,0.0,22.9,Bassey,,,,,False,p232892,2532,1,1,7,40,0,0,0,5,0,0,9,392,574.0,152.2,115.0,84.5,0,0,0,0,28,1.71,0.35,2.05,38.01,,,,,,,[],,86,37,204,52,222,65,162,56,0.06,0.0,0.01,0.07,1.35,1.42,418,104,117,78,108,45,264,97,1.0,0.25,0.0,DEF,FUL,4.5
True,True,,,166477,0,0,0,0,0,0,2,1.7,,0,Timothy,0.0,258,False,,,45,166477.jpg,2.0,False,Castagne,0.2,False,,a,10,54,61,0,0,0,0,0.0,13.6,Castagne,,,,,False,p166477,1838,0,2,3,31,0,0,0,4,0,0,3,294,373.0,292.2,195.0,86.2,0,0,0,0,20,1.5,1.47,2.97,32.66,,,,,,,[],,163,67,127,30,159,42,158,54,0.07,0.0,0.07,0.14,1.6,1.52,391,83,90,57,282,107,343,119,0.98,0.15,0.0,DEF,FUL,4.5
True,True,,,153133,0,0,0,0,0,0,3,2.0,,0,Alex,0.0,261,False,,,55,153133.jpg,3.6,False,Iwobi,1.0,False,,a,10,54,103,0,0,0,0,0.0,18.7,Iwobi,,,,,False,p153133,2420,4,3,5,40,0,0,0,3,0,0,13,508,511.2,739.4,343.0,159.4,0,0,0,0,29,1.91,4.7,6.61,35.7,4.0,,1.0,,2.0,,[],,111,37,20,19,79,48,45,30,0.07,0.0,0.17,0.24,1.33,1.49,117,77,354,120,93,39,204,67,1.08,0.19,0.0,MID,FUL,5.5
True,True,,,209289,0,0,0,0,0,0,3,2.0,,0,Emile,0.0,262,False,,,55,209289.jpg,2.2,False,Smith Rowe,0.4,False,,a,10,54,80,0,0,0,0,0.0,14.5,Smith Rowe,,,,,False,p209289,1909,3,1,6,27,0,0,0,1,0,0,1,351,291.6,330.0,404.0,102.6,0,0,0,0,22,4.71,1.12,5.83,31.27,,,,,,,[],,204,91,109,78,62,37,122,70,0.22,0.0,0.05,0.27,1.47,1.27,136,85,373,128,271,116,295,95,1.04,0.28,0.0,MID,FUL,5.5
True,True,,,560552,0,0,0,0,0,0,3,2.0,,0,Kevin,0.0,263,False,,,55,560552.jpg,1.9,False,Santos Lopes de Macedo,0.1,False,,a,10,54,49,0,0,0,0,0.0,8.9,Kevin,,,,,False,p560552,1030,1,3,4,15,0,0,0,1,0,0,0,183,216.0,246.6,243.0,70.4,0,0,0,0,9,1.21,1.47,2.68,14.57,6.0,,,,,,[],,241,108,138,95,121,70,199,99,0.11,0.0,0.13,0.24,1.27,1.31,202,127,439,170,296,128,442,171,0.79,0.35,0.0,MID,FUL,5.5
True,True,,,477555,0,0,0,0,0,0,3,2.0,,0,Oscar,0.0,264,False,,,55,477555.jpg,1.8,False,Bobb,0.4,False,,a,10,54,42,0,0,0,0,0.0,7.6,Bobb,,,,,False,p477555,1030,0,2,4,13,0,0,0,1,0,0,0,182,140.4,315.4,205.0,66.4,0,0,0,0,11,1.47,2.1,3.57,12.71,,,,,,,[],,282,130,114,81,150,81,207,104,0.13,0.0,0.18,0.31,1.11,1.14,177,108,414,151,308,134,266,89,0.96,0.35,0.0,MID,FUL,5.5
True,True,,,207189,0,0,0,0,0,0,3,1.5,,0,Sander,0.0,265,False,,,50,207189.jpg,2.6,False,Berge,0.4,False,,a,10,54,91,0,0,0,0,0.0,18.2,Berge,,,,,False,p207189,2904,0,3,8,45,1,0,0,5,0,0,3,503,437.8,365.1,105.0,91.0,0,0,0,0,34,1.54,1.5,3.04,43.09,,,,,,,[],,137,50,92,67,227,122,148,77,0.05,0.0,0.05,0.1,1.34,1.39,248,152,226,46,222,85,276,92,1.05,0.25,0.0,MID,FUL,5.0
True,True,,,76357,0,0,0,0,0,0,3,1.5,,0,Tom,0.0,266,False,,,50,76357.jpg,1.7,False,Cairney,0.0,False,,a,10,54,41,0,0,0,0,0.0,8.2,Cairney,,,,,False,p76357,756,2,0,2,10,0,0,0,3,0,0,1,181,153.4,195.6,64.0,41.4,0,0,0,0,6,1.21,0.81,2.02,11.67,,,,,,,[],,273,126,174,116,265,141,268,130,0.14,0.0,0.1,0.24,1.39,1.19,214,133,192,27,313,136,516,214,0.71,0.24,0.0,MID,FUL,5.0
True,True,,,577725,0,0,0,0,0,0,3,2.0,,0,Josh,0.0,268,False,,,55,577725.jpg,2.0,False,King,0.2,False,,a,10,54,63,0,0,0,0,0.0,11.5,King,,,,,False,p577725,1290,1,3,5,18,0,0,0,4,0,0,3,225,207.4,198.7,336.0,73.3,0,0,0,0,15,2.47,0.66,3.13,18.97,,,,,,,[],,245,110,170,112,82,50,190,95,0.17,0.0,0.05,0.22,1.32,1.26,205,129,442,172,289,123,387,145,1.05,0.35,0.0,MID,FUL,5.5
True,True,,,184349,0,0,0,0,0,0,2,1.7,,0,Ryan,0.0,269,False,,,45,184349.jpg,3.5,False,Sessegnon,0.4,False,,a,10,54,95,0,0,0,0,0.0,21.1,Sessegnon,,,,,False,p184349,1816,3,3,6,29,0,0,0,0,0,0,8,332,413.8,225.0,229.0,86.7,0,0,0,0,20,1.6,1.8,3.4,26.33,,,,,,,[],,147,60,150,36,133,26,155,52,0.08,0.0,0.09,0.17,1.3,1.44,396,86,95,60,98,38,281,102,0.99,0.3,0.0,DEF,FUL,4.5
True,True,,,153366,0,0,0,0,0,0,3,1.0,,0,Harrison,0.0,270,False,,,45,153366.jpg,2.1,False,Reed,1.1,False,,a,10,54,15,0,0,0,0,0.0,3.3,Reed,,,,,False,p153366,89,1,0,0,4,0,0,0,0,0,0,2,48,42.0,44.4,11.0,9.7,0,0,0,0,1,0.13,0.45,0.58,3.43,,,,,,,[],,342,157,293,157,325,166,338,158,0.13,0.0,0.46,0.59,3.47,4.04,389,224,88,3,273,117,186,61,1.01,0.0,0.0,MID,FUL,4.5
True,True,,,244042,0,0,0,0,0,0,4,1.8,,0,Rodrigo,0.0,271,False,,,55,244042.jpg,1.7,False,Muniz Carvalho,0.7,False,,a,10,54,36,0,0,0,0,0.0,6.5,Muniz,,,,,False,p244042,987,1,1,3,13,1,0,0,2,0,0,3,94,113.2,93.2,287.0,47.3,0,0,0,0,10,3.3,0.15,3.45,13.83,,,,,,,[],,299,33,242,25,103,24,253,31,0.3,0.0,0.01,0.31,1.26,1.19,148,35,385,32,317,33,208,36,0.91,0.27,0.0,FWD,FUL,5.5
True,True,,,631786,0,0,0,0,0,0,4,1.0,,0,Jonah,0.0,272,False,,,45,631786.jpg,0.9,False,Kusi-Asare,7.4,False,,a,10,54,6,0,0,0,0,0.0,1.3,Kusi-Asare,,,,,False,p631786,49,0,0,0,2,0,0,0,1,0,0,0,19,3.2,12.0,8.0,2.3,0,0,0,0,0,0.0,0.07,0.07,1.1,,,,,,,[],,383,43,334,42,331,43,371,43,0.0,0.0,0.13,0.13,2.02,3.67,488,68,187,12,393,47,54,9,0.0,0.0,0.0,FWD,FUL,4.5
True,True,,,551466,0,0,0,0,0,0,4,0.0,0.0,0,Gonzalo,0.0,569,0,,,60,551466.jpg,0.0,False,García,1.8,False,,a,10,54,0,0,0,0,0,0.0,0.0,García,0,0.0,0,0,0,0,0,0,0,0,0,0,0,0,0,0,0,0,0,0.0,0.0,0.0,0.0,0,0,0,0,0,0.0,0.0,0.0,0.0,0.0,0.0,0.0,0.0,0.0,0.0,0,0,0,0,0,0,0,0,0,0,0.0,0.0,0.0,0.0,0.0,0.0,0,0,0,0,0,0,0,0,0.0,0.0,0.0,FWD,FUL,6.0
True,True,,,571779,0,0,0,0,0,0,3,0.0,0.0,0,César,0.0,570,0,,,55,571779.jpg,0.0,False,Palacios,0.1,False,,a,10,54,0,0,0,0,0,0.0,0.0,Palacios,0,0.0,0,0,0,0,0,0,0,0,0,0,0,0,0,0,0,0,0,0.0,0.0,0.0,0.0,0,0,0,0,0,0.0,0.0,0.0,0.0,0.0,0.0,0.0,0.0,0.0,0.0,0,0,0,0,0,0,0,0,0,0,0.0,0.0,0.0,0.0,0.0,0.0,0,0,0,0,0,0,0,0,0.0,0.0,0.0,MID,FUL,5.5
True,True,,,463210,0,0,0,0,0,0,3,0.0,0.0,0,Shea,0.0,580,0,,,50,463210.jpg,0.0,False,Charles,0.0,False,,a,10,54,0,0,0,0,0,0.0,0.0,Charles,0,0.0,0,0,0,0,0,0,0,0,0,0,0,0,0,0,0,0,0,0.0,0.0,0.0,0.0,0,0,0,0,0,0.0,0.0,0.0,0.0,0.0,0.0,0.0,0.0,0.0,0.0,0,0,0,0,0,0,0,0,0,0,0.0,0.0,0.0,0.0,0.0,0.0,0,0,0,0,0,0,0,0,0.0,0.0,0.0,MID,FUL,5.0
True,True,,,167825,0,0,0,0,0,0,1,1.0,,0,Dillon,0.0,273,False,,,40,167825.jpg,0.0,False,Phillips,2.0,False,,a,11,88,0,0,0,0,0,0.0,0.0,Phillips,,,,,False,p167825,0,0,0,0,0,0,0,0,0,0,0,0,0,0.0,0.0,0.0,0.0,0,0,0,0,0,0.0,0.0,0.0,0.0,,,,,,,[],,405,38,390,22,371,13,407,38,0.0,0.0,0.0,0.0,0.0,0.0,507,49,16,9,411,38,109,19,0.0,0.0,0.0,GK,HUL,4.0
True,True,0.0,,105666,0,0,0,0,0,0,1,2.0,,0,Jack,0.0,274,False,Arm injury - Unknown return date,2026-08-08T19:00:05.601633Z,45,105666.jpg,0.0,False,Butland,0.6,False,,i,11,88,0,0,0,0,0,0.0,0.0,Butland,,,,,False,p105666,0,0,0,0,0,0,0,0,0,0,0,0,0,0.0,0.0,0.0,0.0,0,0,0,0,0,0.0,0.0,0.0,0.0,,,,,,,[],,452,51,441,38,424,29,454,51,0.0,0.0,0.0,0.0,0.0,0.0,378,23,77,25,457,51,177,25,0.0,0.0,0.0,GK,HUL,4.5
True,False,0.0,,494950,0,0,0,0,0,0,1,1.0,,0,Harvey,0.0,275,False,Has joined Grimsby Town on loan for the rest of the season,2026-07-29T13:00:27.959925Z,40,494950.jpg,0.0,False,Cartwright,0.1,False,,u,11,88,0,0,0,0,0,0.0,0.0,Cartwright,,,,,False,p494950,0,0,0,0,0,0,0,0,0,0,0,0,0,0.0,0.0,0.0,0.0,0,0,0,0,0,0.0,0.0,0.0,0.0,,,,,,,[],,435,47,420,31,401,22,437,47,0.0,0.0,0.0,0.0,0.0,0.0,538,58,47,18,441,47,310,36,0.0,0.0,0.0,GK,HUL,4.0
True,True,,,444307,0,0,0,0,0,0,1,1.0,,0,Thimothée,0.0,276,False,,,40,444307.jpg,0.0,False,Lo-Tutala,0.2,False,,a,11,88,0,0,0,0,0,0.0,0.0,Lo-Tutala,,,,,False,p444307,0,0,0,0,0,0,0,0,0,0,0,0,0,0.0,0.0,0.0,0.0,0,0,0,0,0,0.0,0.0,0.0,0.0,,,,,,,[],,424,44,409,28,390,19,426,44,0.0,0.0,0.0,0.0,0.0,0.0,527,55,36,15,430,44,330,39,0.0,0.0,0.0,GK,HUL,4.0
True,True,,,108416,0,0,0,0,0,0,2,1.0,,0,John,0.0,277,False,,,40,108416.jpg,0.0,False,Egan,1.6,False,,a,11,88,0,0,0,0,0,0.0,0.0,Egan,,,,,False,p108416,0,0,0,0,0,0,0,0,0,0,0,0,0,0.0,0.0,0.0,0.0,0,0,0,0,0,0.0,0.0,0.0,0.0,,,,,,,[],,401,135,385,134,366,130,403,135,0.0,0.0,0.0,0.0,0.0,0.0,500,140,9,3,407,136,196,70,0.0,0.0,0.0,DEF,HUL,4.0
True,True,0.0,,501902,0,0,0,0,0,0,2,1.0,,0,Charlie,0.0,278,False,Groin injury - Unknown return date,2026-08-02T09:00:11.030017Z,40,501902.jpg,0.0,False,Hughes,0.6,False,,i,11,88,0,0,0,0,0,0.0,0.0,Hughes,,,,,False,p501902,0,0,0,0,0,0,0,0,0,0,0,0,0,0.0,0.0,0.0,0.0,0,0,0,0,0,0.0,0.0,0.0,0.0,,,,,,,[],,438,161,423,160,404,156,440,161,0.0,0.0,0.0,0.0,0.0,0.0,541,169,50,32,443,161,138,54,0.0,0.0,0.0,DEF,HUL,4.0
True,True,,,146426,0,0,0,0,0,0,2,1.0,,0,Semi,0.0,279,False,,,40,146426.jpg,0.0,False,Ajayi,0.8,False,,a,11,88,0,0,0,0,0,0.0,0.0,Ajayi,,,,,False,p146426,0,0,0,0,0,0,0,0,0,0,0,0,0,0.0,0.0,0.0,0.0,0,0,0,0,0,0.0,0.0,0.0,0.0,,,,,,,[],,403,136,387,135,368,131,405,136,0.0,0.0,0.0,0.0,0.0,0.0,503,142,12,5,409,137,222,78,0.0,0.0,0.0,DEF,HUL,4.0
True,True,,,193278,0,0,0,0,0,0,2,1.0,,0,Lewie,0.0,280,False,,,40,193278.jpg,0.0,False,Coyle,0.6,False,,a,11,88,0,0,0,0,0,0.0,0.0,Coyle,,,,,False,p193278,0,0,0,0,0,0,0,0,0,0,0,0,0,0.0,0.0,0.0,0.0,0,0,0,0,0,0.0,0.0,0.0,0.0,,,,,,,[],,411,142,396,141,377,137,413,142,0.0,0.0,0.0,0.0,0.0,0.0,513,149,22,12,417,143,291,109,0.0,0.0,0.0,DEF,HUL,4.0
True,True,0.0,,433590,0,0,0,0,0,0,2,1.0,,0,Cody,0.0,281,False,Hamstring injury - Expected back 29 Aug,2026-08-08T19:00:05.613036Z,40,433590.jpg,0.0,False,Drameh,0.0,False,,i,11,88,0,0,0,0,0,0.0,0.0,Drameh,,,,,False,p433590,0,0,0,0,0,0,0,0,0,0,0,0,0,0.0,0.0,0.0,0.0,0,0,0,0,0,0.0,0.0,0.0,0.0,,,,,,,[],,421,149,406,148,387,144,423,149,0.0,0.0,0.0,0.0,0.0,0.0,524,157,33,20,427,150,419,146,0.0,0.0,0.0,DEF,HUL,4.0
True,True,,,232351,0,0,0,0,0,0,2,1.0,,0,Ryan,0.0,282,False,,,40,232351.jpg,0.0,False,Giles,0.8,False,,a,11,88,0,0,0,0,0,0.0,0.0,Giles,,,,,False,p232351,0,0,0,0,0,0,0,0,0,0,0,0,0,0.0,0.0,0.0,0.0,0,0,0,0,0,0.0,0.0,0.0,0.0,4.0,,1.0,,,,[],,418,148,403,147,384,143,420,148,0.0,0.0,0.0,0.0,0.0,0.0,521,156,30,19,424,149,224,80,0.0,0.0,0.0,DEF,HUL,4.0
True,True,75.0,,449428,0,0,0,0,0,0,2,1.0,,0,Matty,0.0,283,False,Hip injury - 75% chance of playing,2026-08-02T09:00:11.038361Z,40,449428.jpg,0.0,False,Jacob,0.0,False,,d,11,88,0,0,0,0,0,0.0,0.0,Jacob,,,,,False,p449428,0,0,0,0,0,0,0,0,0,0,0,0,0,0.0,0.0,0.0,0.0,0,0,0,0,0,0.0,0.0,0.0,0.0,,,,,,,[],,425,151,410,150,391,146,427,151,0.0,0.0,0.0,0.0,0.0,0.0,528,159,37,22,431,152,432,152,0.0,0.0,0.0,DEF,HUL,4.0
True,True,,,661800,0,0,0,0,0,0,2,1.0,,0,Cathal,0.0,284,False,,,40,661800.jpg,0.0,False,McCarthy,0.1,False,,a,11,88,0,0,0,0,0,0.0,0.0,McCarthy,,,,,False,p661800,0,0,0,0,0,0,0,0,0,0,0,0,0,0.0,0.0,0.0,0.0,0,0,0,0,0,0.0,0.0,0.0,0.0,,,,,,,[],,448,169,434,169,417,167,450,169,0.0,0.0,0.0,0.0,0.0,0.0,558,184,67,47,453,169,385,136,0.0,0.0,0.0,DEF,HUL,4.0
True,True,,,160817,0,0,0,0,0,0,2,1.0,,0,Paddy,0.0,285,False,,,40,160817.jpg,0.0,False,McNair,0.1,False,,a,11,88,0,0,0,0,0,0.0,0.0,McNair,,,,,False,p160817,0,0,0,0,0,0,0,0,0,0,0,0,0,0.0,0.0,0.0,0.0,0,0,0,0,0,0.0,0.0,0.0,0.0,,,,,,,[],,404,137,389,136,370,132,406,137,0.0,0.0,0.0,0.0,0.0,0.0,505,143,14,6,410,138,364,128,0.0,0.0,0.0,DEF,HUL,4.0
True,True,,,540324,0,0,0,0,0,0,3,1.5,,0,Mohamed,0.0,286,False,,,50,540324.jpg,0.0,False,Belloumi,0.5,False,,a,11,88,0,0,0,0,0,0.0,0.0,Belloumi,,,,,False,p540324,0,0,0,0,0,0,0,0,0,0,0,0,0,0.0,0.0,0.0,0.0,0,0,0,0,0,0.0,0.0,0.0,0.0,5.0,,2.0,,,,[],,528,226,528,226,525,225,528,226,0.0,0.0,0.0,0.0,0.0,0.0,344,204,322,98,528,226,234,79,0.0,0.0,0.0,MID,HUL,5.0
True,True,,,232905,0,0,0,0,0,0,3,1.5,,0,Liam,0.0,287,False,,,50,232905.jpg,0.0,False,Millar,0.1,False,,a,11,88,0,0,0,0,0,0.0,0.0,Millar,,,,,False,p232905,0,0,0,0,0,0,0,0,0,0,0,0,0,0.0,0.0,0.0,0.0,0,0,0,0,0,0.0,0.0,0.0,0.0,,,,,,,[],,506,210,502,210,499,209,506,210,0.0,0.0,0.0,0.0,0.0,0.0,274,164,252,58,506,210,423,163,0.0,0.0,0.0,MID,HUL,5.0
True,True,,,171270,0,0,0,0,0,0,3,1.0,,0,Kieran,0.0,288,False,,,45,171270.jpg,0.0,False,Dowell,0.5,False,,a,11,88,0,0,0,0,0,0.0,0.0,Dowell,,,,,False,p171270,0,0,0,0,0,0,0,0,0,0,0,0,0,0.0,0.0,0.0,0.0,0,0,0,0,0,0.0,0.0,0.0,0.0,,,,,,,[],,457,187,447,189,430,183,459,188,0.0,0.0,0.0,0.0,0.0,0.0,394,225,93,4,462,190,221,75,0.0,0.0,0.0,MID,HUL,4.5
True,True,,,101282,0,0,0,0,0,0,3,1.0,,0,Matt,0.0,289,False,,,45,101282.jpg,0.0,False,Crooks,0.7,False,,a,11,88,0,0,0,0,0,0.0,0.0,Crooks,,,,,False,p101282,0,0,0,0,0,0,0,0,0,0,0,0,0,0.0,0.0,0.0,0.0,0,0,0,0,0,0.0,0.0,0.0,0.0,,,,,1.0,,[],,451,186,440,188,423,182,453,187,0.0,0.0,0.0,0.0,0.0,0.0,377,222,76,1,456,189,239,82,0.0,0.0,0.0,MID,HUL,4.5
True,True,,,243413,0,0,0,0,0,0,3,1.0,,0,Regan,0.0,290,False,,,45,243413.jpg,0.0,False,Slater,2.2,False,,a,11,88,0,0,0,0,0,0.0,0.0,Slater,,,,,False,p243413,0,0,0,0,0,0,0,0,0,0,0,0,0,0.0,0.0,0.0,0.0,0,0,0,0,0,0.0,0.0,0.0,0.0,6.0,,,,,,[],,461,189,453,191,438,185,463,190,0.0,0.0,0.0,0.0,0.0,0.0,421,228,120,7,466,192,254,87,0.0,0.0,0.0,MID,HUL,4.5
True,True,0.0,,465525,0,0,0,0,0,0,3,0.0,,0,Eliot,0.0,291,False,Knee injury - Unknown return date,2026-07-23T12:01:23.532635Z,45,465525.jpg,0.0,False,Matazo,0.0,False,,i,11,88,0,0,0,0,0,0.0,0.0,Matazo,,,,,False,p465525,0,0,0,0,0,0,0,0,0,0,0,0,0,0.0,0.0,0.0,0.0,0,0,0,0,0,0.0,0.0,0.0,0.0,,,,,,,[],,465,191,458,193,444,187,467,192,0.0,0.0,0.0,0.0,0.0,0.0,435,230,134,9,470,194,548,239,0.0,0.0,0.0,MID,HUL,4.5
True,True,,,208481,0,0,0,0,0,0,3,1.5,,0,Abdülkadir,0.0,292,False,,,50,208481.jpg,0.0,False,Ömür,0.0,False,,a,11,88,0,0,0,0,0,0.0,0.0,Ömür,,,,,False,p208481,0,0,0,0,0,0,0,0,0,0,0,0,0,0.0,0.0,0.0,0.0,0,0,0,0,0,0.0,0.0,0.0,0.0,,,,,,,[],,497,206,493,206,489,205,497,206,0.0,0.0,0.0,0.0,0.0,0.0,249,153,227,47,497,206,507,209,0.0,0.0,0.0,MID,HUL,5.0
True,False,0.0,,490161,0,0,0,0,0,0,3,1.5,,0,Abu,0.0,293,False,Has joined Portsmouth permanently,2026-08-12T14:08:23.542043Z,50,490161.jpg,0.0,False,Kamara,0.0,False,,u,11,88,0,0,0,0,0,0.0,0.0,Kamara,,,,,False,p490161,0,0,0,0,0,0,0,0,0,0,0,0,0,0.0,0.0,0.0,0.0,0,0,0,0,0,0.0,0.0,0.0,0.0,,,,,,,[],,518,218,517,218,513,217,518,218,0.0,0.0,0.0,0.0,0.0,0.0,314,183,292,77,518,218,485,196,0.0,0.0,0.0,MID,HUL,5.0
True,True,0.0,,553783,0,0,0,0,0,0,3,1.0,,0,Óscar,0.0,294,False,Thigh injury - Unknown return date,2026-08-04T18:30:11.016909Z,45,553783.jpg,0.0,False,Zambrano,0.3,False,,i,11,88,0,0,0,0,0,0.0,0.0,Zambrano,,,,,False,p553783,0,0,0,0,0,0,0,0,0,0,0,0,0,0.0,0.0,0.0,0.0,0,0,0,0,0,0.0,0.0,0.0,0.0,,,,,,,[],,477,195,473,197,463,193,479,196,0.0,0.0,0.0,0.0,0.0,0.0,466,237,165,16,482,198,240,83,0.0,0.0,0.0,MID,HUL,4.5
True,True,,,169432,0,0,0,0,0,0,4,1.8,,0,Oli,0.0,295,False,,,55,169432.jpg,0.0,False,McBurnie,1.5,False,,a,11,88,0,0,0,0,0,0.0,0.0,McBurnie,,,,,False,p169432,0,0,0,0,0,0,0,0,0,0,0,0,0,0.0,0.0,0.0,0.0,0,0,0,0,0,0.0,0.0,0.0,0.0,,,,,2.0,,[],,537,64,537,64,536,64,537,64,0.0,0.0,0.0,0.0,0.0,0.0,119,29,356,26,537,64,116,18,0.0,0.0,0.0,FWD,HUL,5.5
True,True,,,213292,0,0,0,0,0,0,3,1.5,,0,David,0.0,296,False,,,50,213292.jpg,0.0,False,Akintola,0.0,False,,a,11,88,0,0,0,0,0,0.0,0.0,Akintola,,,,,False,p213292,0,0,0,0,0,0,0,0,0,0,0,0,0,0.0,0.0,0.0,0.0,0,0,0,0,0,0.0,0.0,0.0,0.0,,,,,,,[],,498,207,494,207,490,206,498,207,0.0,0.0,0.0,0.0,0.0,0.0,254,157,232,51,498,207,483,194,0.0,0.0,0.0,MID,HUL,5.0
True,True,0.0,,470294,0,0,0,0,0,0,3,1.0,,0,Darko,0.0,297,False,Thigh injury - Unknown return date,2026-08-04T18:30:11.027155Z,45,470294.jpg,0.0,False,Gyabi,0.1,False,,i,11,88,0,0,0,0,0,0.0,0.0,Gyabi,,,,,False,p470294,0,0,0,0,0,0,0,0,0,0,0,0,0,0.0,0.0,0.0,0.0,0,0,0,0,0,0.0,0.0,0.0,0.0,,,,,,,[],,466,192,459,194,445,188,468,193,0.0,0.0,0.0,0.0,0.0,0.0,437,231,136,10,471,195,328,118,0.0,0.0,0.0,MID,HUL,4.5
True,True,,,500957,0,0,0,0,0,0,4,1.0,,0,Enis,0.0,298,False,,,45,500957.jpg,0.0,False,Destan,2.4,False,,a,11,88,0,0,0,0,0,0.0,0.0,Destan,,,,,False,p500957,0,0,0,0,0,0,0,0,0,0,0,0,0,0.0,0.0,0.0,0.0,0,0,0,0,0,0.0,0.0,0.0,0.0,,,,,,,[],,471,47,465,47,453,47,473,48,0.0,0.0,0.0,0.0,0.0,0.0,453,59,152,3,476,49,107,17,0.0,0.0,0.0,FWD,HUL,4.5
True,False,0.0,,534392,0,0,0,0,0,0,4,1.0,,0,Mason,0.0,299,False,Has joined Sheffield Wednesday on loan for the rest of the season,2026-08-03T14:05:20.234842Z,45,534392.jpg,0.0,False,Burstow,0.4,False,,u,11,88,0,0,0,0,0,0.0,0.0,Burstow,,,,,False,p534392,0,0,0,0,0,0,0,0,0,0,0,0,0,0.0,0.0,0.0,0.0,0,0,0,0,0,0.0,0.0,0.0,0.0,,,,,,,[],,473,48,469,48,459,48,475,49,0.0,0.0,0.0,0.0,0.0,0.0,460,60,159,4,478,50,183,31,0.0,0.0,0.0,FWD,HUL,4.5
True,True,,,169359,0,0,0,0,0,0,2,1.0,,0,Matt,0.0,556,False,,,40,169359.jpg,0.0,False,Targett,3.0,False,,a,11,88,0,0,0,0,0,0.0,0.0,Targett,,241.0,2026-07-23,1995-09-18,False,p169359,0,0,0,0,0,0,0,0,0,0,0,0,0,0.0,0.0,0.0,0.0,0,0,0,0,0,0.0,0.0,0.0,0.0,,,,,,,[],,406,138,391,137,372,133,408,138,0.0,0.0,0.0,0.0,0.0,0.0,508,145,17,8,412,139,203,73,0.0,0.0,0.0,DEF,HUL,4.0
True,True,,,445028,0,0,0,0,0,0,3,0.0,0.0,0,Hidemasa,0.0,563,0,,,50,445028.jpg,0.0,False,Morita,0.1,False,,a,11,88,0,0,0,0,0,0.0,0.0,Morita,0,0.0,0,0,0,0,0,0,0,0,0,0,0,0,0,0,0,0,0,0.0,0.0,0.0,0.0,0,0,0,0,0,0.0,0.0,0.0,0.0,0.0,0.0,0.0,0.0,0.0,0.0,0,0,0,0,0,0,0,0,0,0,0.0,0.0,0.0,0.0,0.0,0.0,0,0,0,0,0,0,0,0,0.0,0.0,0.0,MID,HUL,5.0
True,True,,,473284,0,0,0,0,0,0,1,0.0,0.0,0,Konstantinos,0.0,572,0,,,45,473284.jpg,0.0,False,Tzolakis,0.3,False,,a,11,88,0,0,0,0,0,0.0,0.0,Tzolakis,0,0.0,0,0,0,0,0,0,0,0,0,0,0,0,0,0,0,0,0,0.0,0.0,0.0,0.0,0,0,0,0,0,0.0,0.0,0.0,0.0,0.0,0.0,0.0,0.0,0.0,0.0,0,0,0,0,0,0,0,0,0,0,0.0,0.0,0.0,0.0,0.0,0.0,0,0,0,0,0,0,0,0,0.0,0.0,0.0,GK,HUL,4.5
True,True,,,552946,0,0,0,0,0,0,3,0.0,0.0,0,Jens,0.0,574,0,,,50,552946.jpg,0.0,False,Hjertø-Dahl,0.0,False,,a,11,88,0,0,0,0,0,0.0,0.0,Hjertø-Dahl,0,0.0,0,0,0,0,0,0,0,0,0,0,0,0,0,0,0,0,0,0.0,0.0,0.0,0.0,0,0,0,0,0,0.0,0.0,0.0,0.0,0.0,0.0,0.0,0.0,0.0,0.0,0,0,0,0,0,0,0,0,0,0,0.0,0.0,0.0,0.0,0.0,0.0,0,0,0,0,0,0,0,0,0.0,0.0,0.0,MID,HUL,5.0
True,True,,,608227,0,0,0,0,0,0,3,0.0,0.0,0,Elliot,0.0,576,0,,,50,608227.jpg,0.0,False,Stroud,0.0,False,,a,11,88,0,0,0,0,0,0.0,0.0,Stroud,0,0.0,0,0,0,0,0,0,0,0,0,0,0,0,0,0,0,0,0,0.0,0.0,0.0,0.0,0,0,0,0,0,0.0,0.0,0.0,0.0,0.0,0.0,0.0,0.0,0.0,0.0,0,0,0,0,0,0,0,0,0,0,0.0,0.0,0.0,0.0,0.0,0.0,0,0,0,0,0,0,0,0,0.0,0.0,0.0,MID,HUL,5.0
True,True,,,219924,0,0,0,0,0,0,2,1.0,,0,Issa,0.0,259,False,,,40,219924.jpg,2.4,False,Diop,18.5,False,,a,12,40,31,0,0,0,0,0.0,7.8,Diop,,,,,False,p219924,812,1,0,1,13,0,0,0,2,0,0,3,103,190.8,8.0,31.0,23.0,0,0,0,0,8,0.8,0.05,0.85,12.42,,,,,,,[],,255,96,345,119,297,100,306,105,0.09,0.0,0.01,0.1,1.38,1.44,518,153,27,16,242,98,13,5,0.89,0.11,0.0,DEF,IPS,4.0
True,True,,,212314,0,0,0,0,0,0,3,1.5,,0,Saša,0.0,267,False,,,50,212314.jpg,2.6,False,Lukić,0.1,False,,a,12,40,67,0,0,0,0,0.0,13.4,Lukić,,,,,False,p212314,1730,1,4,6,22,0,0,0,9,0,0,4,314,317.6,441.6,176.0,93.4,0,0,0,0,20,2.23,1.91,4.14,27.64,5.0,,2.0,,,,[],,194,83,63,49,176,95,144,76,0.12,0.0,0.1,0.22,1.44,1.14,253,156,231,50,223,86,466,185,1.04,0.31,0.0,MID,IPS,5.0
True,True,,,108813,0,0,0,0,0,0,1,2.0,,0,Christian,0.0,300,False,,,45,108813.jpg,0.0,False,Walton,0.6,False,,a,12,40,0,0,0,0,0,0.0,0.0,Walton,,,,,False,p108813,0,0,0,0,0,0,0,0,0,0,0,0,0,0.0,0.0,0.0,0.0,0,0,0,0,0,0.0,0.0,0.0,0.0,,,,,,,[],,453,52,442,39,425,30,455,52,0.0,0.0,0.0,0.0,0.0,0.0,381,24,80,26,458,52,210,32,0.0,0.0,0.0,GK,IPS,4.5
True,True,,,112520,0,0,0,0,0,0,1,1.0,,0,Alex,0.0,301,False,,,40,112520.jpg,0.0,False,Palmer,5.7,False,,a,12,40,0,0,0,0,0,0.0,0.0,Palmer,,,,,False,p112520,0,0,0,0,0,0,0,0,0,0,0,0,0,0.0,0.0,0.0,0.0,0,0,0,0,0,0.0,0.0,0.0,0.0,,,,,,,[],,402,37,386,20,367,11,404,37,0.0,0.0,0.0,0.0,0.0,0.0,501,47,10,7,408,37,61,8,0.0,0.0,0.0,GK,IPS,4.0
True,True,,,50093,0,0,0,0,0,0,1,1.0,,0,David,0.0,302,False,,,40,50093.jpg,0.0,False,Button,0.5,False,,a,12,40,0,0,0,0,0,0.0,0.0,Button,,,,,False,p50093,0,0,0,0,0,0,0,0,0,0,0,0,0,0.0,0.0,0.0,0.0,0,0,0,0,0,0.0,0.0,0.0,0.0,,,,,,,[],,398,35,381,17,362,8,400,35,0.0,0.0,0.0,0.0,0.0,0.0,495,44,4,4,404,35,237,33,0.0,0.0,0.0,GK,IPS,4.0
True,True,,,183015,0,0,0,0,0,0,2,1.0,,0,Cédric,0.0,303,False,,,40,183015.jpg,0.0,False,Kipré,0.5,False,,a,12,40,0,0,0,0,0,0.0,0.0,Kipré,,,,,False,p183015,0,0,0,0,0,0,0,0,0,0,0,0,0,0.0,0.0,0.0,0.0,0,0,0,0,0,0.0,0.0,0.0,0.0,,,,,,,[],,410,141,395,140,376,136,412,141,0.0,0.0,0.0,0.0,0.0,0.0,512,148,21,11,416,142,293,110,0.0,0.0,0.0,DEF,IPS,4.0
True,True,,,216616,0,0,0,0,0,0,2,1.0,,0,Dara,0.0,304,False,,,40,216616.jpg,0.0,False,O'Shea,2.6,False,,a,12,40,0,0,0,0,0,0.0,0.0,O'Shea,,,,,False,p216616,0,0,0,0,0,0,0,0,0,0,0,0,0,0.0,0.0,0.0,0.0,0,0,0,0,0,0.0,0.0,0.0,0.0,,,,,,,[],,415,145,400,144,381,140,417,145,0.0,0.0,0.0,0.0,0.0,0.0,517,152,26,15,421,146,179,66,0.0,0.0,0.0,DEF,IPS,4.0
True,True,,,455084,0,0,0,0,0,0,2,1.0,,0,Leif,0.0,305,False,,,40,455084.jpg,0.0,False,Davis,4.9,False,,a,12,40,0,0,0,0,0,0.0,0.0,Davis,,,,,False,p455084,0,0,0,0,0,0,0,0,0,0,0,0,0,0.0,0.0,0.0,0.0,0,0,0,0,0,0.0,0.0,0.0,0.0,6.0,,2.0,,,,[],,428,154,413,153,394,149,430,154,0.0,0.0,0.0,0.0,0.0,0.0,531,162,40,25,434,155,80,33,0.0,0.0,0.0,DEF,IPS,4.0
True,True,,,449429,0,0,0,0,0,0,2,1.0,,0,Jacob,0.0,306,False,,,40,449429.jpg,0.0,False,Greaves,0.7,False,,a,12,40,0,0,0,0,0,0.0,0.0,Greaves,,,,,False,p449429,0,0,0,0,0,0,0,0,0,0,0,0,0,0.0,0.0,0.0,0.0,0,0,0,0,0,0.0,0.0,0.0,0.0,,,,,,,[],,426,152,411,151,392,147,428,152,0.0,0.0,0.0,0.0,0.0,0.0,529,160,38,23,432,153,246,88,0.0,0.0,0.0,DEF,IPS,4.0
True,True,,,222018,0,0,0,0,0,0,2,1.0,,0,Ben,0.0,307,False,,,40,222018.jpg,0.0,False,Johnson,0.1,False,,a,12,40,0,0,0,0,0,0.0,0.0,Johnson,,,,,False,p222018,0,0,0,0,0,0,0,0,0,0,0,0,0,0.0,0.0,0.0,0.0,0,0,0,0,0,0.0,0.0,0.0,0.0,,,,,,,[],,417,147,402,146,383,142,419,147,0.0,0.0,0.0,0.0,0.0,0.0,520,155,29,18,423,148,372,132,0.0,0.0,0.0,DEF,IPS,4.0
True,True,,,176420,0,0,0,0,0,0,2,1.0,,0,Darnell,0.0,308,False,,,40,176420.jpg,0.0,False,Furlong,0.5,False,,a,12,40,0,0,0,0,0,0.0,0.0,Furlong,,,,,False,p176420,0,0,0,0,0,0,0,0,0,0,0,0,0,0.0,0.0,0.0,0.0,0,0,0,0,0,0.0,0.0,0.0,0.0,,,,,,,[],,409,140,394,139,375,135,411,140,0.0,0.0,0.0,0.0,0.0,0.0,511,147,20,10,415,141,305,113,0.0,0.0,0.0,DEF,IPS,4.0
True,True,,,501390,0,0,0,0,0,0,3,1.5,,0,Marcelino,0.0,309,False,,,50,501390.jpg,0.0,False,Núñez,0.2,False,,a,12,40,0,0,0,0,0,0.0,0.0,Núñez,,,,,False,p501390,0,0,0,0,0,0,0,0,0,0,0,0,0,0.0,0.0,0.0,0.0,0,0,0,0,0,0.0,0.0,0.0,0.0,7.0,,1.0,,,,[],,521,221,520,221,517,220,521,221,0.0,0.0,0.0,0.0,0.0,0.0,324,188,302,82,521,221,362,134,0.0,0.0,0.0,MID,IPS,5.0
True,True,0.0,,241117,0,0,0,0,0,0,3,1.5,,0,Azor,0.0,310,False,Muscular injury - Unknown return date,2026-07-29T18:00:10.305484Z,50,241117.jpg,0.0,False,Matusiwa,0.0,False,,i,12,40,0,0,0,0,0,0.0,0.0,Matusiwa,,,,,False,p241117,0,0,0,0,0,0,0,0,0,0,0,0,0,0.0,0.0,0.0,0.0,0,0,0,0,0,0.0,0.0,0.0,0.0,,,,,,,[],,507,211,503,211,500,210,507,211,0.0,0.0,0.0,0.0,0.0,0.0,276,165,254,59,507,211,452,177,0.0,0.0,0.0,MID,IPS,5.0
True,False,0.0,,149929,0,0,0,0,0,0,3,1.5,,0,Wes,0.0,311,False,Has joined Leicester City permanently,2026-08-10T14:02:47.597478Z,50,149929.jpg,0.0,False,Burns,0.0,False,,u,12,40,0,0,0,0,0,0.0,0.0,Burns,,,,,False,p149929,0,0,0,0,0,0,0,0,0,0,0,0,0,0.0,0.0,0.0,0.0,0,0,0,0,0,0.0,0.0,0.0,0.0,,,,,,,[],,492,201,488,201,482,200,492,201,0.0,0.0,0.0,0.0,0.0,0.0,228,137,206,31,492,201,489,199,0.0,0.0,0.0,MID,IPS,5.0
True,True,0.0,,231899,0,0,0,0,0,0,3,1.0,,0,Jack,0.0,312,False,Knee injury - Unknown return date,2026-07-29T18:00:10.319370Z,45,231899.jpg,0.0,False,Taylor,0.2,False,,i,12,40,0,0,0,0,0,0.0,0.0,Taylor,,,,,False,p231899,0,0,0,0,0,0,0,0,0,0,0,0,0,0.0,0.0,0.0,0.0,0,0,0,0,0,0.0,0.0,0.0,0.0,,,,,,,[],,459,188,451,190,436,184,461,189,0.0,0.0,0.0,0.0,0.0,0.0,416,227,115,6,464,191,263,88,0.0,0.0,0.0,MID,IPS,4.5
True,True,,,443261,0,0,0,0,0,0,3,2.0,,0,Jack,0.0,313,False,,,55,443261.jpg,0.0,False,Clarke,0.3,False,,a,12,40,0,0,0,0,0,0.0,0.0,Clarke,,,,,False,p443261,0,0,0,0,0,0,0,0,0,0,0,0,0,0.0,0.0,0.0,0.0,0,0,0,0,0,0.0,0.0,0.0,0.0,8.0,,3.0,,2.0,,[],,543,235,543,235,542,235,543,235,0.0,0.0,0.0,0.0,0.0,0.0,161,101,398,144,543,235,298,97,0.0,0.0,0.0,MID,IPS,5.5
True,True,,,229164,0,0,0,0,0,0,3,1.5,,0,Chiedozie,0.0,314,False,,,50,229164.jpg,0.0,False,Ogbene,0.0,False,,a,12,40,0,0,0,0,0,0.0,0.0,Ogbene,,,,,False,p229164,0,0,0,0,0,0,0,0,0,0,0,0,0,0.0,0.0,0.0,0.0,0,0,0,0,0,0.0,0.0,0.0,0.0,,,,,,,[],,502,208,498,208,495,207,502,208,0.0,0.0,0.0,0.0,0.0,0.0,268,160,246,54,502,208,511,211,0.0,0.0,0.0,MID,IPS,5.0
True,True,,,531442,0,0,0,0,0,0,3,2.0,,0,Abdul,0.0,315,False,,,55,531442.jpg,0.0,False,Fatawu,0.3,False,,a,12,40,0,0,0,0,0,0.0,0.0,Fatawu,,,,,False,p531442,0,0,0,0,0,0,0,0,0,0,0,0,0,0.0,0.0,0.0,0.0,0,0,0,0,0,0.0,0.0,0.0,0.0,,,,,,,[],,546,238,546,238,545,238,546,238,0.0,0.0,0.0,0.0,0.0,0.0,194,121,431,164,546,238,300,98,0.0,0.0,0.0,MID,IPS,5.5
True,True,,,543968,0,0,0,0,0,0,4,1.8,,0,Emersonn,0.0,316,False,,,55,543968.jpg,0.0,False,Correia da Silva,0.3,False,,a,12,40,0,0,0,0,0,0.0,0.0,Emersonn,,,,,False,p543968,0,0,0,0,0,0,0,0,0,0,0,0,0,0.0,0.0,0.0,0.0,0,0,0,0,0,0.0,0.0,0.0,0.0,,,,,,,[],,547,66,547,66,546,66,547,66,0.0,0.0,0.0,0.0,0.0,0.0,195,42,432,39,547,66,277,51,0.0,0.0,0.0,FWD,IPS,5.5
True,True,,,222625,0,0,0,0,0,0,4,1.4,,0,George,0.0,317,False,,,50,222625.jpg,0.0,False,Hirst,0.4,False,,a,12,40,0,0,0,0,0,0.0,0.0,Hirst,,,,,False,p222625,0,0,0,0,0,0,0,0,0,0,0,0,0,0.0,0.0,0.0,0.0,0,0,0,0,0,0.0,0.0,0.0,0.0,,,,,1.0,,[],,501,57,497,57,494,57,501,57,0.0,0.0,0.0,0.0,0.0,0.0,264,48,242,15,501,57,251,42,0.0,0.0,0.0,FWD,IPS,5.0
True,True,,,481624,0,0,0,0,0,0,3,2.0,,0,Jaden,0.0,318,False,,,55,481624.jpg,0.0,False,Philogene,0.2,False,,a,12,40,0,0,0,0,0,0.0,0.0,Philogene,,,,,False,p481624,0,0,0,0,0,0,0,0,0,0,0,0,0,0.0,0.0,0.0,0.0,0,0,0,0,0,0.0,0.0,0.0,0.0,5.0,,,,3.0,,[],,545,237,545,237,544,237,545,237,0.0,0.0,0.0,0.0,0.0,0.0,179,109,416,152,545,237,332,120,0.0,0.0,0.0,MID,IPS,5.5
True,True,,,172453,0,0,0,0,0,0,3,1.5,,0,Sam,0.0,319,False,,,50,172453.jpg,0.0,False,Szmodics,0.1,False,,a,12,40,0,0,0,0,0,0.0,0.0,Szmodics,,,,,False,p172453,0,0,0,0,0,0,0,0,0,0,0,0,0,0.0,0.0,0.0,0.0,0,0,0,0,0,0.0,0.0,0.0,0.0,,,,,,,[],,495,204,491,204,485,203,495,204,0.0,0.0,0.0,0.0,0.0,0.0,236,144,214,38,495,204,398,150,0.0,0.0,0.0,MID,IPS,5.0
True,True,,,147675,0,0,0,0,0,0,4,1.4,,0,Chuba,0.0,320,False,,,50,147675.jpg,0.0,False,Akpom,0.5,False,,a,12,40,0,0,0,0,0,0.0,0.0,Akpom,,,,,False,p147675,0,0,0,0,0,0,0,0,0,0,0,0,0,0.0,0.0,0.0,0.0,0,0,0,0,0,0.0,0.0,0.0,0.0,,,,,,,[],,491,55,487,55,481,55,491,55,0.0,0.0,0.0,0.0,0.0,0.0,227,46,205,13,491,55,265,46,0.0,0.0,0.0,FWD,IPS,5.0
True,True,,,557012,0,0,0,0,0,0,4,1.0,,0,Sindre,0.0,321,False,,,45,557012.jpg,0.0,False,Walle Egeli,2.1,False,,a,12,40,0,0,0,0,0,0.0,0.0,Walle Egeli,,,,,False,p557012,0,0,0,0,0,0,0,0,0,0,0,0,0,0.0,0.0,0.0,0.0,0,0,0,0,0,0.0,0.0,0.0,0.0,,,,,,,[],,480,50,476,50,466,50,482,51,0.0,0.0,0.0,0.0,0.0,0.0,469,62,168,6,484,52,117,19,0.0,0.0,0.0,FWD,IPS,4.5
True,True,,,462387,0,0,0,0,0,0,4,1.4,,0,Ali,0.0,322,False,,,50,462387.jpg,0.0,False,Al-Hamadi,0.2,False,,a,12,40,0,0,0,0,0,0.0,0.0,Al-Hamadi,,,,,False,p462387,0,0,0,0,0,0,0,0,0,0,0,0,0,0.0,0.0,0.0,0.0,0,0,0,0,0,0.0,0.0,0.0,0.0,,,,,,,[],,513,59,511,59,508,59,513,59,0.0,0.0,0.0,0.0,0.0,0.0,297,51,275,18,513,59,341,60,0.0,0.0,0.0,FWD,IPS,5.0
True,True,,,461587,0,0,0,0,0,0,3,1.0,,0,Kasey,0.0,323,False,,,45,461587.jpg,0.0,False,McAteer,1.5,False,,a,12,40,0,0,0,0,0,0.0,0.0,McAteer,,,,,False,p461587,0,0,0,0,0,0,0,0,0,0,0,0,0,0.0,0.0,0.0,0.0,0,0,0,0,0,0.0,0.0,0.0,0.0,,,,,,,[],,464,190,457,192,443,186,466,191,0.0,0.0,0.0,0.0,0.0,0.0,434,229,133,8,469,193,124,39,0.0,0.0,0.0,MID,IPS,4.5
True,True,,,232457,0,0,0,0,0,0,3,1.5,,0,Anis,0.0,324,False,,,50,232457.jpg,0.0,False,Mehmeti,0.1,False,,a,12,40,0,0,0,0,0,0.0,0.0,Mehmeti,,,,,False,p232457,0,0,0,0,0,0,0,0,0,0,0,0,0,0.0,0.0,0.0,0.0,0,0,0,0,0,0.0,0.0,0.0,0.0,,,,,,,[],,505,209,501,209,498,208,505,209,0.0,0.0,0.0,0.0,0.0,0.0,272,162,250,56,505,209,453,178,0.0,0.0,0.0,MID,IPS,5.0
True,True,,,546600,0,0,0,0,0,0,1,2.0,,0,Kayne,0.0,554,False,,,45,546600.jpg,0.0,False,van Oevelen,0.1,False,,a,12,40,0,0,0,0,0,0.0,0.0,Van Oevelen,,152.0,2026-07-21,2003-08-07,False,p546600,0,0,0,0,0,0,0,0,0,0,0,0,0,0.0,0.0,0.0,0.0,0,0,0,0,0,0.0,0.0,0.0,0.0,,,,,,,[],,474,57,470,51,460,45,476,57,0.0,0.0,0.0,0.0,0.0,0.0,461,39,160,41,479,57,369,42,0.0,0.0,0.0,GK,IPS,4.5
True,True,,,442967,0,0,0,0,0,0,3,0.0,0.0,0,Daizen,0.0,562,0,,,55,442967.jpg,0.0,False,Maeda,0.5,False,,a,12,40,0,0,0,0,0,0.0,0.0,Maeda,0,0.0,0,0,0,0,0,0,0,0,0,0,0,0,0,0,0,0,0,0.0,0.0,0.0,0.0,0,0,0,0,0,0.0,0.0,0.0,0.0,0.0,0.0,0.0,0.0,0.0,0.0,0,0,0,0,0,0,0,0,0,0,0.0,0.0,0.0,0.0,0.0,0.0,0,0,0,0,0,0,0,0,0.0,0.0,0.0,MID,IPS,5.5
True,True,,,240514,0,0,0,0,0,0,1,0.0,0.0,0,Kjell,0.0,564,0,,,45,240514.jpg,0.0,False,Scherpen,0.4,False,,a,12,40,0,0,0,0,0,0.0,0.0,Scherpen,0,0.0,0,0,0,0,0,0,0,0,0,0,0,0,0,0,0,0,0,0.0,0.0,0.0,0.0,0,0,0,0,0,0.0,0.0,0.0,0.0,0.0,0.0,0.0,0.0,0.0,0.0,0,0,0,0,0,0,0,0,0,0,0.0,0.0,0.0,0.0,0.0,0.0,0,0,0,0,0,0,0,0,0.0,0.0,0.0,GK,IPS,4.5
True,True,,,216055,0,0,0,0,0,0,3,0.0,0.0,0,Florentino Ibrain,0.0,571,0,,,50,216055.jpg,0.0,False,Morris Luís,0.1,False,,a,12,40,0,0,0,0,0,0.0,0.0,Florentino,0,0.0,0,0,0,0,0,0,0,0,0,0,0,0,0,0,0,0,0,0.0,0.0,0.0,0.0,0,0,0,0,0,0.0,0.0,0.0,0.0,0.0,0.0,0.0,0.0,0.0,0.0,0,0,0,0,0,0,0,0,0,0,0.0,0.0,0.0,0.0,0.0,0.0,0,0,0,0,0,0,0,0,0.0,0.0,0.0,MID,IPS,5.0
True,True,,,153682,0,0,0,0,0,0,3,2.3,,0,Harry,0.0,260,False,,,65,153682.jpg,4.7,False,Wilson,7.9,False,,a,13,2,168,0,0,0,0,0.0,25.8,Wilson,,,,,False,p153682,2674,10,9,9,38,0,0,0,7,0,0,21,637,707.2,661.1,601.0,196.9,0,0,0,0,32,5.88,4.77,10.65,40.14,,,,,,,[],,46,12,28,27,31,17,24,20,0.2,0.0,0.16,0.36,1.35,1.28,33,21,506,209,20,9,48,17,1.08,0.3,0.0,MID,LEE,6.5
True,True,,,201595,0,0,0,0,0,0,1,2.0,,0,Lucas Estella,0.0,326,False,,,45,201595.jpg,2.7,False,Perri,0.7,False,,a,13,2,43,0,0,0,0,0.0,9.6,Perri,,,,,False,p201595,1440,0,0,3,29,0,0,0,2,0,38,3,153,322.4,0.0,0.0,32.2,0,0,0,0,16,0.0,0.0,0.0,26.68,,,,,,,[],,192,19,448,44,432,36,284,19,0.0,2.38,0.0,0.0,1.67,1.81,402,30,101,32,203,24,201,30,1.0,0.19,0.0,GK,LEE,4.5
True,True,,,434752,0,0,0,0,0,0,2,2.2,,0,Jaka,0.0,327,False,,,50,434752.jpg,4.0,False,Bijol,0.3,False,,a,13,2,99,0,0,0,0,0.0,19.8,Bijol,,,,,False,p434752,1888,1,3,5,26,0,0,0,4,0,0,6,323,531.8,84.5,243.0,86.0,0,0,0,0,21,0.9,0.75,1.65,31.48,,,,,,,[],,104,46,248,81,120,21,159,55,0.04,0.0,0.04,0.08,1.5,1.24,284,52,262,131,53,21,290,108,1.0,0.24,0.0,DEF,LEE,5.0
True,True,,,214225,0,0,0,0,0,0,2,1.7,,0,Joe,0.0,329,False,,,45,214225.jpg,3.1,False,Rodon,2.0,False,,a,13,2,109,0,0,0,0,0.0,24.2,Rodon,,,,,False,p214225,2952,2,0,6,53,0,0,0,3,0,0,5,373,707.2,137.3,242.0,109.1,0,0,0,0,33,1.4,0.56,1.96,48.54,,,,,,,[],,45,18,210,56,122,22,108,30,0.04,0.0,0.02,0.06,1.48,1.62,405,93,104,67,155,62,113,40,1.01,0.18,0.0,DEF,LEE,4.5
True,True,,,226182,0,0,0,0,0,0,2,1.7,,0,Jayden,0.0,330,False,,,45,226182.jpg,2.8,False,Bogle,0.5,False,,a,13,2,96,0,0,0,0,0.0,21.3,Bogle,,,,,False,p226182,2795,1,5,6,44,0,0,0,6,0,0,1,311,436.0,346.1,218.0,100.3,0,0,0,0,32,2.08,3.11,5.19,39.93,,,,,,,[],,139,57,103,25,141,30,128,37,0.07,0.0,0.1,0.17,1.29,1.42,412,99,111,73,190,78,274,100,1.03,0.19,0.0,DEF,LEE,4.5
True,True,0.0,,243526,0,0,0,0,0,0,2,1.7,,0,Gabriel,0.0,331,False,Hamstring injury - Expected back 30 Aug,2026-08-08T20:00:07.546568Z,45,243526.jpg,2.1,False,Gudmundsson,0.3,False,,i,13,2,68,0,0,0,0,0.0,15.1,Gudmundsson,,,,,False,p243526,2637,0,0,5,45,1,0,0,4,1,0,8,286,442.6,363.7,158.0,96.4,0,0,0,0,31,1.1,2.89,3.98,41.06,,,,,,,[],,134,56,93,23,189,51,138,46,0.04,0.0,0.1,0.14,1.4,1.54,422,107,121,81,275,105,241,85,1.06,0.17,0.0,DEF,LEE,4.5
True,True,,,220627,0,0,0,0,0,0,2,1.7,,0,James,0.0,332,False,,,45,220627.jpg,3.2,False,Justin,0.5,False,,a,13,2,94,0,0,0,0,0.0,20.9,Justin,,,,,False,p220627,1893,2,1,6,26,0,0,0,4,0,0,9,338,469.8,190.9,220.0,88.3,0,0,0,0,21,1.83,1.16,2.99,33.01,,,,,,,[],,124,51,177,43,137,29,151,49,0.09,0.0,0.06,0.15,1.57,1.24,408,96,107,70,140,54,253,91,1.0,0.29,0.0,DEF,LEE,4.5
True,True,,,437738,0,0,0,0,0,0,2,1.7,,0,Sebastiaan,0.0,333,False,,,45,437738.jpg,2.1,False,Bornauw,0.0,False,,a,13,2,25,0,0,0,0,0.0,5.6,Bornauw,,,,,False,p437738,429,0,0,2,5,0,0,0,1,0,0,0,73,98.6,6.3,19.0,12.2,0,0,0,0,5,0.2,0.01,0.21,8.71,,,,,,,[],,305,110,352,124,312,110,329,113,0.04,0.0,0.0,0.04,1.83,1.05,429,114,128,88,276,106,514,177,1.05,0.42,0.0,DEF,LEE,4.5
True,True,,,522047,0,0,0,0,0,0,2,2.2,,0,Tarik,0.0,334,False,,,50,522047.jpg,0.0,False,Muharemović,1.7,False,,a,13,2,0,0,0,0,0,0.0,0.0,Muharemović,,,,,False,p522047,0,0,0,0,0,0,0,0,0,0,0,0,0,0.0,0.0,0.0,0.0,0,0,0,0,0,0.0,0.0,0.0,0.0,,,,,,,[],,525,181,525,181,522,181,525,181,0.0,0.0,0.0,0.0,0.0,0.0,336,68,314,147,525,181,228,81,0.0,0.0,0.0,DEF,LEE,5.0
True,True,,,466525,0,0,0,0,0,0,3,2.1,,0,Anton,0.0,335,False,,,60,466525.jpg,4.7,False,Stach,1.1,False,,a,13,2,137,0,0,0,0,0.0,22.8,Stach,,,,,False,p466525,2369,5,6,7,36,0,0,0,3,0,0,14,550,650.0,921.4,315.0,188.8,0,0,0,0,28,2.88,4.47,7.35,34.05,4.0,,1.0,,,,[],,62,18,8,8,90,56,26,21,0.11,0.0,0.17,0.28,1.29,1.37,91,58,485,193,19,8,168,53,1.06,0.27,0.0,MID,LEE,6.0
True,True,,,435997,0,0,0,0,0,0,3,2.1,,0,Noah,0.0,336,False,,,60,435997.jpg,3.9,False,Okafor,0.7,False,,a,13,2,109,0,0,0,0,0.0,18.2,Okafor,,,,,False,p435997,1553,8,3,6,26,0,0,0,3,0,0,11,354,438.8,275.0,435.0,115.0,0,0,0,0,19,5.25,1.32,6.57,24.54,,,,,,,[],,135,48,131,89,52,31,96,55,0.3,0.0,0.08,0.38,1.42,1.51,79,51,473,186,67,30,197,64,1.1,0.35,0.0,MID,LEE,6.0
True,True,,,427637,0,0,0,0,0,0,3,2.0,,0,Brenden,0.0,337,False,,,55,427637.jpg,3.4,False,Aaronson,0.9,False,,a,13,2,126,0,0,0,0,0.0,22.9,Aaronson,,,,,False,p427637,2449,4,8,9,32,0,0,0,3,0,0,5,446,482.8,486.7,498.0,146.7,0,0,0,0,30,4.53,3.6,8.13,37.07,,,3.0,,,,[],,119,42,51,45,43,26,54,34,0.17,0.0,0.13,0.3,1.36,1.18,152,95,389,138,115,45,238,81,1.1,0.33,0.0,MID,LEE,5.5
True,True,,,199598,0,0,0,0,0,0,3,2.0,,0,Ethan,0.0,338,False,,,55,199598.jpg,3.8,False,Ampadu,1.6,False,,a,13,2,134,0,0,0,0,0.0,24.4,Ampadu,,,,,False,p199598,3119,1,4,8,49,0,0,0,10,0,0,11,586,592.2,384.8,166.0,114.7,0,0,0,0,35,2.47,2.2,4.67,48.66,,,,,,,[],,80,26,86,64,181,99,97,56,0.07,0.0,0.06,0.13,1.4,1.41,128,80,365,123,72,32,175,57,1.01,0.23,0.0,MID,LEE,5.5
True,True,,,180135,0,0,0,0,0,0,3,1.5,,0,Sean,0.0,339,False,,,50,180135.jpg,2.4,False,Longstaff,0.2,False,,a,13,2,56,0,0,0,0,0.0,11.2,Longstaff,,,,,False,p180135,1003,2,2,1,20,0,0,0,2,0,0,5,273,291.8,403.7,116.0,81.2,0,0,0,0,10,1.23,1.87,3.1,15.88,5.0,,2.0,,,,[],,203,90,74,56,220,120,171,83,0.11,0.0,0.17,0.28,1.42,1.79,239,145,217,39,244,97,388,146,0.9,0.09,0.0,MID,LEE,5.0
True,True,,,462635,0,0,0,0,0,0,3,1.5,,0,Joe,0.0,340,False,,,50,462635.jpg,0.0,False,Gelhardt,0.0,False,,a,13,2,0,0,0,0,0,0.0,0.0,Gelhardt,,,,,False,p462635,0,0,0,0,0,0,0,0,0,0,0,0,0,0.0,0.0,0.0,0.0,0,0,0,0,0,0.0,0.0,0.0,0.0,,,,,,,[],,514,215,512,215,509,214,514,215,0.0,0.0,0.0,0.0,0.0,0.0,298,175,276,69,514,215,484,195,0.0,0.0,0.0,MID,LEE,5.0
True,True,,,492859,0,0,0,0,0,0,3,1.5,,0,Wilfried,0.0,341,False,,,50,492859.jpg,1.4,False,Gnonto,0.1,False,,a,13,2,32,0,0,0,0,0.0,6.4,Gnonto,,,,,False,p492859,521,0,3,1,14,0,0,0,3,0,0,0,134,85.2,129.3,61.0,27.5,0,0,0,0,4,0.4,0.77,1.17,11.99,,,,,,,[],,313,142,218,135,270,145,294,141,0.07,0.0,0.13,0.2,2.07,2.42,318,185,296,79,336,150,437,167,0.69,0.17,0.0,MID,LEE,5.0
True,False,0.0,,221399,0,0,0,0,0,0,3,1.5,,0,Jack,0.0,342,False,Has joined New England Revolution permanently,2026-07-28T12:59:09.492431Z,50,221399.jpg,1.1,False,Harrison,0.0,False,,u,13,2,12,0,0,0,0,0.0,2.4,Harrison,,,,,False,p221399,262,0,0,0,5,0,0,0,0,0,0,0,51,30.0,49.4,35.0,11.5,0,0,0,0,1,0.28,0.23,0.51,3.82,,,,,,,[],,348,161,285,154,294,153,332,155,0.1,0.0,0.08,0.18,1.31,1.72,261,158,239,52,352,162,474,190,0.34,0.0,0.0,MID,LEE,5.0
True,True,,,200617,0,0,0,0,0,0,3,1.5,,0,Daniel,0.0,343,False,,,50,200617.jpg,1.2,False,James,0.1,False,,a,13,2,23,0,0,0,0,0.0,4.6,James,,,,,False,p200617,547,0,0,1,16,0,0,0,0,0,0,0,93,70.8,133.1,133.0,33.9,0,0,0,0,6,0.91,0.71,1.62,14.39,,,,,,,[],,321,146,214,133,203,113,281,137,0.15,0.0,0.12,0.27,2.37,2.63,242,148,220,42,348,160,435,165,0.99,0.16,0.0,MID,LEE,5.0
True,True,,,486520,0,0,0,0,0,0,3,1.5,,0,Ilia,0.0,344,False,,,50,486520.jpg,2.4,False,Gruev,0.0,False,,a,13,2,56,0,0,0,0,0.0,11.2,Gruev,,,,,False,p486520,1318,0,4,5,23,0,0,0,3,0,0,3,245,199.4,171.0,64.0,43.2,0,0,0,0,15,0.49,0.86,1.35,25.27,,,,,,,[],,252,114,186,122,266,142,263,126,0.03,0.0,0.06,0.09,1.73,1.57,308,179,286,73,247,100,518,215,1.02,0.34,0.0,MID,LEE,5.0
True,True,,,248056,0,0,0,0,0,0,3,1.5,,0,Tanaka,0.0,345,False,,,50,248056.jpg,2.4,False,Ao,0.3,False,,a,13,2,67,0,0,0,0,0.0,13.4,Tanaka,,,,,False,p248056,1307,2,1,3,22,0,0,0,1,0,0,4,288,224.2,307.6,104.0,63.6,0,0,0,0,14,1.44,1.39,2.83,21.49,6.0,,,,,,[],,236,106,120,83,228,123,214,109,0.1,0.0,0.1,0.2,1.48,1.51,279,167,257,61,246,99,323,115,0.96,0.21,0.0,MID,LEE,5.0
True,True,,,177815,0,0,0,0,0,0,4,2.0,,0,Dominic,0.0,346,False,,,60,177815.jpg,4.1,False,Calvert-Lewin,25.3,False,,a,13,2,142,0,0,0,0,0.0,23.7,Calvert-Lewin,,,,,False,p177815,2721,14,2,8,34,0,0,1,3,0,0,20,472,619.6,311.1,1026.0,194.7,0,0,0,0,30,15.57,1.06,16.62,35.74,,,,,1.0,,[],,69,5,117,8,5,4,25,5,0.51,0.0,0.04,0.55,1.18,1.12,63,16,457,46,47,6,20,5,0.99,0.26,0.0,FWD,LEE,6.0
True,True,,,174594,0,0,0,0,0,0,4,1.8,,0,Lukas,0.0,347,False,,,55,174594.jpg,2.4,False,Nmecha,0.6,False,,a,13,2,73,0,0,0,0,0.0,13.3,Nmecha,,,,,False,p174594,1065,6,1,3,23,0,0,1,0,0,0,8,268,290.4,153.5,434.0,87.8,0,0,0,0,10,7.25,1.58,8.83,21.84,,,,,2.0,,[],,207,19,202,22,54,20,152,20,0.61,0.0,0.13,0.74,1.85,1.94,122,31,359,28,250,26,231,39,0.85,0.25,0.0,FWD,LEE,5.5
True,True,,,235826,0,0,0,0,0,0,4,1.4,,0,Joël,0.0,348,False,,,50,235826.jpg,1.1,False,Piroe,0.5,False,,a,13,2,17,0,0,0,0,0.0,3.4,Piroe,,,,,False,p235826,244,0,0,1,9,0,0,0,0,0,0,0,42,13.6,38.1,120.0,16.5,0,0,0,0,2,0.9,0.13,1.03,6.81,,,,,3.0,,[],,362,40,300,38,216,37,319,39,0.33,0.0,0.05,0.38,2.51,3.32,275,50,253,17,353,41,255,44,0.74,0.37,0.0,FWD,LEE,5.0
True,True,0.0,,565297,0,0,0,0,0,0,4,1.0,,0,Mateo,0.0,349,False,Knee injury - Unknown return date,2026-07-29T18:00:10.338170Z,45,565297.jpg,0.0,False,Joseph Fernández-Regatillo,0.2,False,,i,13,2,0,0,0,0,0,0.0,0.0,Mateo Joseph,,,,,False,p565297,0,0,0,0,0,0,0,0,0,0,0,0,0,0.0,0.0,0.0,0.0,0,0,0,0,0,0.0,0.0,0.0,0.0,,,,,,,[],,481,51,477,51,467,51,483,52,0.0,0.0,0.0,0.0,0.0,0.0,470,63,169,7,485,53,245,41,0.0,0.0,0.0,FWD,LEE,4.5
True,True,,,432720,0,0,0,0,0,0,1,2.6,,0,James,0.0,385,False,,,50,432720.jpg,3.2,False,Trafford,2.4,False,,a,13,2,13,0,0,0,0,0.0,2.6,Trafford,,,,,False,p432720,360,0,0,1,6,0,0,0,0,0,14,0,67,118.0,0.0,0.0,11.9,0,0,0,0,4,0.0,0.0,0.0,5.74,,,,,,,[],,295,23,504,56,501,54,331,23,0.0,3.5,0.0,0.0,1.44,1.5,283,13,261,51,147,20,194,29,1.0,0.25,0.0,GK,LEE,5.0
True,True,,,116535,0,0,0,0,0,0,1,3.3,,0,Alisson,0.0,350,False,,,55,116535.jpg,3.5,False,Becker,4.0,False,,a,14,14,91,0,0,0,0,0.0,16.5,A.Becker,,,,,False,p116535,2340,0,0,8,31,0,0,0,1,0,57,8,389,479.8,0.1,0.0,47.8,0,0,0,0,26,0.0,0.03,0.03,29.58,,,,,,,[],,120,18,377,13,535,59,250,18,0.0,2.19,0.0,0.0,1.14,1.19,115,3,352,58,104,11,82,12,1.0,0.31,0.0,GK,LIV,5.5
True,True,,,449027,0,0,0,0,0,0,1,2.6,,0,Giorgi,0.0,351,False,,,50,449027.jpg,3.4,False,Mamardashvili,0.2,False,,a,14,14,34,0,0,0,0,0.0,6.8,Mamardashvili,,,,,False,p449027,867,0,0,2,18,0,1,0,0,0,34,2,139,275.6,0.0,0.0,27.5,0,0,0,0,10,0.0,0.0,0.0,13.29,,,,,,,[],,215,20,508,58,505,56,293,20,0.0,3.53,0.0,0.0,1.38,1.87,291,15,269,53,112,14,349,41,1.04,0.21,0.0,GK,LIV,5.0
True,True,,,155503,0,0,0,0,0,0,1,1.0,,0,Freddie,0.0,352,False,,,40,155503.jpg,2.0,False,Woodman,1.2,False,,a,14,14,6,0,0,0,0,0.0,1.5,Woodman,,,,,False,p155503,212,0,0,0,4,0,0,0,0,0,9,0,34,83.8,0.0,0.0,8.4,0,0,0,0,2,0.0,0.0,0.0,4.76,,,,,,,[],,314,25,388,21,369,12,344,25,0.0,3.82,0.0,0.0,2.02,1.7,504,48,13,8,281,27,178,26,0.85,0.0,0.0,GK,LIV,4.0
True,True,,,586268,0,0,0,0,0,0,1,1.0,,0,Armin,0.0,353,False,,,40,586268.jpg,0.0,False,Pecsi,0.1,False,,a,14,14,0,0,0,0,0,0.0,0.0,Pecsi,,,,,False,p586268,0,0,0,0,0,0,0,0,0,0,0,0,0,0.0,0.0,0.0,0.0,0,0,0,0,0,0.0,0.0,0.0,0.0,,,,,,,[],,446,49,432,33,414,24,448,49,0.0,0.0,0.0,0.0,0.0,0.0,553,60,62,20,451,49,430,53,0.0,0.0,0.0,GK,LIV,4.0
True,True,0.0,,432987,0,0,0,0,0,0,1,1.0,,0,Vitezslav,0.0,354,False,Knee injury - Unknown return date,2026-07-29T18:00:10.351066Z,40,432987.jpg,0.0,False,Jaros,0.0,False,,i,14,14,0,0,0,0,0,0.0,0.0,Jaros,,,,,False,p432987,0,0,0,0,0,0,0,0,0,0,0,0,0,0.0,0.0,0.0,0.0,0,0,0,0,0,0.0,0.0,0.0,0.0,,,,,,,[],,420,42,405,26,386,17,422,42,0.0,0.0,0.0,0.0,0.0,0.0,523,53,32,13,426,42,470,56,0.0,0.0,0.0,GK,LIV,4.0
True,True,,,464353,0,0,0,0,0,0,1,1.0,,0,Harvey,0.0,355,False,,,40,464353.jpg,0.0,False,Davies,0.1,False,,a,14,14,0,0,0,0,0,0.0,0.0,Davies,,,,,False,p464353,0,0,0,0,0,0,0,0,0,0,0,0,0,0.0,0.0,0.0,0.0,0,0,0,0,0,0.0,0.0,0.0,0.0,,,,,,,[],,430,45,415,29,396,20,432,45,0.0,0.0,0.0,0.0,0.0,0.0,533,56,42,16,436,45,409,50,0.0,0.0,0.0,GK,LIV,4.0
True,True,,,97032,0,0,0,0,0,0,2,3.1,,0,Virgil,0.0,356,False,,,65,97032.jpg,4.6,False,van Dijk,16.9,False,,a,14,14,175,0,0,0,0,0.0,26.9,Virgil,,,,,False,p97032,3420,6,1,10,53,0,0,0,4,0,0,10,593,1169.4,215.9,490.0,187.6,0,0,0,0,38,3.77,1.44,5.21,47.63,,,,,,,[],,3,1,154,38,44,2,27,1,0.1,0.0,0.04,0.14,1.25,1.39,31,2,504,181,24,9,26,10,1.0,0.26,0.0,DEF,LIV,6.5
True,True,,,216094,0,0,0,0,0,0,2,2.5,,0,Jeremie,0.0,357,False,,,55,216094.jpg,3.0,False,Frimpong,3.0,False,,a,14,14,63,0,0,0,0,0.0,11.5,Frimpong,,,,,False,p216094,1032,0,5,5,13,0,0,0,1,0,0,1,237,133.2,244.6,186.0,56.5,0,0,0,0,12,0.5,1.55,2.05,12.97,,,,,,,[],,287,103,139,33,166,46,231,72,0.04,0.0,0.14,0.18,1.13,1.13,139,15,376,157,172,72,105,37,1.05,0.44,0.0,DEF,LIV,5.5
True,True,,,544877,0,0,0,0,0,0,2,2.5,,0,Milos,0.0,358,False,,,55,544877.jpg,2.5,False,Kerkez,5.0,False,,a,14,14,85,0,0,0,0,0.0,15.5,Kerkez,,,,,False,p544877,2251,2,1,6,37,0,0,0,4,0,0,4,357,434.6,415.8,141.0,99.4,0,0,0,0,27,1.5,0.69,2.19,30.1,,,,,,,[],,141,58,69,16,197,54,131,40,0.06,0.0,0.03,0.09,1.2,1.48,196,29,433,171,237,97,62,23,1.08,0.24,0.0,DEF,LIV,5.5
True,True,0.0,,171287,0,0,0,0,0,0,2,2.2,,0,Joe,0.0,359,False,Muscular injury - Unknown return date,2026-07-26T08:30:10.078473Z,50,171287.jpg,1.6,False,Gomez,0.1,False,,i,14,14,33,0,0,0,0,0.0,6.6,Gomez,,,,,False,p171287,594,0,2,2,14,0,0,0,4,0,0,2,94,122.8,77.8,31.0,23.2,0,0,0,0,7,0.28,0.64,0.92,9.31,,,,,,,[],,291,105,259,86,298,101,305,104,0.04,0.0,0.1,0.14,1.41,2.12,235,38,213,117,321,117,333,116,1.06,0.3,0.0,DEF,LIV,5.0
True,True,0.0,,492777,0,0,0,0,0,0,2,0.0,,0,Conor,0.0,360,False,Knee injury - Unknown return date,2026-07-23T12:01:23.565711Z,50,492777.jpg,2.8,False,Bradley,0.0,False,,i,14,14,42,0,0,0,0,0.0,8.4,Bradley,,,,,False,p492777,928,0,2,4,13,0,0,0,5,0,0,2,157,157.4,105.2,62.0,32.3,0,0,0,0,12,0.18,0.84,1.02,10.77,,,,,,,[],,271,100,237,75,268,85,283,94,0.02,0.0,0.08,0.1,1.04,1.26,317,65,295,144,195,83,546,182,1.16,0.39,0.0,DEF,LIV,5.0
True,True,,,519440,0,0,0,0,0,0,2,1.0,,0,Wellity,0.0,361,False,,,40,519440.jpg,0.0,False,Lucky,0.1,False,,a,14,14,0,0,0,0,0,0.0,0.0,Lucky,,,,,False,p519440,0,0,0,0,0,0,0,0,0,0,0,0,0,0.0,0.0,0.0,0.0,0,0,0,0,0,0.0,0.0,0.0,0.0,,,,,,,[],,440,162,425,161,406,157,442,162,0.0,0.0,0.0,0.0,0.0,0.0,543,170,52,33,445,162,384,135,0.0,0.0,0.0,DEF,LIV,4.0
True,True,100.0,,606702,0,0,0,0,0,0,2,1.6,,0,Jeremy,0.0,362,False,,2026-07-23T12:01:23.581126Z,50,606702.jpg,0.0,False,Jacquet,1.2,False,,a,14,14,0,0,0,0,0,0.0,0.0,Jacquet,,,,,False,p606702,0,0,0,0,0,0,0,0,0,0,0,0,0,0.0,0.0,0.0,0.0,0,0,0,0,0,0.0,0.0,0.0,0.0,,,,,,,[],,531,182,531,182,529,182,531,182,0.0,0.0,0.0,0.0,0.0,0.0,356,70,334,149,531,182,136,53,0.0,0.0,0.0,DEF,LIV,5.0
True,True,0.0,,647681,0,0,0,0,0,0,2,0.0,,0,Giovanni,0.0,363,False,Knee injury - Unknown return date,2026-07-23T12:01:23.596909Z,40,647681.jpg,0.0,False,Leoni,0.1,False,,i,14,14,0,0,0,0,0,0.0,0.0,Leoni,,,,,False,p647681,0,0,0,0,0,0,0,0,0,0,0,0,0,0.0,0.0,0.0,0.0,0,0,0,0,0,0.0,0.0,0.0,0.0,,,,,,,[],https://www.liverpoolfc.com/news/liverpools-injury-list-suspensions-and-availability?utm_source=premier-league-web&utm_medium=referral&utm_campaign=pl-referral-always-on&utm_term=injuries&utm_content=club-injury-article,447,168,433,168,416,166,449,168,0.0,0.0,0.0,0.0,0.0,0.0,557,183,66,46,452,168,421,147,0.0,0.0,0.0,DEF,LIV,4.0
True,True,,,214285,0,0,0,0,0,0,2,2.2,,0,Kostas,0.0,364,False,,,50,214285.jpg,0.0,False,Tsimikas,0.1,False,,a,14,14,0,0,0,0,0,0.0,0.0,Tsimikas,,,,,False,p214285,0,0,0,0,0,0,0,0,0,0,0,0,0,0.0,0.0,0.0,0.0,0,0,0,0,0,0.0,0.0,0.0,0.0,,,,,,,[],,499,179,495,179,491,179,499,179,0.0,0.0,0.0,0.0,0.0,0.0,255,42,233,121,499,179,455,157,0.0,0.0,0.0,DEF,LIV,5.0
True,True,,,489580,0,0,0,0,0,0,2,1.0,,0,Calvin,0.0,365,False,,,40,489580.jpg,0.0,False,Ramsay,0.2,False,,a,14,14,0,0,0,0,0,0.0,0.0,Ramsay,,,,,False,p489580,0,0,0,0,0,0,0,0,0,0,0,0,0,0.0,0.0,0.0,0.0,0,0,0,0,0,0.0,0.0,0.0,0.0,,,,,,,[],,434,158,419,157,400,153,436,158,0.0,0.0,0.0,0.0,0.0,0.0,537,166,46,29,440,159,352,123,0.0,0.0,0.0,DEF,LIV,4.0
True,True,,,494595,0,0,0,0,0,0,3,2.6,,0,Florian,0.0,366,False,,,75,494595.jpg,3.8,False,Wirtz,14.6,False,,a,14,14,125,0,0,0,0,0.0,16.7,Wirtz,,,,,False,p494595,2374,5,4,10,32,0,0,0,1,0,0,17,521,526.4,908.2,665.0,210.0,0,0,0,0,27,6.83,5.14,11.96,33.99,6.0,,2.0,,4.0,,[],,107,35,10,10,25,12,16,12,0.26,0.0,0.19,0.45,1.29,1.21,20,12,544,238,75,34,38,12,1.02,0.38,0.0,MID,LIV,7.5
True,True,,,243298,0,0,0,0,0,0,3,2.4,,0,Cody,0.0,367,False,,,70,243298.jpg,3.6,False,Gakpo,3.3,False,,a,14,14,131,0,0,0,0,0.0,18.7,Gakpo,,,,,False,p243298,2736,7,5,10,39,0,0,0,3,0,0,5,449,540.4,714.7,831.0,208.4,0,0,0,0,32,8.35,4.67,13.02,34.94,5.0,,,,3.0,,[],,97,29,23,22,10,5,18,14,0.27,0.0,0.15,0.42,1.15,1.28,26,17,532,231,96,41,88,29,1.05,0.33,0.0,MID,LIV,7.0
True,True,,,424876,0,0,0,0,0,0,3,2.4,,0,Dominik,0.0,368,False,,,70,424876.jpg,4.4,False,Szoboszlai,43.1,False,,a,14,14,160,0,0,0,0,0.0,22.9,Szoboszlai,,,,,False,p424876,3232,6,7,9,52,0,0,1,8,1,0,21,780,867.8,1324.6,417.0,260.9,0,0,0,0,36,4.76,6.83,11.59,45.63,4.0,,1.0,,2.0,,[],,18,5,2,2,58,34,4,3,0.13,0.0,0.19,0.32,1.27,1.45,27,18,533,232,35,14,4,2,1.0,0.25,0.0,MID,LIV,7.0
True,True,,,611922,0,0,0,0,0,0,3,2.1,,0,Rio,0.0,369,False,,,60,611922.jpg,2.3,False,Ngumoha,1.4,False,,a,14,14,43,0,0,0,0,0.0,7.2,Ngumoha,,,,,False,p611922,547,2,1,2,12,0,0,0,0,0,0,4,188,176.0,222.8,203.0,60.1,0,0,0,0,5,1.34,2.01,3.35,8.92,,,,,,,[],,260,118,151,102,152,83,222,112,0.22,0.0,0.33,0.55,1.47,1.97,108,71,502,206,261,109,146,44,0.82,0.33,0.0,MID,LIV,6.0
True,True,,,223541,0,0,0,0,0,0,3,2.0,,0,Federico,0.0,370,False,,,55,223541.jpg,1.4,False,Chiesa,0.2,False,,a,14,14,37,0,0,0,0,0.0,6.7,Chiesa,,,,,False,p223541,317,2,1,0,9,0,0,0,3,0,0,0,135,122.0,47.5,182.0,34.9,0,0,0,0,1,1.45,0.61,2.06,6.5,,,,,,,[],,292,135,287,155,172,91,278,136,0.41,0.0,0.17,0.58,1.85,2.56,141,88,378,131,340,154,411,155,0.28,0.0,0.0,MID,LIV,5.5
True,True,,,441266,0,0,0,0,0,0,3,2.1,,0,Ryan,0.0,371,False,,,60,441266.jpg,4.0,False,Gravenberch,2.0,False,,a,14,14,144,0,0,0,0,0.0,24.0,Gravenberch,,,,,False,p441266,2991,5,5,9,42,0,0,0,5,0,0,17,671,687.0,497.2,220.0,140.1,0,0,0,0,34,1.89,2.26,4.15,38.41,,,,,,,[],,50,13,50,44,140,80,58,37,0.06,0.0,0.07,0.13,1.16,1.26,83,53,477,188,59,26,152,46,1.02,0.27,0.0,MID,LIV,6.0
True,True,,,243016,0,0,0,0,0,0,3,2.0,,0,Alexis,0.0,372,False,,,55,243016.jpg,2.9,False,Mac Allister,1.9,False,,a,14,14,108,0,0,0,0,0.0,19.6,Mac Allister,,,,,False,p243016,2654,2,5,7,41,0,0,0,7,0,0,9,490,475.4,562.2,365.0,139.9,0,0,0,0,31,3.89,1.69,5.58,36.97,,,,,5.0,,[],,123,44,40,37,73,44,59,38,0.13,0.0,0.06,0.19,1.25,1.39,147,92,384,135,184,69,137,42,1.05,0.24,0.0,MID,LIV,5.5
True,True,,,206915,0,0,0,0,0,0,3,2.0,,0,Curtis,0.0,373,False,,,55,206915.jpg,2.4,False,Jones,0.2,False,,a,14,14,81,0,0,0,0,0.0,14.7,C.Jones,,,,,False,p206915,1923,1,3,3,37,0,0,0,2,0,0,6,447,407.4,412.1,227.0,104.6,0,0,0,0,18,2.21,2.77,4.98,31.44,,,,,,,[],,149,57,72,54,134,77,119,67,0.1,0.0,0.13,0.23,1.47,1.73,134,83,371,126,251,103,414,158,0.84,0.14,0.0,MID,LIV,5.5
True,True,100.0,,158983,0,0,0,0,0,0,3,1.1,,0,Endo,0.0,374,False,,2026-07-23T12:01:23.612529Z,50,158983.jpg,1.5,False,Wataru,0.0,False,,a,14,14,12,0,0,0,0,0.0,2.4,Endo,,,,,False,p158983,170,0,1,1,5,0,0,0,1,0,0,0,49,56.0,18.1,6.0,8.0,0,0,0,0,1,0.04,0.05,0.09,4.11,,,,,,,[],https://www.liverpoolfc.com/news/liverpools-injury-list-suspensions-and-availability?utm_source=premier-league-web&utm_medium=referral&utm_campaign=pl-referral-always-on&utm_term=injuries&utm_content=club-injury-article,333,149,325,166,335,170,346,163,0.02,0.0,0.03,0.05,2.18,2.65,233,142,211,36,330,146,550,241,0.53,0.53,0.0,MID,LIV,5.0
True,True,,,591386,0,0,0,0,0,0,3,1.5,,0,Trey,0.0,375,False,,,50,591386.jpg,1.0,False,Nyoni,0.1,False,,a,14,14,6,0,0,0,0,0.0,1.2,Nyoni,,,,,False,p591386,21,0,0,0,1,0,0,0,0,0,0,0,11,4.2,13.4,4.0,2.1,0,0,0,0,0,0.37,0.02,0.39,0.85,,,,,,,[],,378,175,333,169,344,176,372,172,1.59,0.0,0.09,1.68,3.64,4.29,355,213,333,107,383,179,512,212,0.0,0.0,0.0,MID,LIV,5.0
True,True,0.0,,535928,0,0,0,0,0,0,3,0.0,,0,Stefan,0.0,376,False,Hamstring injury - Expected back 23 Aug,2026-07-23T12:01:23.628373Z,50,535928.jpg,0.0,False,Bajčetić Maquieira,0.0,False,,i,14,14,0,0,0,0,0,0.0,0.0,Bajcetic,,,,,False,p535928,0,0,0,0,0,0,0,0,0,0,0,0,0,0.0,0.0,0.0,0.0,0,0,0,0,0,0.0,0.0,0.0,0.0,,,,,,,[],https://www.liverpoolfc.com/news/liverpools-injury-list-suspensions-and-availability?utm_source=premier-league-web&utm_medium=referral&utm_campaign=pl-referral-always-on&utm_term=injuries&utm_content=club-injury-article,526,224,526,224,523,223,526,224,0.0,0.0,0.0,0.0,0.0,0.0,340,200,318,94,526,224,554,244,0.0,0.0,0.0,MID,LIV,5.0
True,True,,,551499,0,0,0,0,0,0,3,2.3,,0,Victor,0.0,377,False,,,65,551499.jpg,0.0,False,Munoz,0.8,False,,a,14,14,0,0,0,0,0,0.0,0.0,Munoz,,,,,False,p551499,0,0,0,0,0,0,0,0,0,0,0,0,0,0.0,0.0,0.0,0.0,0,0,0,0,0,0.0,0.0,0.0,0.0,,,,,,,[],,557,245,557,245,557,245,557,245,0.0,0.0,0.0,0.0,0.0,0.0,54,38,527,226,557,245,199,65,0.0,0.0,0.0,MID,LIV,6.5
True,True,,,491501,0,0,0,0,0,0,3,1.0,,0,James,0.0,378,False,,,45,491501.jpg,0.0,False,McConnell,0.2,False,,a,14,14,0,0,0,0,0,0.0,0.0,McConnell,,,,,False,p491501,0,0,0,0,0,0,0,0,0,0,0,0,0,0.0,0.0,0.0,0.0,0,0,0,0,0,0.0,0.0,0.0,0.0,,,,,,,[],,468,193,462,195,449,189,470,194,0.0,0.0,0.0,0.0,0.0,0.0,448,233,147,12,473,196,363,135,0.0,0.0,0.0,MID,LIV,4.5
True,True,,,219168,0,0,0,0,0,0,4,2.7,,0,Alexander,0.0,379,False,,,90,219168.jpg,2.9,False,Isak,13.7,False,,a,14,14,41,0,0,0,0,0.0,4.6,Isak,,,,,False,p219168,694,3,1,1,9,0,0,0,0,0,0,4,140,146.4,39.2,191.0,36.9,0,0,0,0,8,2.59,0.08,2.67,8.38,,,,,1.0,,[],,277,28,299,37,162,33,273,34,0.34,0.0,0.01,0.35,1.09,1.17,5,2,554,67,188,18,37,8,1.04,0.13,0.0,FWD,LIV,9.0
True,True,0.0,,510663,0,0,0,0,0,0,4,0.0,,0,Hugo,0.0,380,False,Achilles injury - Unknown return date,2026-07-23T12:01:23.643771Z,75,510663.jpg,4.5,False,Ekitiké,0.2,False,,i,14,14,125,0,0,0,0,0.0,16.7,Ekitiké,,,,,False,p510663,1797,11,4,7,25,0,0,0,0,0,0,22,433,525.8,307.2,739.0,156.2,0,0,0,0,21,10.1,2.45,12.55,26.11,,,,,,,[],,109,10,121,10,21,12,47,9,0.51,0.0,0.12,0.63,1.31,1.25,21,8,545,64,28,4,368,61,1.05,0.35,0.0,FWD,LIV,7.5
True,True,,,514514,0,0,0,0,0,0,3,1.5,,0,Lewis,0.0,381,False,,,50,514514.jpg,0.0,False,Koumas,0.0,False,,a,14,14,0,0,0,0,0,0.0,0.0,Koumas,,,,,False,p514514,0,0,0,0,0,0,0,0,0,0,0,0,0,0.0,0.0,0.0,0.0,0,0,0,0,0,0.0,0.0,0.0,0.0,,,,,,,[],,524,223,524,223,521,222,524,223,0.0,0.0,0.0,0.0,0.0,0.0,334,195,312,89,524,223,530,227,0.0,0.0,0.0,MID,LIV,5.0
True,True,0.0,,500058,0,0,0,0,0,0,4,0.8,,0,Jayden,0.0,382,False,Unspecified injury - Unknown return date,2026-07-23T12:01:23.659279Z,45,500058.jpg,0.0,False,Danns,0.0,False,,i,14,14,0,0,0,0,0,0.0,0.0,Danns,,,,,False,p500058,0,0,0,0,0,0,0,0,0,0,0,0,0,0.0,0.0,0.0,0.0,0,0,0,0,0,0.0,0.0,0.0,0.0,,,,,,,[],https://www.liverpoolfc.com/news/liverpools-injury-list-suspensions-and-availability?utm_source=premier-league-web&utm_medium=referral&utm_campaign=pl-referral-always-on&utm_term=injuries&utm_content=club-injury-article,470,46,464,46,452,46,472,47,0.0,0.0,0.0,0.0,0.0,0.0,451,58,150,2,475,48,481,65,0.0,0.0,0.0,FWD,LIV,4.5
True,True,,,444884,0,0,0,0,0,0,3,2.0,,0,Harvey,0.0,383,False,,,55,444884.jpg,1.0,False,Elliott,0.1,False,,a,14,14,5,0,0,0,0,0.0,0.9,Elliott,,,,,False,p444884,110,0,0,0,2,0,0,0,0,0,0,0,17,11.8,31.7,31.0,7.4,0,0,0,0,1,0.29,0.08,0.37,1.74,,,,,,,[],,368,168,309,162,299,155,352,165,0.24,0.0,0.07,0.31,1.42,1.64,162,102,399,145,387,183,441,170,0.82,0.0,0.0,MID,LIV,5.5
True,True,,,445087,0,0,0,0,0,0,2,0.0,0.0,0,Ronald,0.0,579,0,,,55,445087.jpg,0.0,False,Araujo,0.5,False,,a,14,14,0,0,0,0,0,0.0,0.0,Araujo,0,0.0,0,0,0,0,0,0,0,0,0,0,0,0,0,0,0,0,0,0.0,0.0,0.0,0.0,0,0,0,0,0,0.0,0.0,0.0,0.0,0.0,0.0,0.0,0.0,0.0,0.0,0,0,0,0,0,0,0,0,0,0,0.0,0.0,0.0,0.0,0.0,0.0,0,0,0,0,0,0,0,0,0.0,0.0,0.0,DEF,LIV,5.5
True,True,75.0,,114283,0,0,0,0,0,0,3,2.3,,0,Jack,0.0,238,False,Foot injury - 75% chance of playing,2026-07-29T10:00:10.492904Z,65,114283.jpg,4.0,False,Grealish,0.1,False,,d,15,43,79,0,0,0,0,0.0,12.2,Grealish,,,,,False,p114283,1627,2,6,7,23,0,0,0,3,1,0,12,356,374.2,520.5,397.0,129.2,0,0,0,0,18,2.05,3.37,5.41,25.81,,,,,,,[],,162,64,46,42,68,41,75,46,0.11,0.0,0.19,0.3,1.43,1.27,32,20,505,208,60,27,302,100,1.0,0.39,0.0,MID,MCI,6.5
True,True,,,204936,0,0,0,0,0,0,1,3.3,,0,Gianluigi,0.0,384,False,,,55,204936.jpg,4.0,False,Donnarumma,11.1,False,,a,15,43,135,0,0,0,0,0.0,24.5,Donnarumma,,,,,False,p204936,3060,0,0,15,29,0,1,0,8,0,78,5,567,666.6,10.3,2.0,68.0,0,0,0,0,34,0.0,0.13,0.13,38.5,,,,,,,[],,56,14,338,7,358,4,204,14,0.0,2.29,0.0,0.0,1.13,0.85,132,4,369,59,55,4,43,6,1.0,0.44,0.0,GK,MCI,5.5
True,True,,,122074,0,0,0,0,0,0,1,2.0,,0,Marcus,0.0,386,False,,,45,122074.jpg,0.0,False,Bettinelli,0.0,False,,a,15,43,0,0,0,0,0,0.0,0.0,Bettinelli,,,,,False,p122074,0,0,0,0,0,0,0,0,0,0,0,0,0,0.0,0.0,0.0,0.0,0,0,0,0,0,0.0,0.0,0.0,0.0,,,,,,,[],,455,54,445,42,428,33,457,54,0.0,0.0,0.0,0.0,0.0,0.0,385,27,84,29,460,54,494,60,0.0,0.0,0.0,GK,MCI,4.5
True,True,,,472769,0,0,0,0,0,0,2,3.1,,0,Nico,0.0,387,False,,,65,472769.jpg,4.7,False,O'Reilly,22.2,False,,a,15,43,160,0,0,0,0,0.0,24.6,O'Reilly,,,,,False,p472769,2643,5,4,14,25,0,0,0,5,0,0,10,567,653.8,413.9,573.0,164.1,0,0,0,0,29,6.12,2.67,8.79,34.97,,,,,,,[],,61,26,70,17,36,1,40,6,0.21,0.0,0.09,0.3,1.19,0.85,49,4,522,183,22,7,8,2,0.99,0.48,0.0,DEF,MCI,6.5
True,True,,,209036,0,0,0,0,0,0,2,2.8,,0,Marc,0.0,388,False,,,60,209036.jpg,5.1,False,Guéhi,22.7,False,,a,15,43,179,0,0,0,0,0.0,29.8,Guéhi,,,,,False,p209036,3150,3,5,14,35,0,0,0,6,0,0,14,688,901.6,304.6,402.0,160.9,0,0,0,0,35,4.05,2.37,6.42,44.58,,,,,,,[],,13,5,125,29,65,6,44,8,0.12,0.0,0.07,0.19,1.27,1.0,69,6,463,176,8,2,7,1,1.0,0.4,0.0,DEF,MCI,6.0
True,True,,,465351,0,0,0,0,0,0,2,2.8,,0,Matheus,0.0,389,False,,,60,465351.jpg,4.5,False,Nunes,4.6,False,,a,15,43,154,0,0,0,0,0.0,25.7,Matheus N.,,,,,False,p465351,2861,1,8,12,28,0,0,0,5,0,0,16,676,696.0,545.0,131.0,137.6,0,0,0,0,32,0.34,2.23,2.57,34.89,,,,,5.0,,[],,48,20,42,4,205,55,66,12,0.01,0.0,0.07,0.08,1.1,0.88,90,10,484,180,26,10,66,26,1.01,0.38,0.0,DEF,MCI,6.0
True,True,,,171314,0,0,0,0,0,0,2,2.5,,0,Rúben,0.0,390,False,,,55,171314.jpg,4.3,False,dos Santos Gato Alves Dias,1.6,False,,a,15,43,113,0,0,0,0,0.0,20.5,Rúben,,,,,False,p171314,2139,2,0,12,22,0,0,0,3,0,0,4,453,560.8,152.2,96.0,81.0,0,0,0,0,24,0.57,0.65,1.22,26.07,,,,,,,[],,89,38,205,53,237,73,172,60,0.02,0.0,0.03,0.05,1.1,0.93,120,11,357,153,38,14,173,65,1.01,0.5,0.0,DEF,MCI,5.5
True,True,,,477424,0,0,0,0,0,0,2,2.5,,0,Joško,0.0,391,False,,,55,477424.jpg,4.4,False,Gvardiol,13.7,False,,a,15,43,79,0,0,0,0,0.0,14.4,Gvardiol,,,,,False,p477424,1370,2,2,6,13,0,0,0,2,0,0,5,303,369.0,109.5,218.0,69.8,0,0,0,0,16,2.25,0.7,2.95,16.05,,,,,,,[],,165,69,232,71,143,32,200,67,0.15,0.0,0.05,0.2,1.05,0.85,176,25,413,167,31,11,65,25,1.05,0.39,0.0,DEF,MCI,5.5
True,True,,,448514,0,0,0,0,0,0,2,2.5,,0,Rayan,0.0,392,False,,,55,448514.jpg,3.5,False,Aït-Nouri,1.2,False,,a,15,43,60,0,0,0,0,0.0,10.9,Aït-Nouri,,,,,False,p448514,971,0,2,5,8,0,0,0,2,0,0,9,237,195.6,216.4,90.0,50.2,0,0,0,0,12,0.53,2.01,2.54,12.25,,,,,,,[],,254,95,153,37,244,75,244,78,0.05,0.0,0.19,0.24,1.14,0.74,165,22,402,164,106,44,198,71,1.11,0.46,0.0,DEF,MCI,5.5
True,True,,,578153,0,0,0,0,0,0,2,2.5,,0,Abdukodir,0.0,393,False,,,55,578153.jpg,3.2,False,Khusanov,2.0,False,,a,15,43,67,0,0,0,0,0.0,12.2,Khusanov,,,,,False,p578153,1427,0,0,6,13,0,0,0,2,0,0,3,293,299.0,112.2,26.0,43.9,0,0,0,0,15,0.65,1.21,1.86,20.89,,,,,,,[],,202,76,230,69,305,105,261,86,0.04,0.0,0.08,0.12,1.32,0.82,206,31,443,173,151,60,130,52,0.95,0.38,0.0,DEF,MCI,5.5
True,True,,,494307,0,0,0,0,0,0,2,2.2,,0,Max,0.0,394,False,,,50,494307.jpg,2.5,False,Alleyne,0.0,False,,a,15,43,5,0,0,0,0,0.0,1.0,Alleyne,,,,,False,p494307,135,0,0,0,1,0,0,0,0,0,0,0,27,34.0,14.8,26.0,7.5,0,0,0,0,2,0.26,0.06,0.32,1.54,,,,,,,[],,345,120,330,116,304,104,349,119,0.17,0.0,0.04,0.21,1.03,0.67,319,66,297,145,232,96,500,170,1.33,0.0,0.0,DEF,MCI,5.0
True,True,,,477064,0,0,0,0,0,0,2,1.7,,0,Rico,0.0,395,False,,,45,477064.jpg,1.7,False,Lewis,0.2,False,,a,15,43,19,0,0,0,0,0.0,4.2,Lewis,,,,,False,p477064,401,0,1,1,7,0,0,0,2,0,0,2,72,70.8,112.5,55.0,23.8,0,0,0,0,4,0.19,1.39,1.58,6.81,,,,,,,[],,320,114,229,68,274,88,304,103,0.04,0.0,0.31,0.35,1.53,1.57,441,120,140,94,312,115,367,130,0.9,0.22,0.0,DEF,MCI,4.5
True,True,,,616222,0,0,0,0,0,0,2,1.7,,0,Vitor,0.0,396,False,,,45,616222.jpg,0.0,False,de Oliveira Nunes dos Reis,0.0,False,,a,15,43,0,0,0,0,0,0.0,0.0,Vitor Reis,,,,,False,p616222,0,0,0,0,0,0,0,0,0,0,0,0,0,0.0,0.0,0.0,0.0,0,0,0,0,0,0.0,0.0,0.0,0.0,,,,,,,[],,487,178,482,178,473,178,487,178,0.0,0.0,0.0,0.0,0.0,0.0,486,137,185,111,488,178,517,178,0.0,0.0,0.0,DEF,MCI,4.5
True,True,,,437730,0,0,0,0,0,0,3,2.9,,0,Antoine,0.0,397,False,,,85,437730.jpg,5.5,False,Semenyo,27.2,False,,a,15,43,202,0,0,0,0,0.0,23.8,Semenyo,,,,,False,p437730,3200,17,6,12,52,0,0,1,7,0,0,18,678,923.2,607.4,1047.0,257.7,0,0,0,0,37,11.1,3.12,14.21,47.67,,,,,3.0,,[],,10,2,32,31,4,1,5,4,0.31,0.0,0.09,0.4,1.34,1.46,6,4,553,243,5,2,15,5,1.04,0.34,0.0,MID,MCI,8.5
True,True,,,209244,0,0,0,0,0,0,3,2.4,,0,Phil,0.0,398,False,,,70,209244.jpg,4.0,False,Foden,6.3,False,,a,15,43,131,0,0,0,0,0.0,18.7,Foden,,,,,False,p209244,2078,7,5,11,19,0,0,0,4,0,0,13,563,583.2,918.8,520.0,201.9,0,0,0,0,23,6.03,4.76,10.79,27.38,4.0,,3.0,,,,[],,81,27,9,9,40,24,23,19,0.26,0.0,0.21,0.47,1.19,0.82,25,16,531,230,61,28,75,25,1.0,0.48,0.0,MID,MCI,7.0
True,True,,,466052,0,0,0,0,0,0,3,2.6,,0,Rayan,0.0,399,False,,,75,466052.jpg,4.1,False,Cherki,8.9,False,,a,15,43,135,0,0,0,0,0.0,18.0,Cherki,,,,,False,p466052,1772,4,13,8,18,0,0,0,1,0,0,16,580,604.2,996.6,579.0,218.1,0,0,0,0,19,4.28,8.87,13.14,25.23,5.0,,1.0,,,,[],,73,23,5,5,34,20,13,10,0.22,0.0,0.45,0.67,1.28,0.91,18,11,542,237,49,23,47,16,0.97,0.41,0.0,MID,MCI,7.5
True,True,,,248875,0,0,0,0,0,0,3,2.6,,0,Jérémy,0.0,400,False,,,75,248875.jpg,4.0,False,Doku,6.4,False,,a,15,43,120,0,0,0,0,0.0,16.0,Doku,,,,,False,p248875,1773,5,8,8,18,0,0,0,0,0,0,15,526,540.2,841.6,645.0,202.5,0,0,0,0,19,2.87,5.86,8.73,23.2,,,,,4.0,,[],,98,30,13,12,27,13,21,17,0.15,0.0,0.3,0.45,1.18,0.91,17,10,541,236,62,29,59,20,0.96,0.41,0.0,MID,MCI,7.5
True,True,,,438234,0,0,0,0,0,0,4,2.2,,0,Omar,0.0,401,False,,,70,438234.jpg,2.7,False,Marmoush,0.8,False,,a,15,43,56,0,0,0,0,0.0,8.0,Marmoush,,,,,False,p438234,691,3,3,4,5,0,0,0,3,0,0,5,182,203.2,159.8,284.0,64.4,0,0,0,0,8,2.78,0.77,3.55,7.92,,,2.0,,2.0,,[],,250,24,195,20,106,26,211,22,0.36,0.0,0.1,0.46,1.03,0.65,28,9,534,59,216,23,252,43,1.04,0.52,0.0,FWD,MCI,7.0
True,True,0.0,,220566,0,0,0,0,0,0,3,0.0,,0,Rodrigo 'Rodri',0.0,402,False,Back injury - Unknown return date,2026-07-23T12:01:23.675537Z,65,220566.jpg,3.3,False,Hernandez Cascante,0.1,False,,i,15,43,69,0,0,0,0,0.0,10.6,Rodrigo,,,,,False,p220566,1510,1,1,5,15,0,0,0,3,0,0,6,350,358.0,421.5,122.0,90.3,0,0,0,0,17,1.15,2.45,3.6,20.74,,,,,,,[],,170,68,67,52,214,118,150,78,0.07,0.0,0.15,0.22,1.24,0.89,38,26,511,214,136,56,406,152,1.01,0.3,0.0,MID,MCI,6.5
True,True,,,510281,0,0,0,0,0,0,3,2.3,,0,Sávio,0.0,403,False,,,65,510281.jpg,1.8,False,Moreira de Oliveira,0.1,False,,a,15,43,43,0,0,0,0,0.0,6.6,Savinho,,,,,False,p510281,817,1,2,3,7,0,0,0,2,0,0,1,140,138.6,198.4,321.0,65.8,0,0,0,0,7,2.5,1.59,4.09,11.24,,,,,,,[],,286,132,171,113,88,55,209,106,0.28,0.0,0.18,0.46,1.24,0.77,51,36,524,224,310,135,457,181,0.77,0.33,0.0,MID,MCI,6.5
True,True,,,433036,0,0,0,0,0,0,3,2.1,,0,Tijjani,0.0,404,False,,,60,433036.jpg,3.3,False,Reijnders,0.4,False,,a,15,43,92,0,0,0,0,0.0,15.3,Reijnders,,,,,False,p433036,1623,5,3,7,18,0,0,0,2,0,0,6,337,340.0,347.8,435.0,111.2,0,0,0,0,19,4.61,2.35,6.96,18.82,6.0,,4.0,,,,[],,178,74,102,74,51,30,105,61,0.26,0.0,0.13,0.39,1.04,1.0,78,50,472,185,134,55,307,104,1.05,0.39,0.0,MID,MCI,6.0
True,True,,,465694,0,0,0,0,0,0,3,2.0,,0,Nico,0.0,405,False,,,55,465694.jpg,2.5,False,González Iglesias,0.1,False,,a,15,43,63,0,0,0,0,0.0,11.5,N.Gonzalez,,,,,False,p465694,1561,1,0,7,18,0,0,0,6,0,0,1,337,309.8,234.1,72.0,61.5,0,0,0,0,17,0.68,1.12,1.8,20.35,,,,,,,[],,197,86,147,99,259,137,219,110,0.04,0.0,0.06,0.1,1.17,1.04,172,105,409,148,236,92,467,186,0.98,0.4,0.0,MID,MCI,5.5
True,True,,,91651,0,0,0,0,0,0,3,2.0,,0,Mateo,0.0,406,False,,,55,91651.jpg,1.5,False,Kovačić,0.0,False,,a,15,43,9,0,0,0,0,0.0,1.6,Kovačić,,,,,False,p91651,125,0,1,0,3,0,0,0,0,0,0,0,41,46.0,65.5,3.0,11.5,0,0,0,0,1,0.13,0.42,0.55,4.0,,,,,,,[],,335,151,270,149,345,177,333,156,0.09,0.0,0.3,0.39,2.88,2.16,113,75,350,118,331,147,509,210,0.72,0.0,0.0,MID,MCI,5.5
True,True,,,575204,0,0,0,0,0,0,3,1.5,,0,Claudio,0.0,407,False,,,50,575204.jpg,0.0,False,Echeverri,0.0,False,,a,15,43,0,0,0,0,0,0.0,0.0,Echeverri,,,,,False,p575204,0,0,0,0,0,0,0,0,0,0,0,0,0,0.0,0.0,0.0,0.0,0,0,0,0,0,0.0,0.0,0.0,0.0,,,,,,,[],,530,227,530,227,528,227,530,227,0.0,0.0,0.0,0.0,0.0,0.0,352,210,330,104,530,227,529,226,0.0,0.0,0.0,MID,MCI,5.0
True,True,,,155405,0,0,0,0,0,0,3,1.5,,0,Kalvin,0.0,408,False,,,50,155405.jpg,0.0,False,Phillips,0.0,False,,a,15,43,0,0,0,0,0,0.0,0.0,Phillips,,,,,False,p155405,0,0,0,0,0,0,0,0,0,0,0,0,0,0.0,0.0,0.0,0.0,0,0,0,0,0,0.0,0.0,0.0,0.0,,,,,,,[],,493,202,489,202,483,201,493,202,0.0,0.0,0.0,0.0,0.0,0.0,230,139,208,33,493,202,521,218,0.0,0.0,0.0,MID,MCI,5.0
True,True,,,590039,0,0,0,0,0,0,3,1.0,,0,Divine,0.0,409,False,,,45,590039.jpg,1.0,False,Mukasa,0.1,False,,a,15,43,2,0,0,0,0,0.0,0.4,Mukasa,,,,,False,p590039,25,0,0,0,0,0,0,0,0,0,0,0,5,4.2,28.3,4.0,3.7,0,0,0,0,0,0.0,0.21,0.21,0.34,,,,,,,[],,377,174,313,163,341,173,364,170,0.0,0.0,0.76,0.76,1.22,0.0,479,241,178,20,372,170,413,157,0.0,0.0,0.0,MID,MCI,4.5
True,True,,,649208,0,0,0,0,0,0,3,1.5,,0,Jeremy,0.0,410,False,,,50,649208.jpg,0.0,False,Monga,0.0,False,,a,15,43,0,0,0,0,0,0.0,0.0,Monga,,,,,False,p649208,0,0,0,0,0,0,0,0,0,0,0,0,0,0.0,0.0,0.0,0.0,0,0,0,0,0,0.0,0.0,0.0,0.0,,,,,,,[],,534,229,534,229,532,229,534,229,0.0,0.0,0.0,0.0,0.0,0.0,363,218,341,112,534,229,523,220,0.0,0.0,0.0,MID,MCI,5.0
True,True,,,223094,0,0,0,0,0,0,4,4.0,,0,Erling,0.0,411,False,,,155,223094.jpg,6.8,False,Haaland,73.5,False,,a,15,43,239,0,0,0,0,0.0,15.4,Haaland,,,,,False,p223094,2953,27,8,13,32,0,0,1,2,0,0,43,952,1180.4,320.1,1520.0,302.3,0,0,0,0,34,25.5,2.67,28.17,38.6,,,,,1.0,,[],,2,1,111,6,1,1,2,1,0.78,0.0,0.08,0.86,1.18,0.98,1,1,558,68,2,1,1,1,1.04,0.4,0.0,FWD,MCI,15.5
True,True,,,215379,0,0,0,0,0,0,3,2.3,,0,Elliot,0.0,481,False,,,65,215379.jpg,4.7,False,Anderson,11.2,False,,a,15,43,180,0,0,0,0,0.0,27.7,Anderson,,,,,False,p215379,3332,4,5,10,50,0,0,0,8,0,0,16,795,915.2,961.5,310.0,219.0,0,0,0,0,37,2.94,4.79,7.73,53.65,,,,,,,[],,11,3,6,6,95,60,12,9,0.08,0.0,0.13,0.21,1.45,1.35,36,24,509,212,21,10,39,13,1.0,0.27,0.0,MID,MCI,6.5
True,True,100.0,,166989,0,0,0,0,0,0,3,1.6,,0,Youri,0.0,43,False,,2026-07-23T12:01:23.321726Z,60,166989.jpg,2.7,False,Tielemans,1.6,False,,a,16,1,68,0,0,0,0,0.0,11.3,Tielemans,,,,,False,p166989,1857,0,4,4,27,0,0,0,0,0,0,3,417,432.0,513.6,184.0,113.1,0,0,0,0,21,1.14,3.26,4.4,31.34,,,,,3.0,,[],,143,54,48,43,170,89,102,59,0.06,0.0,0.16,0.22,1.52,1.31,62,41,456,176,215,84,192,62,1.02,0.19,0.0,MID,MUN,6.0
True,True,,,532605,0,0,0,0,0,0,3,1.5,,0,Andrey,0.0,162,False,,,50,532605.jpg,1.7,False,Nascimento dos Santos,1.3,False,,a,16,1,47,0,0,0,0,0.0,9.4,Andrey Santos,,,,,False,p532605,1247,1,0,1,18,0,0,0,4,0,0,3,257,229.6,153.9,91.0,47.5,0,0,0,0,13,2.0,0.88,2.88,18.91,,,,,,,[],,233,103,200,128,241,129,251,124,0.14,0.0,0.06,0.2,1.36,1.3,337,197,315,91,316,139,157,49,0.94,0.07,0.0,MID,MUN,5.0
True,True,75.0,,59735,0,0,0,0,0,0,1,1.5,,0,Karl,0.0,325,False,Unspecified injury - 75% chance of playing,2026-07-23T12:01:23.549136Z,45,59735.jpg,3.2,False,Darlow,0.0,False,,d,16,1,71,0,0,0,0,0.0,15.8,Darlow,,,,,False,p59735,1980,0,0,5,27,0,0,0,1,0,63,3,334,531.4,0.0,0.0,53.4,0,0,0,0,22,0.0,0.05,0.05,28.36,,,,,,,[],,105,17,435,34,418,25,238,17,0.0,2.86,0.0,0.0,1.29,1.23,370,19,69,21,137,17,476,58,1.0,0.23,0.0,GK,MUN,4.5
True,True,,,465247,0,0,0,0,0,0,1,2.6,,0,Senne,0.0,412,False,,,50,465247.jpg,3.4,False,Lammens,19.6,False,,a,16,1,109,0,0,0,0,0.0,21.8,Lammens,,,,,False,p465247,2880,0,0,8,39,0,0,0,0,0,79,11,413,635.6,0.0,2.0,63.7,0,0,0,0,32,0.0,0.0,0.0,39.25,,,,,,,[],,66,15,513,59,355,2,213,15,0.0,2.47,0.0,0.0,1.23,1.22,299,16,277,54,113,15,16,3,1.0,0.25,0.0,GK,MUN,5.0
True,False,0.0,,451302,0,0,0,0,0,0,1,2.0,,0,Altay,0.0,413,False,Has joined Celta Vigo on loan for the rest of the season,2026-08-10T14:02:28.608415Z,45,451302.jpg,1.8,False,Bayındır,0.1,False,,u,16,1,11,0,0,0,0,0.0,2.4,Bayindir,,,,,False,p451302,540,0,0,0,11,0,0,0,0,0,13,0,49,118.4,10.0,0.0,12.8,0,0,0,0,6,0.0,0.05,0.05,9.24,,,,,,,[],,294,22,340,9,440,38,326,22,0.0,2.17,0.01,0.01,1.54,1.83,431,32,130,34,300,29,371,43,1.0,0.0,0.0,GK,MUN,4.5
True,True,,,21205,0,0,0,0,0,0,1,1.0,,0,Tom,0.0,414,False,,,40,21205.jpg,0.0,False,Heaton,0.3,False,,a,16,1,0,0,0,0,0,0.0,0.0,Heaton,,,,,False,p21205,0,0,0,0,0,0,0,0,0,0,0,0,0,0.0,0.0,0.0,0.0,0,0,0,0,0,0.0,0.0,0.0,0.0,,,,,,,[],,395,32,378,14,359,5,397,32,0.0,0.0,0.0,0.0,0.0,0.0,492,41,1,1,401,32,322,37,0.0,0.0,0.0,GK,MUN,4.0
True,True,,,596777,0,0,0,0,0,0,3,2.1,,0,Patrick,0.0,415,False,,,60,596777.jpg,3.7,False,Dorgu,1.5,False,,a,16,1,95,0,0,0,0,0.0,15.8,Dorgu,,,,,False,p596777,1440,4,4,4,20,0,0,0,5,0,0,11,321,469.0,394.2,341.0,120.3,0,0,0,0,15,2.39,1.84,4.23,19.61,,,,,,,[],,125,45,80,59,80,49,89,52,0.15,0.0,0.12,0.27,1.23,1.25,106,69,500,204,82,36,131,40,0.94,0.25,0.0,MID,MUN,6.0
True,True,0.0,,209365,0,0,0,0,0,0,2,0.0,,0,Matthijs,0.0,416,False,Back injury - Unknown return date,2026-07-23T12:01:23.690880Z,50,209365.jpg,3.3,False,de Ligt,0.0,False,,i,16,1,43,0,0,0,0,0.0,8.6,De Ligt,,,,,False,p209365,1170,1,0,1,20,0,0,0,0,0,0,5,169,276.6,60.2,122.0,45.7,0,0,0,0,13,1.38,0.83,2.21,18.73,,,,,,,[],https://www.manutd.com/en/news/carrick-reveals-team-news-for-final-day-v-brighton-24-may-2026?utm_source=premier-league-web&utm_medium=referral&utm_campaign=pl-referral-always-on&utm_term=injuries&utm_content=club-injury-article,214,82,275,93,213,60,259,84,0.11,0.0,0.06,0.17,1.44,1.54,250,41,228,120,127,49,542,180,1.0,0.08,0.0,DEF,MUN,5.0
True,True,,,216051,0,0,0,0,0,0,2,2.2,,0,Diogo,0.0,417,False,,,50,216051.jpg,3.3,False,Dalot Teixeira,3.1,False,,a,16,1,111,0,0,0,0,0.0,22.2,Dalot,,,,,False,p216051,2609,1,6,7,40,0,0,0,5,0,0,9,414,535.8,458.5,202.0,119.6,0,0,0,0,29,1.93,2.57,4.5,36.57,,,,,,,[],,102,45,57,10,153,38,90,24,0.07,0.0,0.09,0.16,1.26,1.38,258,44,236,123,128,50,95,36,1.0,0.24,0.0,DEF,MUN,5.0
True,True,,,95658,0,0,0,0,0,0,2,2.2,,0,Harry,0.0,418,False,,,50,95658.jpg,3.9,False,Maguire,9.8,False,,a,16,1,90,0,0,0,0,0.0,18.0,Maguire,,,,,False,p95658,1649,1,2,7,20,0,0,0,3,1,0,5,315,381.6,62.5,184.0,63.0,0,0,0,0,19,1.12,0.5,1.62,22.95,,,,,,,[],,158,64,273,92,169,48,215,69,0.06,0.0,0.03,0.09,1.25,1.09,218,34,196,113,63,24,63,24,1.04,0.38,0.0,DEF,MUN,5.0
True,True,75.0,,221820,0,0,0,0,0,0,2,1.6,,0,Lisandro,0.0,419,False,Thigh injury - 75% chance of playing,2026-07-24T20:00:10.337107Z,50,221820.jpg,2.8,False,Martínez,0.5,False,,d,16,1,51,0,0,0,0,0.0,10.2,Martinez,,,,,False,p221820,1229,0,0,5,15,1,0,0,0,1,0,3,241,302.8,94.9,19.0,42.0,0,0,0,0,13,0.15,0.6,0.75,15.22,,,,,,,[],https://www.manutd.com/en/news/martinez-and-argentina-lose-out-in-world-cup-final?utm_source=chatgpt.com,201,75,241,78,313,111,264,88,0.01,0.0,0.04,0.05,1.11,1.1,263,47,241,126,193,81,128,50,0.95,0.37,0.0,DEF,MUN,5.0
True,True,,,550864,0,0,0,0,0,0,2,2.2,,0,Leny,0.0,420,False,,,50,550864.jpg,1.8,False,Yoro,0.8,False,,a,16,1,56,0,0,0,0,0.0,11.2,Yoro,,,,,False,p550864,1730,0,1,2,33,0,0,0,1,0,0,1,191,327.0,83.1,124.0,53.2,0,0,0,0,18,1.34,0.59,1.93,26.83,,,,,,,[],,188,73,251,82,211,59,239,75,0.07,0.0,0.03,0.1,1.4,1.72,349,69,327,148,306,113,259,94,0.94,0.1,0.0,DEF,MUN,5.0
True,True,,,606745,0,0,0,0,0,0,2,1.7,,0,Ayden,0.0,421,False,,,45,606745.jpg,2.5,False,Heaven,0.3,False,,a,16,1,42,0,0,0,0,0.0,9.3,Heaven,,,,,False,p606745,920,0,1,2,15,1,0,0,2,0,0,3,164,233.6,32.0,26.0,29.1,0,0,0,0,11,0.34,0.18,0.52,11.95,,,,,,,[],,231,87,307,105,303,103,292,99,0.03,0.0,0.02,0.05,1.17,1.47,484,135,183,109,230,94,286,105,1.08,0.2,0.0,DEF,MUN,4.5
True,True,,,230001,0,0,0,0,0,0,2,1.7,,0,Noussair,0.0,422,False,,,45,230001.jpg,2.6,False,Mazraoui,0.8,False,,a,16,1,53,0,0,0,0,0.0,11.8,Mazraoui,,,,,False,p230001,977,0,0,5,10,0,0,0,3,0,0,6,233,209.0,122.4,37.0,36.8,0,0,0,0,11,0.19,0.35,0.53,12.99,,,,,,,[],,244,93,224,64,289,96,274,90,0.02,0.0,0.03,0.05,1.2,0.92,413,100,112,74,218,87,211,75,1.01,0.46,0.0,DEF,MUN,4.5
True,True,,,106760,0,0,0,0,0,0,2,1.7,,0,Luke,0.0,423,False,,,45,106760.jpg,3.0,False,Shaw,24.3,False,,a,16,1,113,0,0,0,0,0.0,25.1,Shaw,,,,,False,p106760,3220,1,1,10,45,0,0,0,9,0,0,3,449,560.2,314.8,97.0,97.4,0,0,0,0,38,0.72,1.98,2.69,44.9,,,,,,,[],,90,39,115,28,233,70,137,45,0.02,0.0,0.06,0.08,1.25,1.26,379,78,78,52,165,68,21,7,1.06,0.28,0.0,DEF,MUN,4.5
True,True,,,577974,0,0,0,0,0,0,2,1.0,,0,Harry,0.0,424,False,,,40,577974.jpg,0.0,False,Amass,0.2,False,,a,16,1,0,0,0,0,0,0.0,0.0,Amass,,,,,False,p577974,0,0,0,0,0,0,0,0,0,0,0,0,0,0.0,0.0,0.0,0.0,0,0,0,0,0,0.0,0.0,0.0,0.0,,,,,,,[],,444,166,430,166,412,163,446,166,0.0,0.0,0.0,0.0,0.0,0.0,551,178,60,41,449,166,351,122,0.0,0.0,0.0,DEF,MUN,4.0
True,True,,,547676,0,0,0,0,0,0,2,1.0,,0,Tyler,0.0,425,False,,,40,547676.jpg,1.0,False,Fredricson,0.1,False,,a,16,1,1,0,0,0,0,0.0,0.2,Fredricson,,,,,False,p547676,2,0,0,0,0,0,0,0,0,0,0,0,4,4.0,0.0,0.0,0.4,0,0,0,0,0,0.0,0.0,0.0,0.3,,,,,,,[],,379,131,428,164,409,160,390,132,0.0,0.0,0.0,0.0,13.5,0.0,547,174,56,37,358,123,449,155,0.0,0.0,0.0,DEF,MUN,4.0
True,True,,,141746,0,0,0,0,0,0,3,4.0,,0,Bruno,0.0,426,False,,,120,141746.jpg,6.7,False,Borges Fernandes,48.1,False,,a,16,1,235,0,0,0,0,0.0,19.6,B.Fernandes,,,,,False,p141746,3065,9,24,7,46,0,0,2,5,0,0,41,1008,1258.0,1938.5,614.0,381.4,0,0,0,0,35,10.79,12.28,23.07,44.42,4.0,,1.0,,1.0,,[],,1,1,1,1,29,15,1,1,0.32,0.0,0.36,0.68,1.3,1.35,2,1,557,246,3,1,2,1,1.03,0.21,0.0,MID,MUN,12.0
True,True,,,446008,0,0,0,0,0,0,3,2.8,,0,Bryan,0.0,427,False,,,80,446008.jpg,4.5,False,Mbeumo,26.0,False,,a,16,1,148,0,0,0,0,0.0,18.5,Mbeumo,,,,,False,p446008,2611,11,3,8,37,0,0,0,4,0,0,16,528,628.8,803.1,882.0,231.4,0,0,0,0,31,11.98,4.99,16.97,35.87,5.0,,2.0,,2.0,,[],,67,19,17,16,7,2,9,7,0.41,0.0,0.17,0.58,1.24,1.28,11,7,551,242,30,13,30,9,1.07,0.28,0.0,MID,MUN,8.0
True,True,,,430871,0,0,0,0,0,0,3,2.8,,0,Matheus,0.0,428,False,,,80,430871.jpg,4.3,False,Santos Carneiro da Cunha,12.3,False,,a,16,1,143,0,0,0,0,0.0,17.9,Cunha,,,,,False,p430871,2493,10,4,8,35,0,0,0,4,0,0,14,591,675.8,545.4,801.0,202.5,0,0,0,0,29,6.9,3.36,10.26,35.75,,,,,,,[],,54,15,41,38,17,8,22,18,0.25,0.0,0.12,0.37,1.29,1.26,10,6,550,241,40,17,28,8,1.05,0.29,0.0,MID,MUN,8.0
True,True,,,176297,0,0,0,0,0,0,3,2.4,,0,Marcus,0.0,429,False,,,70,176297.jpg,0.0,False,Rashford,1.5,False,,a,16,1,0,0,0,0,0,0.0,0.0,Rashford,,,,,False,p176297,0,0,0,0,0,0,0,0,0,0,0,0,0,0.0,0.0,0.0,0.0,0,0,0,0,0,0.0,0.0,0.0,0.0,,,,,,,[],,558,246,558,246,558,246,558,246,0.0,0.0,0.0,0.0,0.0,0.0,23,14,529,228,558,246,162,50,0.0,0.0,0.0,MID,MUN,7.0
True,True,,,184341,0,0,0,0,0,0,3,2.0,,0,Mason,0.0,430,False,,,55,184341.jpg,2.5,False,Mount,0.1,False,,a,16,1,58,0,0,0,0,0.0,10.5,Mount,,,,,False,p184341,1010,3,0,5,15,0,0,0,2,0,0,3,201,201.2,214.1,165.0,58.0,0,0,0,0,12,1.56,1.62,3.18,12.46,,,3.0,,,,[],,251,113,156,104,184,101,227,116,0.14,0.0,0.14,0.28,1.11,1.34,126,79,363,122,234,91,461,184,1.07,0.45,0.0,MID,MUN,5.5
True,True,,,493250,0,0,0,0,0,0,3,2.1,,0,Amad,0.0,431,False,,,60,493250.jpg,2.8,False,Diallo,1.7,False,,a,16,1,91,0,0,0,0,0.0,15.2,Amad,,,,,False,p493250,2339,2,5,6,33,0,0,0,2,0,0,7,463,436.6,596.1,600.0,163.5,0,0,0,0,27,5.46,4.74,10.2,31.69,6.0,,,,,,[],,138,51,35,34,33,19,41,28,0.21,0.0,0.18,0.39,1.22,1.27,96,61,490,196,200,76,165,52,1.04,0.23,0.0,MID,MUN,6.0
True,True,,,516895,0,0,0,0,0,0,3,2.0,,0,Kobbie,0.0,432,False,,,55,516895.jpg,2.6,False,Mainoo,1.2,False,,a,16,1,73,0,0,0,0,0.0,13.3,Mainoo,,,,,False,p516895,1653,1,2,6,22,0,0,0,2,0,0,2,340,365.0,360.1,94.0,82.1,0,0,0,0,16,0.48,1.27,1.75,22.88,,,,,,,[],,167,66,94,68,240,128,169,82,0.03,0.0,0.07,0.1,1.25,1.2,193,120,430,163,228,88,174,56,0.87,0.33,0.0,MID,MUN,5.5
True,True,0.0,,232112,0,0,0,0,0,0,3,0.0,,0,Manuel,0.0,433,False,Knee injury - Unknown return date,2026-07-23T12:01:23.706702Z,50,232112.jpg,1.7,False,Ugarte Ribeiro,0.0,False,,i,16,1,38,0,0,0,0,0.0,7.6,Ugarte,,,,,False,p232112,876,0,0,1,23,0,0,0,1,0,0,0,183,167.2,83.6,48.0,29.8,0,0,0,0,8,0.72,0.16,0.88,18.22,,,,,,,[],https://www.manutd.com/en/news/an-official-update-on-manuel-ugarte,263,119,250,141,278,148,289,140,0.07,0.0,0.02,0.09,1.87,2.36,271,161,249,55,314,137,552,242,0.82,0.1,0.0,MID,MUN,5.0
True,True,,,547037,0,0,0,0,0,0,3,1.5,,0,Jack,0.0,434,False,,,50,547037.jpg,1.0,False,Fletcher,0.0,False,,a,16,1,3,0,0,0,0,0.0,0.6,J.Fletcher,,,,,False,p547037,107,0,0,0,0,0,0,0,0,0,0,0,10,18.6,24.4,5.0,4.8,0,0,0,0,0,0.03,0.02,0.05,1.86,,,,,,,[],,358,165,316,164,339,172,360,167,0.03,0.0,0.02,0.05,1.56,0.0,346,206,324,100,381,177,534,230,0.0,0.0,0.0,MID,MUN,5.0
True,True,,,576628,0,0,0,0,0,0,3,1.5,,0,Shea,0.0,435,False,,,50,576628.jpg,1.0,False,Lacey,0.1,False,,a,16,1,3,0,0,0,0,0.0,0.6,Lacey,,,,,False,p576628,40,0,0,0,0,0,0,0,0,0,0,0,9,4.0,2.1,16.0,1.7,0,0,0,0,0,0.1,0.01,0.11,0.51,,,,,,,[],,381,177,366,182,318,161,375,174,0.22,0.0,0.02,0.24,1.15,0.0,353,211,331,105,382,178,496,204,0.0,0.0,0.0,MID,MUN,5.0
True,True,,,490881,0,0,0,0,0,0,3,1.5,,0,Toby,0.0,436,False,,,50,490881.jpg,0.0,False,Collyer,0.0,False,,a,16,1,0,0,0,0,0,0.0,0.0,Collyer,,,,,False,p490881,0,0,0,0,0,0,0,0,0,0,0,0,0,0.0,0.0,0.0,0.0,0,0,0,0,0,0.0,0.0,0.0,0.0,,,,,,,[],,519,219,518,219,514,218,519,219,0.0,0.0,0.0,0.0,0.0,0.0,315,184,293,78,519,219,525,222,0.0,0.0,0.0,MID,MUN,5.0
True,True,,,576620,0,0,0,0,0,0,3,1.0,,0,Bendito,0.0,437,False,,,45,576620.jpg,1.0,False,Mantato,0.2,False,,a,16,1,1,0,0,0,0,0.0,0.2,Bendito Mantato,,,,,False,p576620,15,0,0,0,0,0,0,0,0,0,0,0,3,2.2,11.7,0.0,1.4,0,0,0,0,0,0.0,0.01,0.01,0.05,,,,,,,[],,386,181,335,170,470,195,381,180,0.0,0.0,0.06,0.06,0.3,0.0,475,239,174,18,370,168,358,132,0.0,0.0,0.0,MID,MUN,4.5
True,True,,,519913,0,0,0,0,0,0,3,1.0,,0,Tyler,0.0,438,False,,,45,519913.jpg,1.0,False,Fletcher,0.3,False,,a,16,1,2,0,0,0,0,0.0,0.4,Fletcher,,,,,False,p519913,17,0,0,0,0,0,0,0,0,0,0,0,6,0.8,3.0,0.0,0.3,0,0,0,0,0,0.0,0.01,0.01,0.33,,,,,,,[],,391,183,360,178,458,192,391,183,0.0,0.0,0.05,0.05,1.75,0.0,459,236,158,15,366,166,319,113,0.0,0.0,0.0,MID,MUN,4.5
True,True,75.0,,485711,0,0,0,0,0,0,4,1.7,,0,Benjamin,0.0,439,False,Shin injury - 75% chance of playing,2026-07-23T12:01:23.722029Z,70,485711.jpg,3.7,False,Sesko,2.2,False,,d,16,1,111,0,0,0,0,0.0,15.9,Šeško,,,,,False,p485711,1630,11,2,2,30,0,0,0,2,0,0,19,405,483.8,156.1,803.0,143.4,0,0,0,0,17,9.21,0.28,9.48,27.05,,,,,,,[],https://www.manutd.com/en/news/carrick-reveals-team-news-for-final-day-v-brighton-24-may-2026?utm_source=premier-league-web&utm_medium=referral&utm_campaign=pl-referral-always-on&utm_term=injuries&utm_content=club-injury-article,118,11,199,21,16,9,56,12,0.51,0.0,0.02,0.53,1.49,1.66,30,10,536,60,84,8,99,15,0.94,0.11,0.0,FWD,MUN,7.0
True,True,,,458249,0,0,0,0,0,0,4,1.8,,0,Joshua,0.0,440,False,,,55,458249.jpg,1.8,False,Zirkzee,0.7,False,,a,16,1,42,0,0,0,0,0.0,7.6,Zirkzee,,,,,False,p458249,607,2,1,2,8,0,0,0,3,0,0,6,146,164.4,177.7,245.0,58.3,0,0,0,0,5,2.74,0.34,3.08,9.41,,,,,,,[],,268,26,185,17,117,30,225,25,0.41,0.0,0.05,0.46,1.4,1.19,167,37,404,34,307,31,271,49,0.74,0.3,0.0,FWD,MUN,5.5
True,True,,,596047,0,0,0,0,0,0,4,1.0,,0,Chido,0.0,441,False,,,45,596047.jpg,0.0,False,Obi,1.2,False,,a,16,1,0,0,0,0,0,0.0,0.0,Obi,,,,,False,p596047,0,0,0,0,0,0,0,0,0,0,0,0,0,0.0,0.0,0.0,0.0,0,0,0,0,0,0.0,0.0,0.0,0.0,,,,,,,[],,485,53,480,53,472,54,486,54,0.0,0.0,0.0,0.0,0.0,0.0,481,66,180,10,487,54,176,30,0.0,0.0,0.0,FWD,MUN,4.5
True,True,,,98747,0,0,0,0,0,0,1,2.6,,0,Nick,0.0,442,False,,,50,98747.jpg,3.6,False,Pope,1.2,False,,a,17,4,96,0,0,0,0,0.0,19.2,Pope,,,,,False,p98747,2416,0,1,7,38,0,0,0,2,0,89,3,414,671.0,0.0,35.0,70.7,0,0,0,0,27,0.16,0.0,0.16,32.89,,,,,,,[],,55,13,485,53,293,1,197,13,0.01,3.32,0.0,0.01,1.23,1.42,219,6,197,44,86,8,189,28,1.01,0.26,0.0,GK,NEW,5.0
True,True,,,81441,0,0,0,0,0,0,1,2.0,,0,Mark,0.0,443,False,,,45,81441.jpg,0.0,False,Gillespie,0.0,False,,a,17,4,0,0,0,0,0,0.0,0.0,Gillespie,,,,,False,p81441,0,0,0,0,0,0,0,0,0,0,0,0,0,0.0,0.0,0.0,0.0,0,0,0,0,0,0.0,0.0,0.0,0.0,,,,,,,[],,449,50,438,37,421,28,451,50,0.0,0.0,0.0,0.0,0.0,0.0,373,22,72,24,454,50,478,59,0.0,0.0,0.0,GK,NEW,4.5
True,True,,,554578,0,0,0,0,0,0,1,2.0,,0,Ewen,0.0,444,False,,,45,554578.jpg,0.0,False,Jaouen,0.1,False,,a,17,4,0,0,0,0,0,0.0,0.0,Jaouen,,,,,False,p554578,0,0,0,0,0,0,0,0,0,0,0,0,0,0.0,0.0,0.0,0.0,0,0,0,0,0,0.0,0.0,0.0,0.0,,,,,,,[],,478,58,474,52,464,46,480,58,0.0,0.0,0.0,0.0,0.0,0.0,467,40,166,42,483,58,403,48,0.0,0.0,0.0,GK,NEW,4.5
True,True,,,465642,0,0,0,0,0,0,2,2.2,,0,Malick,0.0,445,False,,,50,465642.jpg,3.6,False,Thiaw,2.0,False,,a,17,4,126,0,0,0,0,0.0,25.2,Thiaw,,,,,False,p465642,2963,4,0,5,52,0,0,0,4,0,0,12,436,868.0,114.3,409.0,138.9,0,0,0,0,33,4.8,0.96,5.76,49.21,,,,,,,[],,17,6,228,67,61,4,64,11,0.15,0.0,0.03,0.18,1.49,1.58,300,58,278,137,88,35,112,39,1.0,0.15,0.0,DEF,NEW,5.0
True,True,100.0,,119471,0,0,0,0,0,0,2,1.6,,0,Fabian,0.0,446,False,,2026-07-23T12:01:23.737715Z,50,119471.jpg,3.2,False,Schär,0.2,False,,a,17,4,51,0,0,0,0,0.0,10.2,Schär,,,,,False,p119471,1089,0,0,4,13,0,0,0,1,0,0,0,186,291.2,63.6,108.0,46.4,0,0,0,0,11,0.97,0.6,1.57,13.85,,,3.0,,,,[],,205,77,272,91,225,67,256,82,0.08,0.0,0.05,0.13,1.14,1.07,224,36,202,115,143,57,545,181,0.91,0.33,0.0,DEF,NEW,5.0
True,True,,,220237,0,0,0,0,0,0,2,2.2,,0,Sven,0.0,447,False,,,50,220237.jpg,3.6,False,Botman,0.4,False,,a,17,4,89,0,0,0,0,0.0,17.8,Botman,,,,,False,p220237,1834,1,1,5,27,1,0,0,2,0,0,6,332,597.0,85.8,190.0,87.4,0,0,0,0,21,1.73,0.86,2.59,27.58,,,,,,,[],,78,32,246,80,163,44,153,50,0.08,0.0,0.04,0.12,1.35,1.32,260,45,238,124,87,34,288,106,1.03,0.25,0.0,DEF,NEW,5.0
True,True,,,78916,0,0,0,0,0,0,2,2.2,,0,Dan,0.0,448,False,,,50,78916.jpg,3.2,False,Burn,2.6,False,,a,17,4,93,0,0,0,0,0.0,18.6,Burn,,,,,False,p78916,2195,1,3,6,36,0,0,0,9,1,0,5,286,525.8,107.3,186.0,82.1,0,0,0,0,25,1.08,0.36,1.44,30.15,,,,,,,[],,108,47,234,73,165,45,168,59,0.04,0.0,0.01,0.05,1.24,1.48,215,33,193,112,142,56,114,41,1.03,0.25,0.0,DEF,NEW,5.0
True,True,,,487838,0,0,0,0,0,0,2,2.2,,0,Lewis,0.0,449,False,,,50,487838.jpg,2.6,False,Hall,3.9,False,,a,17,4,79,0,0,0,0,0.0,15.8,Hall,,,,,False,p487838,2176,1,2,4,39,0,0,0,4,0,0,4,347,550.2,433.6,196.0,118.0,0,0,0,0,24,1.01,2.78,3.79,37.72,5.0,,1.0,,,,[],,93,42,64,14,158,41,92,25,0.04,0.0,0.11,0.15,1.56,1.61,310,63,288,142,226,93,79,32,0.99,0.17,0.0,DEF,NEW,5.0
True,True,75.0,,441191,0,0,0,0,0,0,2,1.6,,0,Tino,0.0,450,False,Calf injury - 75% chance of playing,2026-07-23T12:01:23.753221Z,50,441191.jpg,3.5,False,Livramento,0.1,False,,d,17,4,59,0,0,0,0,0.0,11.8,Livramento,,,,,False,p441191,1326,0,1,6,14,0,0,0,1,0,0,3,252,219.4,199.7,42.0,46.1,0,0,0,0,14,0.13,0.89,1.02,18.62,,,,,,,[],https://www.newcastleunited.com/en/news/livramento-withdrawn-from-england-world-cup-squad?utm_source=premier-league-web&utm_medium=referral&utm_campaign=pl-referral-always-on&utm_term=injuries&utm_content=club-injury-article,238,89,169,42,282,92,257,83,0.01,0.0,0.06,0.07,1.26,0.95,288,53,266,132,102,41,427,151,0.95,0.41,0.0,DEF,NEW,5.0
True,False,0.0,,545477,0,0,0,0,0,0,2,1.0,,0,Alex,0.0,451,False,Has joined FC Kaiserslautern on loan for the rest of the season,2026-08-12T14:05:29.224600Z,40,545477.jpg,1.0,False,Murphy,0.7,False,,u,17,4,2,0,0,0,0,0.0,0.5,A.Murphy,,,,,False,p545477,7,0,0,0,1,0,0,0,0,0,0,0,3,10.2,0.6,2.0,1.3,0,0,0,0,0,0.0,0.0,0.0,0.49,,,,,,,[],,370,129,372,130,346,124,382,129,0.0,0.0,0.0,0.0,6.3,12.86,546,173,55,36,357,122,219,77,0.0,0.0,0.0,DEF,NEW,4.0
True,True,,,201666,0,0,0,0,0,0,3,2.1,,0,Harvey,0.0,453,False,,,60,201666.jpg,2.9,False,Barnes,1.2,False,,a,17,4,106,0,0,0,0,0.0,17.7,Barnes,,,,,False,p201666,1951,7,1,5,31,0,0,0,1,0,0,9,349,404.0,387.5,682.0,147.0,0,0,0,0,19,6.84,2.72,9.56,30.3,,,,,,,[],,151,58,84,62,24,11,53,33,0.32,0.0,0.13,0.45,1.4,1.43,67,45,461,180,185,70,200,66,0.88,0.23,0.0,MID,NEW,6.0
True,True,,,449434,0,0,0,0,0,0,3,2.1,,0,Anthony,0.0,454,False,,,60,449434.jpg,1.5,False,Elanga,0.7,False,,a,17,4,48,0,0,0,0,0.0,8.0,Elanga,,,,,False,p449434,1302,0,1,2,28,0,0,0,0,0,0,0,179,130.4,266.7,185.0,57.8,0,0,0,0,14,1.65,1.74,3.39,21.11,8.0,,,,,,[],,290,134,135,92,168,88,228,117,0.11,0.0,0.12,0.23,1.46,1.94,86,55,480,190,332,148,242,84,0.97,0.14,0.0,MID,NEW,6.0
True,True,,,232653,0,0,0,0,0,0,3,1.5,,0,Jacob,0.0,456,False,,,50,232653.jpg,2.2,False,Ramsey,0.4,False,,a,17,4,62,0,0,0,0,0.0,12.4,J.Ramsey,,,,,False,p232653,1441,2,3,1,31,0,0,0,3,1,0,3,303,304.4,330.3,165.0,79.9,0,0,0,0,15,1.2,1.45,2.65,27.24,,,,,,,[],,198,87,108,77,183,100,173,84,0.07,0.0,0.09,0.16,1.7,1.94,273,163,251,57,267,112,273,91,0.94,0.06,0.0,MID,NEW,5.0
True,True,,,114243,0,0,0,0,0,0,3,2.1,,0,Jacob,0.0,457,False,,,60,114243.jpg,2.5,False,Murphy,0.2,False,,a,17,4,82,0,0,0,0,0.0,13.7,J.Murphy,,,,,False,p114243,1606,3,2,8,20,0,0,0,2,0,0,5,314,330.8,393.7,346.0,106.0,0,0,0,0,19,3.07,2.66,5.73,24.35,,,,,,,[],,186,79,82,60,78,47,117,65,0.17,0.0,0.15,0.32,1.36,1.12,59,40,453,175,239,93,360,133,1.06,0.45,0.0,MID,NEW,6.0
True,True,100.0,,180974,0,0,0,0,0,0,3,1.5,,0,Joelinton Cássio,0.0,458,False,,2026-07-23T12:01:23.769696Z,55,180974.jpg,2.7,False,Apolinário de Lira,0.1,False,,a,17,4,73,0,0,0,0,0.0,13.3,Joelinton,,,,,False,p180974,1950,2,1,5,27,0,0,0,10,0,0,2,304,324.4,296.3,329.0,95.0,0,0,0,0,23,2.36,1.35,3.71,28.75,,,,,,,[],,191,82,126,87,84,52,139,74,0.11,0.0,0.06,0.17,1.33,1.25,125,78,362,121,208,80,543,236,1.06,0.23,0.0,MID,NEW,5.5
True,True,0.0,,547719,0,0,0,0,0,0,3,0.0,,0,Lewis,0.0,459,False,Leg injury - Expected back 30 Aug,2026-07-23T12:01:23.785456Z,55,547719.jpg,3.1,False,Miley,0.0,False,,i,17,4,72,0,0,0,0,0.0,13.1,L.Miley,,,,,False,p547719,1493,1,4,2,22,0,0,0,0,0,0,5,334,342.6,251.4,136.0,73.0,0,0,0,0,15,1.36,2.1,3.46,21.22,7.0,,,,,,[],https://www.newcastleunited.com/en/news/eddie-howes-team-news-update-schaer-and-livramento-injury-latest-ahead-of-forest?utm_source=premier-league-web&utm_medium=referral&utm_campaign=pl-referral-always-on&utm_term=injuries&utm_content=club-injury-article,176,73,136,93,201,111,191,96,0.08,0.0,0.13,0.21,1.28,1.33,198,123,435,166,161,61,547,238,0.9,0.12,0.0,MID,NEW,5.5
True,True,,,200089,0,0,0,0,0,0,3,1.5,,0,Joe,0.0,460,False,,,50,200089.jpg,1.6,False,Willock,0.1,False,,a,17,4,38,0,0,0,0,0.0,7.6,Willock,,,,,False,p200089,972,0,2,3,18,0,0,0,3,0,0,0,166,145.4,205.8,204.0,55.5,0,0,0,0,10,1.26,1.07,2.33,17.83,,,,,,,[],,278,128,164,110,151,82,233,119,0.12,0.0,0.1,0.22,1.65,1.67,241,147,219,41,322,140,420,161,0.93,0.28,0.0,MID,NEW,5.0
True,True,,,611665,0,0,0,0,0,0,3,2.1,,0,Bazoumana,0.0,461,False,,,60,611665.jpg,0.0,False,Touré,0.3,False,,a,17,4,0,0,0,0,0,0.0,0.0,Touré,,,,,False,p611665,0,0,0,0,0,0,0,0,0,0,0,0,0,0.0,0.0,0.0,0.0,0,0,0,0,0,0.0,0.0,0.0,0.0,,,,,,,[],,552,241,552,241,552,241,552,241,0.0,0.0,0.0,0.0,0.0,0.0,107,70,501,205,552,241,331,119,0.0,0.0,0.0,MID,NEW,6.0
True,True,,,636852,0,0,0,0,0,0,3,1.5,,0,Sean,0.0,462,False,,,50,636852.jpg,0.0,False,Steur,0.1,False,,a,17,4,0,0,0,0,0,0.0,0.0,Steur,,,,,False,p636852,0,0,0,0,0,0,0,0,0,0,0,0,0,0.0,0.0,0.0,0.0,0,0,0,0,0,0.0,0.0,0.0,0.0,,,,,,,[],,533,228,533,228,531,228,533,228,0.0,0.0,0.0,0.0,0.0,0.0,362,217,340,111,533,228,444,173,0.0,0.0,0.0,MID,NEW,5.0
True,True,,,470313,0,0,0,0,0,0,4,2.0,,0,Nick,0.0,463,False,,,60,470313.jpg,3.3,False,Woltemade,1.7,False,,a,17,4,108,0,0,0,0,0.0,18.0,Woltemade,,,,,False,p470313,1896,8,4,8,29,1,0,0,0,0,0,12,399,447.2,314.4,425.0,117.5,0,0,0,0,24,6.59,1.53,8.12,25.67,,,,,1.0,,[],,130,12,116,7,56,21,93,15,0.31,0.0,0.07,0.38,1.22,1.38,92,23,486,53,135,12,154,26,1.14,0.38,0.0,FWD,NEW,6.0
True,True,,,216646,0,0,0,0,0,0,4,2.0,,0,Yoane,0.0,464,False,,,60,216646.jpg,1.4,False,Wissa,1.7,False,,a,17,4,27,0,0,0,0,0.0,4.5,Wissa,,,,,False,p216646,517,1,1,1,11,0,0,0,3,0,0,0,70,58.0,46.7,163.0,25.5,0,0,0,0,4,3.13,0.54,3.67,9.97,,,,,4.0,,[],,331,38,291,35,185,35,301,36,0.54,0.0,0.09,0.63,1.74,1.91,72,19,466,49,342,37,160,27,0.7,0.17,0.0,FWD,NEW,6.0
True,True,,,538207,0,0,0,0,0,0,4,2.0,,0,William,0.0,465,False,,,60,538207.jpg,3.2,False,Osula,1.3,False,,a,17,4,76,0,0,0,0,0.0,12.7,Osula,,,,,False,p538207,805,7,1,2,14,0,0,0,0,0,0,13,284,256.6,82.6,284.0,62.2,0,0,0,0,8,4.28,0.62,4.9,14.48,,,,,2.0,,[],,222,21,252,29,105,25,218,24,0.48,0.0,0.07,0.55,1.62,1.57,102,25,496,55,153,14,119,20,0.89,0.22,0.0,FWD,NEW,6.0
True,True,,,599303,0,0,0,0,0,0,4,1.0,,0,Sean,0.0,466,False,,,45,599303.jpg,1.0,False,Neave,0.7,False,,a,17,4,1,0,0,0,0,0.0,0.2,Neave,,,,,False,p599303,13,0,0,0,1,0,0,0,0,0,0,0,2,0.0,0.0,5.0,0.5,0,0,0,0,0,0.03,0.0,0.03,0.37,,,,,,,[],,486,54,481,54,338,44,389,45,0.21,0.0,0.0,0.21,2.56,6.92,483,67,182,11,374,45,233,40,0.0,0.0,0.0,FWD,NEW,4.5
True,True,,,632794,0,0,0,0,0,0,3,0.0,0.0,0,Aladji,0.0,559,0,,,50,632794.jpg,0.0,False,Bamba,0.1,False,,a,17,4,0,0,0,0,0,0.0,0.0,Bamba,0,0.0,0,0,0,0,0,0,0,0,0,0,0,0,0,0,0,0,0,0.0,0.0,0.0,0.0,0,0,0,0,0,0.0,0.0,0.0,0.0,0.0,0.0,0.0,0.0,0.0,0.0,0,0,0,0,0,0,0,0,0,0,0.0,0.0,0.0,0.0,0.0,0.0,0,0,0,0,0,0,0,0,0.0,0.0,0.0,MID,NEW,5.0
True,True,,,470551,0,0,0,0,0,0,1,0.0,0.0,0,Lukás,0.0,567,0,,,50,470551.jpg,0.0,False,Hornícek,0.5,False,,a,17,4,0,0,0,0,0,0.0,0.0,Horníček,0,0.0,0,0,0,0,0,0,0,0,0,0,0,0,0,0,0,0,0,0.0,0.0,0.0,0.0,0,0,0,0,0,0.0,0.0,0.0,0.0,0.0,0.0,0.0,0.0,0.0,0.0,0,0,0,0,0,0,0,0,0,0,0.0,0.0,0.0,0.0,0.0,0.0,0,0,0,0,0,0,0,0,0.0,0.0,0.0,GK,NEW,5.0
True,True,,,85633,0,0,0,0,0,0,1,2.6,,0,Matz,0.0,467,False,,,50,85633.jpg,3.4,False,Sels,1.5,False,,a,18,17,105,0,0,0,0,0.0,21.0,Sels,,,,,False,p85633,2667,0,0,7,39,0,1,0,2,0,95,3,431,730.0,10.0,0.0,74.0,0,0,0,0,30,0.0,0.06,0.06,45.12,,,,,,,[],,39,11,342,11,478,47,186,11,0.0,3.21,0.0,0.0,1.52,1.32,216,5,194,43,110,13,159,24,1.01,0.24,0.0,GK,NFO,5.0
True,True,,,221389,0,0,0,0,0,0,1,2.0,,0,John Victor,0.0,468,False,,,45,221389.jpg,2.2,False,Maciel Furtado,0.1,False,,a,18,17,11,0,0,0,0,0.0,2.4,John,,,,,False,p221389,437,0,0,1,8,0,0,0,1,0,6,0,32,56.4,0.0,0.0,5.7,0,0,0,0,5,0.0,0.0,0.0,6.13,,,,,,,[],,332,28,450,45,434,37,355,28,0.0,1.24,0.0,0.0,1.26,1.65,409,31,108,33,263,26,446,55,1.03,0.21,0.0,GK,NFO,4.5
True,True,,,215136,0,0,0,0,0,0,2,2.2,,0,Neco,0.0,469,False,,,50,215136.jpg,3.5,False,Williams,11.9,False,,a,18,17,128,0,0,0,0,0.0,25.6,N.Williams,,,,,False,p215136,3203,2,3,9,48,0,0,0,6,1,0,15,531,804.0,572.3,380.0,175.6,0,0,0,0,36,2.01,3.97,5.98,51.36,5.0,,3.0,,,,[],,30,11,38,3,70,7,32,3,0.06,0.0,0.11,0.17,1.44,1.35,257,43,235,122,101,40,40,14,1.01,0.25,0.0,DEF,NFO,5.0
True,True,,,485047,0,0,0,0,0,0,2,2.2,,0,Felipe,0.0,470,False,,,50,485047.jpg,2.5,False,Rodrigues da Silva,0.1,False,,a,18,17,53,0,0,0,0,0.0,10.6,Morato,,,,,False,p485047,1340,1,0,2,23,0,0,0,5,0,0,1,190,371.2,37.6,96.0,50.5,0,0,0,0,14,1.32,0.15,1.47,24.34,,,,,,,[],,164,68,301,102,236,72,243,77,0.09,0.0,0.01,0.1,1.63,1.54,307,62,285,141,231,95,475,164,0.94,0.13,0.0,DEF,NFO,5.0
True,True,,,227444,0,0,0,0,0,0,2,2.5,,0,Nikola,0.0,471,False,,,55,227444.jpg,3.1,False,Milenković,2.3,False,,a,18,17,119,0,0,0,0,0.0,21.6,Milenković,,,,,False,p227444,3375,0,1,9,51,1,0,0,6,0,0,2,401,680.4,66.9,120.0,86.9,0,0,0,0,37,0.83,0.68,1.51,54.98,,,,,,,[],,53,23,266,88,217,62,154,51,0.02,0.0,0.02,0.04,1.47,1.36,144,17,381,159,160,66,115,42,0.99,0.24,0.0,DEF,NFO,5.5
True,True,100.0,,575476,0,0,0,0,0,0,2,1.9,,0,Murillo,0.0,472,False,,2026-07-23T12:01:23.801183Z,55,575476.jpg,3.3,False,Costa dos Santos,0.7,False,,a,18,17,83,0,0,0,0,0.0,15.1,Murillo,,,,,False,p575476,2130,1,0,6,29,2,0,0,5,0,0,3,333,542.2,115.5,82.0,74.0,0,0,0,0,25,0.73,0.47,1.2,32.99,,,2.0,,,,[],https://www.nottinghamforest.co.uk/news/2026/may/21/team-news-for-visit-of-bournemouth/?utm_source=premier-league-web&utm_medium=referral&utm_campaign=pl-referral-always-on&utm_term=injuries&utm_content=club-injury-article,95,44,226,65,249,78,187,63,0.03,0.0,0.02,0.05,1.39,1.23,204,30,441,172,133,52,389,137,1.06,0.25,0.0,DEF,NFO,5.5
True,True,,,159506,0,0,0,0,0,0,2,1.7,,0,Ola,0.0,473,False,,,45,159506.jpg,3.7,False,Aina,4.3,False,,a,18,17,67,0,0,0,0,0.0,14.9,Aina,,,,,False,p159506,1587,0,2,6,19,0,0,0,3,0,0,5,264,285.2,160.3,58.0,50.5,0,0,0,0,18,0.41,0.84,1.25,25.31,,,,,,,[],,210,79,193,50,271,86,242,76,0.02,0.0,0.05,0.07,1.44,1.08,390,82,89,56,76,29,83,34,1.02,0.34,0.0,DEF,NFO,4.5
True,True,,,575458,0,0,0,0,0,0,2,1.7,,0,Jair,0.0,474,False,,,45,575458.jpg,1.4,False,Paula da Cunha Filho,0.3,False,,a,18,17,13,0,0,0,0,0.0,2.9,Jair Cunha,,,,,False,p575458,514,0,0,0,7,0,0,0,0,0,0,0,48,98.0,15.2,29.0,14.2,0,0,0,0,6,0.27,0.06,0.33,10.35,,,,,,,[],,307,112,329,115,300,102,322,111,0.05,0.0,0.01,0.06,1.81,1.23,474,132,173,106,335,120,185,68,1.05,0.0,0.0,DEF,NFO,4.5
True,True,0.0,,500151,0,0,0,0,0,0,2,0.0,,0,Nicolò,0.0,475,False,Knee injury - Unknown return date,2026-07-23T12:01:23.816304Z,45,500151.jpg,2.8,False,Savona,0.0,False,,i,18,17,39,0,0,0,0,0.0,8.7,Savona,,,,,False,p500151,1025,2,0,3,18,0,0,0,2,0,0,0,131,216.6,123.2,94.0,43.5,0,0,0,0,11,1.34,0.45,1.79,15.04,,,,,,,[],,240,91,223,63,239,74,262,87,0.12,0.0,0.04,0.16,1.32,1.58,452,123,151,97,192,80,555,184,0.97,0.26,0.0,DEF,NFO,4.5
True,True,,,204822,0,0,0,0,0,0,2,1.0,,0,Omar,0.0,476,False,,,40,204822.jpg,0.0,False,Richards,0.2,False,,a,18,17,0,0,0,0,0,0.0,0.0,O.Richards,,,,,False,p204822,0,0,0,0,0,0,0,0,0,0,0,0,0,0.0,0.0,0.0,0.0,0,0,0,0,0,0.0,0.0,0.0,0.0,,,,,,,[],,413,144,398,143,379,139,415,144,0.0,0.0,0.0,0.0,0.0,0.0,515,151,24,14,419,145,365,129,0.0,0.0,0.0,DEF,NFO,4.0
True,True,,,549067,0,0,0,0,0,0,2,1.0,,0,Zach,0.0,477,False,,,40,549067.jpg,1.0,False,Abbott,0.2,False,,a,18,17,3,0,0,0,0,0.0,0.8,Abbott,,,,,False,p549067,165,0,0,0,4,0,0,0,0,0,0,0,3,25.4,6.4,0.0,3.2,0,0,0,0,2,0.0,0.01,0.01,3.47,,,,,,,[],,352,123,350,122,410,161,367,127,0.0,0.0,0.01,0.01,1.89,2.18,548,175,57,38,359,124,338,118,1.09,0.0,0.0,DEF,NFO,4.0
True,True,,,470315,0,0,0,0,0,0,2,1.7,,0,Luca,0.0,478,False,,,45,470315.jpg,1.6,False,Netz,0.0,False,,a,18,17,11,0,0,0,0,0.0,2.4,Netz,,,,,False,p470315,353,0,0,0,5,0,0,0,0,0,0,0,33,63.4,30.1,10.0,10.4,0,0,0,0,3,0.0,0.41,0.41,7.87,,,,,,,[],,329,118,311,107,326,117,335,116,0.0,0.0,0.1,0.1,2.01,1.27,438,118,137,92,320,116,503,172,0.76,0.0,0.0,DEF,NFO,4.5
True,True,,,538638,0,0,0,0,0,0,2,1.0,,0,Tyler,0.0,479,False,,,40,538638.jpg,0.0,False,Bindon,0.2,False,,a,18,17,0,0,0,0,0,0.0,0.0,Bindon,,,,,False,p538638,0,0,0,0,0,0,0,0,0,0,0,0,0,0.0,0.0,0.0,0.0,0,0,0,0,0,0.0,0.0,0.0,0.0,,,,,,,[],,441,163,426,162,407,158,443,163,0.0,0.0,0.0,0.0,0.0,0.0,544,171,53,34,446,163,361,127,0.0,0.0,0.0,DEF,NFO,4.0
True,True,,,222531,0,0,0,0,0,0,3,2.8,,0,Morgan,0.0,480,False,,,80,222531.jpg,5.1,False,Gibbs-White,11.6,False,,a,18,17,188,0,0,0,0,0.0,23.5,Gibbs-White,,,,,False,p222531,3101,15,4,10,45,0,0,0,1,0,0,18,712,843.8,747.7,836.0,242.5,0,0,0,0,35,10.81,2.91,13.72,49.7,,,1.0,,2.0,,[],,21,6,19,18,9,4,7,5,0.31,0.0,0.08,0.39,1.44,1.31,8,5,548,240,11,5,34,11,1.02,0.29,0.0,MID,NFO,8.0
True,True,100.0,,209046,0,0,0,0,0,0,3,1.6,,0,Callum,0.0,482,False,,2026-07-23T12:01:23.832709Z,60,209046.jpg,2.9,False,Hudson-Odoi,0.1,False,,a,18,17,88,0,0,0,0,0.0,14.7,Hudson-Odoi,,,,,False,p209046,1838,3,4,6,26,0,0,0,0,0,0,8,358,366.6,611.7,330.0,130.6,0,0,0,0,21,2.77,3.02,5.79,30.88,,,4.0,,,,[],https://www.nottinghamforest.co.uk/news/2026/april/21/update-on-callum-hudson-odoi/?utm_source=premier-league-web&utm_medium=referral&utm_campaign=pl-referral-always-on&utm_term=injuries&utm_content=club-injury-article,166,65,31,30,83,51,74,45,0.14,0.0,0.15,0.29,1.51,1.27,70,46,464,181,186,71,539,233,1.03,0.29,0.0,MID,NFO,6.0
True,True,,,456512,0,0,0,0,0,0,3,2.0,,0,Dan,0.0,483,False,,,55,456512.jpg,2.1,False,Ndoye,0.5,False,,a,18,17,50,0,0,0,0,0.0,9.1,Ndoye,,,,,False,p456512,1167,1,2,2,17,0,0,0,1,0,0,4,178,166.4,217.7,180.0,56.6,0,0,0,0,14,1.05,1.51,2.56,15.96,,,,,,,[],,265,121,152,103,173,92,230,118,0.08,0.0,0.12,0.2,1.23,1.31,166,104,403,147,277,118,217,72,1.08,0.15,0.0,MID,NFO,5.5
True,True,,,503301,0,0,0,0,0,0,3,2.0,,0,Omari,0.0,484,False,,,55,503301.jpg,2.6,False,Hutchinson,0.2,False,,a,18,17,82,0,0,0,0,0.0,14.9,Hutchinson,,,,,False,p503301,1676,1,7,6,24,0,0,0,1,0,0,3,329,333.6,527.1,356.0,121.6,0,0,0,0,17,2.01,3.87,5.88,24.42,4.0,,,,,,[],,183,77,45,41,74,45,85,50,0.11,0.0,0.21,0.32,1.31,1.29,191,118,428,161,227,87,374,138,0.91,0.32,0.0,MID,NFO,5.5
True,True,,,476887,0,0,0,0,0,0,3,2.0,,0,Dilane,0.0,485,False,,,55,476887.jpg,1.9,False,Bakwa,0.0,False,,a,18,17,26,0,0,0,0,0.0,4.7,Bakwa,,,,,False,p476887,549,0,2,2,10,0,0,0,1,0,0,1,100,86.4,178.8,95.0,35.6,0,0,0,0,6,0.54,1.01,1.55,10.94,6.0,,,,,,[],,312,141,184,121,238,127,277,135,0.09,0.0,0.17,0.26,1.79,1.64,175,107,412,150,294,126,526,223,0.98,0.33,0.0,MID,NFO,5.5
True,True,,,432714,0,0,0,0,0,0,3,2.0,,0,James,0.0,486,False,,,55,432714.jpg,1.2,False,McAtee,0.0,False,,a,18,17,17,0,0,0,0,0.0,3.1,McAtee,,,,,False,p432714,288,0,1,0,9,0,0,0,1,0,0,0,60,51.6,82.0,39.0,17.3,0,0,0,0,2,0.18,0.37,0.55,7.34,,,,,,,[],,334,150,255,142,287,151,316,151,0.06,0.0,0.12,0.18,2.29,2.81,154,97,391,140,351,161,492,201,0.62,0.0,0.0,MID,NFO,5.5
True,True,,,250199,0,0,0,0,0,0,3,1.5,,0,Nicolás,0.0,487,False,,,50,250199.jpg,1.8,False,Domínguez,0.1,False,,a,18,17,48,0,0,0,0,0.0,9.6,Dominguez,,,,,False,p250199,1168,1,1,3,20,0,0,0,3,0,0,3,229,264.8,193.5,138.0,59.7,0,0,0,0,17,1.47,0.77,2.24,23.21,,,,,,,[],,219,96,175,117,198,109,223,113,0.11,0.0,0.06,0.17,1.79,1.54,280,168,258,62,303,132,472,188,1.31,0.23,0.0,MID,NFO,5.0
True,True,,,210462,0,0,0,0,0,0,3,1.5,,0,Ibrahim,0.0,488,False,,,50,210462.jpg,3.2,False,Sangaré,0.6,False,,a,18,17,89,0,0,0,0,0.0,17.8,Sangaré,,,,,False,p210462,2073,2,2,8,26,0,0,0,5,0,0,2,366,434.4,205.9,126.0,76.8,0,0,0,0,25,1.16,1.8,2.96,33.17,,,,,,,[],,142,53,162,108,209,116,179,87,0.05,0.0,0.08,0.13,1.44,1.13,252,155,230,49,144,57,297,96,1.09,0.35,0.0,MID,NFO,5.0
True,True,,,204968,0,0,0,0,0,0,3,1.0,,0,Ryan,0.0,489,False,,,45,204968.jpg,1.4,False,Yates,6.9,False,,a,18,17,30,0,0,0,0,0.0,6.7,Yates,,,,,False,p204968,602,0,2,0,7,0,0,0,3,0,0,0,123,139.0,79.7,55.0,27.2,0,0,0,0,2,0.49,0.37,0.86,8.56,,,,,,,[],,284,131,257,143,273,146,295,142,0.07,0.0,0.06,0.13,1.28,1.05,404,226,103,5,333,149,60,21,0.3,0.0,0.0,MID,NFO,4.5
True,True,,,60689,0,0,0,0,0,0,4,2.0,,0,Chris,0.0,490,False,,,60,60689.jpg,2.7,False,Wood,1.7,False,,a,18,17,41,0,0,0,0,0.0,6.8,Wood,,,,,False,p60689,896,3,0,2,14,0,0,0,0,0,0,4,145,139.0,88.4,266.0,48.0,0,0,0,0,11,4.29,0.32,4.61,14.44,,,,,1.0,,[],,285,31,244,26,111,28,249,29,0.43,0.0,0.03,0.46,1.45,1.41,58,14,452,44,213,21,142,24,1.1,0.2,0.0,FWD,NFO,6.0
True,True,,,482973,0,0,0,0,0,0,4,2.0,,0,Igor Jesus,0.0,491,False,,,60,482973.jpg,3.1,False,Maciel da Cruz,5.4,False,,a,18,17,114,0,0,0,0,0.0,19.0,Igor Jesus,,,,,False,p482973,2293,6,6,9,37,0,0,0,2,0,0,13,407,420.6,240.7,726.0,136.4,0,0,0,0,28,6.48,1.26,7.74,38.77,,,,,3.0,,[],,145,14,142,12,22,13,69,13,0.25,0.0,0.05,0.3,1.52,1.45,93,24,487,54,162,15,96,13,1.1,0.35,0.0,FWD,NFO,6.0
True,True,,,210156,0,0,0,0,0,0,4,1.8,,0,Taiwo,0.0,492,False,,,55,210156.jpg,2.5,False,Awoniyi,0.4,False,,a,18,17,43,0,0,0,0,0.0,7.8,Awoniyi,,,,,False,p210156,480,4,2,1,4,0,0,0,2,0,0,4,170,177.2,79.0,235.0,48.4,0,0,0,0,3,3.68,0.77,4.45,10.35,,,,,,,[],,258,25,258,30,126,31,247,28,0.69,0.0,0.14,0.83,1.94,0.75,137,34,374,31,235,24,285,54,0.56,0.19,0.0,FWD,NFO,5.5
True,True,,,465680,0,0,0,0,0,0,4,1.8,,0,Arnaud,0.0,493,False,,,55,465680.jpg,1.0,False,Kalimuendo,0.1,False,,a,18,17,9,0,0,0,0,0.0,1.6,Kalimuendo,,,,,False,p465680,89,0,0,0,3,0,0,0,0,0,0,0,24,6.8,17.7,39.0,6.3,0,0,0,0,0,0.44,0.02,0.46,1.57,,,,,,,[],,374,42,327,41,288,42,353,42,0.44,0.0,0.02,0.46,1.59,3.03,171,40,408,37,388,46,399,62,0.0,0.0,0.0,FWD,NFO,5.5
True,True,,,204561,0,0,0,0,0,0,3,1.5,,0,Xaver,0.0,558,False,,,50,204561.jpg,0.0,False,Schlager,0.1,False,,a,18,17,0,0,0,0,0,0.0,0.0,Schlager,Xaver Schlager,14.0,2026-07-23,1997-09-28,False,p204561,0,0,0,0,0,0,0,0,0,0,0,0,0,0.0,0.0,0.0,0.0,0,0,0,0,0,0.0,0.0,0.0,0.0,,,,,,,[],,496,205,492,205,488,204,496,205,0.0,0.0,0.0,0.0,0.0,0.0,246,150,224,44,496,205,495,203,0.0,0.0,0.0,MID,NFO,5.0
True,True,,,568420,0,0,0,0,0,0,2,0.0,0.0,0,Ousmane,0.0,581,0,,,55,568420.jpg,0.0,False,Diomande,0.2,False,,a,18,17,0,0,0,0,0,0.0,0.0,Diomande,0,0.0,0,0,0,0,0,0,0,0,0,0,0,0,0,0,0,0,0,0.0,0.0,0.0,0.0,0,0,0,0,0,0.0,0.0,0.0,0.0,0.0,0.0,0.0,0.0,0.0,0.0,0,0,0,0,0,0,0,0,0,0,0.0,0.0,0.0,0.0,0.0,0.0,0,0,0,0,0,0,0,0,0.0,0.0,0.0,DEF,NFO,5.5
True,True,,,469142,0,0,0,0,0,0,2,2.2,,0,Jan Paul,0.0,112,False,,,50,469142.jpg,4.1,False,van Hecke,8.6,False,,a,19,6,148,0,0,0,0,0.0,29.6,Van Hecke,,,,,False,p469142,3210,3,3,10,44,1,0,0,9,0,0,8,575,980.6,240.4,295.0,152.0,0,0,0,0,36,3.31,1.57,4.87,46.27,,,,,,,[],,7,4,143,34,102,16,50,9,0.09,0.0,0.04,0.13,1.3,1.23,302,60,280,139,45,17,55,20,1.01,0.28,0.0,DEF,TOT,5.0
True,True,,,432422,0,0,0,0,0,0,3,2.0,,0,Sandro,0.0,455,False,,,55,432422.jpg,2.3,False,Tonali,4.2,False,,a,19,6,81,0,0,0,0,0.0,14.7,Tonali,,,,,False,p432422,2534,0,2,7,38,0,0,0,4,0,0,2,477,398.0,534.1,198.0,113.4,0,0,0,0,31,1.75,2.87,4.62,36.19,10.0,,4.0,,,,[],,154,59,43,39,157,85,100,58,0.06,0.0,0.1,0.16,1.29,1.35,153,96,390,139,257,106,104,34,1.1,0.25,0.0,MID,TOT,5.5
True,True,,,184254,0,0,0,0,0,0,1,2.0,,0,Guglielmo,0.0,494,False,,,45,184254.jpg,2.9,False,Vicario,1.4,False,,a,19,6,90,0,0,0,0,0.0,20.0,Vicario,,,,,False,p184254,2790,0,0,7,50,0,0,0,1,0,83,6,412,709.2,10.1,0.0,72.2,0,0,0,0,31,0.0,0.04,0.04,46.21,,,,,,,[],,44,12,339,8,431,35,194,12,0.0,2.68,0.0,0.0,1.49,1.61,395,29,94,31,179,21,145,21,1.0,0.23,0.0,GK,TOT,4.5
True,True,,,214572,0,0,0,0,0,0,1,1.0,,0,Brandon,0.0,495,False,,,40,214572.jpg,0.0,False,Austin,0.6,False,,a,19,6,0,0,0,0,0,0.0,0.0,Austin,,,,,False,p214572,0,0,0,0,0,0,0,0,0,0,0,0,0,0.0,0.0,0.0,0.0,0,0,0,0,0,0.0,0.0,0.0,0.0,,,,,,,[],,414,40,399,24,380,15,416,40,0.0,0.0,0.0,0.0,0.0,0.0,516,51,25,11,420,40,257,34,0.0,0.0,0.0,GK,TOT,4.0
True,True,,,485055,0,0,0,0,0,0,1,2.0,,0,Antonín,0.0,496,False,,,45,485055.jpg,2.9,False,Kinský,19.5,False,,a,19,6,20,0,0,0,0,0.0,4.4,Kinsky,,,,,False,p485055,630,0,0,2,7,0,0,0,1,0,10,0,76,102.6,0.0,0.0,10.3,0,0,0,0,7,0.0,0.0,0.0,5.55,,,,,,,[],,303,24,461,48,447,41,336,24,0.0,1.43,0.0,0.0,0.79,1.0,442,35,141,37,182,22,29,5,1.0,0.29,0.0,GK,TOT,4.5
True,True,,,67089,0,0,0,0,0,0,1,1.0,,0,Martin,0.0,497,False,,,40,67089.jpg,2.7,False,Dubravka,22.5,False,,a,19,6,96,0,0,0,0,0.0,24.0,Dubravka,,,,,False,p67089,3150,0,0,4,71,0,0,0,1,0,127,7,436,976.4,0.0,0.0,97.9,0,0,0,0,35,0.0,0.04,0.04,71.26,,,,,,,[],,8,1,382,18,363,9,135,1,0.0,3.63,0.0,0.0,2.04,2.03,496,45,5,5,202,23,10,2,1.0,0.11,0.0,GK,TOT,4.0
True,True,,,221466,0,0,0,0,0,0,2,2.8,,0,Marcos,0.0,498,False,,,60,221466.jpg,4.7,False,Senesi Barón,10.2,False,,a,19,6,175,0,0,0,0,0.0,29.2,Senesi,,,,,False,p221466,3288,0,6,11,53,0,0,0,8,0,0,14,571,1114.4,367.8,201.0,168.6,0,0,0,0,37,1.53,4.72,6.25,54.77,,,,,,,[],,4,2,91,22,156,40,34,4,0.04,0.0,0.13,0.17,1.5,1.45,73,7,467,177,18,6,35,12,1.01,0.3,0.0,DEF,TOT,6.0
True,True,,,441164,0,0,0,0,0,0,2,2.5,,0,Pedro,0.0,499,False,,,55,441164.jpg,3.4,False,Porro Sauceda,23.3,False,,a,19,6,117,0,0,0,0,0.0,21.3,Pedro Porro,,,,,False,p441164,2793,1,3,9,40,0,0,0,10,0,0,8,502,690.2,881.7,202.0,177.5,0,0,0,0,32,1.05,4.37,5.42,37.75,6.0,,1.0,,,,[],,49,21,11,1,154,39,31,2,0.03,0.0,0.14,0.17,1.22,1.29,160,20,397,162,117,46,11,4,1.03,0.29,0.0,DEF,TOT,5.5
True,True,,,221632,0,0,0,0,0,0,2,2.2,,0,Cristian,0.0,500,False,,,50,221632.jpg,4.0,False,Romero,1.1,False,,a,19,6,91,0,0,0,0,0.0,18.2,Romero,,,,,False,p221632,1869,4,1,5,33,0,0,0,9,2,0,10,305,574.8,133.6,223.0,93.2,0,0,0,0,22,1.39,1.25,2.64,28.32,,,,,,,[],,85,36,212,57,135,27,145,48,0.07,0.0,0.06,0.13,1.36,1.59,262,46,240,125,51,19,202,72,1.06,0.24,0.0,DEF,TOT,5.0
True,True,,,135720,0,0,0,0,0,0,2,2.2,,0,Kevin,0.0,501,False,,,50,135720.jpg,2.6,False,Danso,0.2,False,,a,19,6,63,0,0,0,0,0.0,12.6,Danso,,,,,False,p135720,1489,0,0,4,25,0,0,0,8,0,0,1,219,407.0,49.5,96.0,55.5,0,0,0,0,17,0.62,0.28,0.9,20.15,,,,,,,[],,150,61,284,96,235,71,232,73,0.04,0.0,0.02,0.06,1.22,1.51,226,37,204,116,221,90,347,120,1.03,0.24,0.0,DEF,TOT,5.0
True,True,,,122798,0,0,0,0,0,0,2,1.7,,0,Andrew,0.0,502,False,,,45,122798.jpg,2.3,False,Robertson,2.1,False,,a,19,6,55,0,0,0,0,0.0,12.2,Robertson,,,,,False,p122798,1165,1,0,4,16,0,0,0,0,0,0,4,216,239.8,318.8,121.0,68.2,0,0,0,0,11,1.1,1.4,2.49,17.44,,,,,,,[],,227,86,113,27,215,61,202,68,0.08,0.0,0.11,0.19,1.35,1.24,386,80,85,54,254,99,140,56,0.85,0.31,0.0,DEF,TOT,4.5
True,True,,,491279,0,0,0,0,0,0,2,2.2,,0,Micky,0.0,503,False,,,50,491279.jpg,3.3,False,van de Ven,7.3,False,,a,19,6,116,0,0,0,0,0.0,23.2,Van de Ven,,,,,False,p491279,3041,4,1,9,50,0,0,0,9,1,0,10,431,683.4,95.2,218.0,99.6,0,0,0,0,35,2.82,0.38,3.2,42.99,,,,,,,[],,52,22,240,77,142,31,130,39,0.08,0.0,0.01,0.09,1.27,1.48,316,64,294,143,129,51,71,28,1.04,0.27,0.0,DEF,TOT,5.0
True,True,,,232859,0,0,0,0,0,0,2,1.7,,0,Djed,0.0,505,False,,,45,232859.jpg,2.6,False,Spence,6.9,False,,a,19,6,78,0,0,0,0,0.0,17.3,Spence,,,,,False,p232859,2049,0,0,9,31,0,0,0,4,0,0,3,271,291.0,209.7,207.0,70.5,0,0,0,0,23,0.9,1.77,2.67,31.42,,,,,,,[],,206,78,159,40,147,35,198,66,0.04,0.0,0.08,0.12,1.38,1.36,417,103,116,77,219,88,46,17,1.01,0.4,0.0,DEF,TOT,4.5
True,True,,,487053,0,0,0,0,0,0,2,1.7,,0,Destiny,0.0,506,False,,,45,487053.jpg,1.4,False,Udogie,0.5,False,,a,19,6,29,0,0,0,0,0.0,6.4,Udogie,,,,,False,p487053,1335,0,1,1,25,0,0,0,4,0,0,1,121,207.2,187.0,103.0,49.8,0,0,0,0,14,0.18,0.72,0.9,19.15,,,,,,,[],,246,94,179,44,230,69,246,79,0.01,0.0,0.05,0.06,1.29,1.69,443,121,142,95,334,119,280,101,0.94,0.07,0.0,DEF,TOT,4.5
True,True,,,548308,0,0,0,0,0,0,2,1.7,,0,Ashley,0.0,507,False,,,45,548308.jpg,0.0,False,Phillips,0.1,False,,a,19,6,0,0,0,0,0,0.0,0.0,Phillips,,,,,False,p548308,0,0,0,0,0,0,0,0,0,0,0,0,0,0.0,0.0,0.0,0.0,0,0,0,0,0,0.0,0.0,0.0,0.0,,,,,,,[],,475,176,471,176,461,176,477,176,0.0,0.0,0.0,0.0,0.0,0.0,462,127,161,101,480,176,465,162,0.0,0.0,0.0,DEF,TOT,4.5
True,True,,,115556,0,0,0,0,0,0,2,1.0,,0,Ben,0.0,508,False,,,40,115556.jpg,3.3,False,Davies,0.9,False,,a,19,6,10,0,0,0,0,0.0,2.5,Davies,,,,,False,p115556,136,1,0,0,3,0,0,0,1,0,0,1,29,67.4,22.2,52.0,14.2,0,0,0,0,2,0.49,0.07,0.56,1.11,,,,,,,[],,324,115,322,112,276,90,321,110,0.32,0.0,0.05,0.37,0.73,1.99,502,141,11,4,124,47,230,83,1.32,0.0,0.0,DEF,TOT,4.0
True,True,,,640419,0,0,0,0,0,0,2,1.0,,0,Jun'ai,0.0,509,False,,,40,640419.jpg,1.0,False,Byfield,0.1,False,,a,19,6,1,0,0,0,0,0.0,0.2,Byfield,,,,,False,p640419,1,0,0,0,0,0,0,0,0,0,0,0,3,0.4,0.5,0.0,0.1,0,0,0,0,0,0.0,0.0,0.0,0.0,,,,,,,[],,393,133,373,131,415,165,396,133,0.0,0.0,0.0,0.0,0.0,0.0,556,182,65,45,361,126,450,156,0.0,0.0,0.0,DEF,TOT,4.0
True,True,,,499716,0,0,0,0,0,0,2,1.0,,0,James,0.0,510,False,,,40,499716.jpg,1.0,False,Rowswell,0.1,False,,a,19,6,1,0,0,0,0,0.0,0.2,Rowswell,,,,,False,p499716,1,0,0,0,0,0,0,0,0,0,0,0,3,0.0,0.0,0.0,0.0,0,0,0,0,0,0.0,0.0,0.0,0.36,,,,,,,[],,437,160,422,159,403,155,439,160,0.0,0.0,0.0,0.0,32.4,0.0,540,168,49,31,356,121,425,149,0.0,0.0,0.0,DEF,TOT,4.0
True,True,,,616221,0,0,0,0,0,0,2,1.0,,0,João Victor,0.0,511,False,,,40,616221.jpg,0.8,False,de Souza Menezes,0.3,False,,a,19,6,3,0,0,0,0,0.0,0.8,Souza,,,,,False,p616221,142,0,0,0,3,0,0,0,1,0,0,0,0,12.8,31.9,17.0,6.2,0,0,0,0,2,0.02,0.03,0.05,2.61,,,,,,,[],,366,127,308,106,316,113,354,120,0.01,0.0,0.02,0.03,1.65,1.9,555,181,64,44,396,133,296,111,1.27,0.0,0.0,DEF,TOT,4.0
True,True,75.0,,460842,0,0,0,0,0,0,3,1.7,,0,Mohammed,0.0,512,False,Thigh injury - 75% chance of playing,2026-07-23T12:01:23.848657Z,65,460842.jpg,3.9,False,Kudus,0.2,False,,d,19,6,75,0,0,0,0,0.0,11.5,Kudus,,,,,False,p460842,1535,2,6,7,20,0,0,0,3,0,0,7,257,333.4,413.8,302.0,104.7,0,0,0,0,19,1.92,2.41,4.33,22.74,7.0,,3.0,,2.0,,[],,185,78,71,53,98,62,118,66,0.11,0.0,0.14,0.25,1.33,1.17,48,34,521,222,68,31,308,105,1.11,0.41,0.0,MID,TOT,6.5
True,True,0.0,,493362,0,0,0,0,0,0,3,0.0,,0,Xavi,0.0,513,False,Knee injury - Unknown return date,2026-07-23T12:01:23.864304Z,60,493362.jpg,2.9,False,Simons,0.0,False,,i,19,6,80,0,0,0,0,0.0,13.3,Xavi,,,,,False,p493362,1747,2,5,4,36,0,0,0,5,1,0,7,345,349.6,533.8,255.0,113.9,0,0,0,0,19,3.06,3.85,6.91,30.71,8.0,,2.0,,3.0,,[],,173,70,44,40,115,67,98,57,0.16,0.0,0.2,0.36,1.58,1.85,97,62,491,197,187,72,544,237,0.98,0.21,0.0,MID,TOT,6.0
True,True,,,511499,0,0,0,0,0,0,3,2.1,,0,Mathys,0.0,514,False,,,60,511499.jpg,2.5,False,Tel,0.4,False,,a,19,6,78,0,0,0,0,0.0,13.0,Tel,,,,,False,p511499,1334,4,2,3,23,0,0,0,1,0,0,7,266,303.4,457.2,312.0,107.6,0,0,0,0,13,2.47,2.43,4.89,17.29,9.0,,,,,,[],,200,89,58,48,94,59,110,63,0.17,0.0,0.16,0.33,1.17,1.55,99,64,493,199,241,95,354,130,0.88,0.2,0.0,MID,TOT,6.0
True,True,,,172780,0,0,0,0,0,0,3,2.3,,0,James,0.0,515,False,,,65,172780.jpg,1.0,False,Maddison,1.8,False,,a,19,6,3,0,0,0,0,0.0,0.5,Maddison,,,,,False,p172780,34,0,0,0,0,0,0,0,0,0,0,0,5,2.8,9.5,15.0,2.8,0,0,0,0,0,0.21,0.06,0.27,0.65,,,,,,,[],,385,180,344,172,319,162,368,171,0.56,0.0,0.16,0.72,1.72,0.0,34,22,507,210,389,184,111,37,0.0,0.0,0.0,MID,TOT,6.5
True,True,,,202993,0,0,0,0,0,0,3,2.0,,0,Rodrigo,0.0,516,False,,,55,202993.jpg,3.3,False,Bentancur,0.2,False,,a,19,6,86,0,0,0,0,0.0,15.6,Bentancur,,,,,False,p202993,1880,1,1,8,25,0,0,0,7,0,0,4,366,349.0,197.8,124.0,67.4,0,0,0,0,23,0.72,0.84,1.56,23.65,,,,,,,[],,174,71,172,114,212,117,206,103,0.03,0.0,0.04,0.07,1.13,1.2,131,82,368,125,130,52,418,160,1.1,0.38,0.0,MID,TOT,5.5
True,True,0.0,,550839,0,0,0,0,0,0,3,0.0,,0,Wilson,0.0,517,False,Knee injury - Unknown return date,2026-07-23T12:01:23.879434Z,55,550839.jpg,1.9,False,Odobert,0.0,False,,i,19,6,46,0,0,0,0,0.0,8.4,Odobert,,,,,False,p550839,972,0,2,2,13,0,0,0,0,0,0,6,176,158.8,284.3,234.0,67.6,0,0,0,0,10,1.92,1.21,3.13,14.24,,,,,,,[],https://www.tottenhamhotspur.com/news/1008505/odobert-suffers-acl-injury,270,125,129,88,128,73,205,102,0.18,0.0,0.11,0.29,1.32,1.2,201,126,438,169,295,127,557,246,0.93,0.19,0.0,MID,TOT,5.5
True,True,,,482442,0,0,0,0,0,0,3,1.5,,0,Pape Matar,0.0,518,False,,,50,482442.jpg,2.7,False,Sarr,0.4,False,,a,19,6,71,0,0,0,0,0.0,14.2,P.M.Sarr,,,,,False,p482442,1388,2,4,3,23,0,0,0,3,0,0,2,313,336.0,188.3,156.0,68.2,0,0,0,0,13,1.63,1.11,2.74,26.67,,,,,,,[],,182,76,178,119,191,105,203,101,0.11,0.0,0.07,0.18,1.73,1.49,305,178,283,72,206,79,284,93,0.84,0.19,0.0,MID,TOT,5.0
True,True,,,232787,0,0,0,0,0,0,3,2.0,,0,Conor,0.0,519,False,,,55,232787.jpg,2.8,False,Gallagher,0.3,False,,a,19,6,44,0,0,0,0,0.0,8.0,Gallagher,,,,,False,p232787,1183,1,1,2,23,0,0,0,2,0,0,3,211,190.6,205.9,154.0,55.1,0,0,0,0,14,1.23,0.7,1.93,19.03,,,,,,,[],,256,116,163,109,194,107,235,121,0.09,0.0,0.05,0.14,1.45,1.75,145,90,382,133,197,74,346,127,1.07,0.15,0.0,MID,TOT,5.5
True,True,,,570526,0,0,0,0,0,0,3,2.0,,0,Lucas,0.0,520,False,,,55,570526.jpg,2.1,False,Bergvall,0.2,False,,a,19,6,49,0,0,0,0,0.0,8.9,Bergvall,,,,,False,p570526,955,1,3,3,18,0,0,0,2,0,0,0,163,164.6,106.4,147.0,41.5,0,0,0,0,11,1.23,0.43,1.66,13.66,,,,,,,[],,267,123,235,138,196,108,267,129,0.12,0.0,0.04,0.16,1.29,1.7,203,128,440,171,279,120,380,141,1.04,0.28,0.0,MID,TOT,5.5
True,True,0.0,,445044,0,0,0,0,0,0,3,0.0,,0,Dejan,0.0,521,False,Knee injury - Unknown return date,2026-07-23T12:01:23.895175Z,65,445044.jpg,0.0,False,Kulusevski,0.0,False,,i,19,6,0,0,0,0,0,0.0,0.0,Kulusevski,,,,,False,p445044,0,0,0,0,0,0,0,0,0,0,0,0,0,0.0,0.0,0.0,0.0,0,0,0,0,0,0.0,0.0,0.0,0.0,,,,,,,[],,555,244,555,244,555,244,555,244,0.0,0.0,0.0,0.0,0.0,0.0,46,33,519,221,555,244,549,240,0.0,0.0,0.0,MID,TOT,6.5
True,True,,,547701,0,0,0,0,0,0,3,1.5,,0,Archie,0.0,522,False,,,50,547701.jpg,2.5,False,Gray,0.2,False,,a,19,6,61,0,0,0,0,0.0,12.2,Gray,,,,,False,p547701,1471,2,2,5,28,0,0,0,5,0,0,6,237,259.4,138.1,158.0,55.5,0,0,0,0,18,1.5,1.29,2.79,24.8,,,,,,,[],,220,97,209,132,190,104,234,120,0.09,0.0,0.08,0.17,1.52,1.71,347,207,325,101,233,90,345,126,1.1,0.31,0.0,MID,TOT,5.0
True,True,,,499721,0,0,0,0,0,0,3,1.5,,0,Mikey,0.0,523,False,,,50,499721.jpg,0.0,False,Moore,0.1,False,,a,19,6,0,0,0,0,0,0.0,0.0,Moore,,,,,False,p499721,0,0,0,0,0,0,0,0,0,0,0,0,0,0.0,0.0,0.0,0.0,0,0,0,0,0,0.0,0.0,0.0,0.0,,,,,,,[],,520,220,519,220,516,219,520,220,0.0,0.0,0.0,0.0,0.0,0.0,323,187,301,81,520,220,443,172,0.0,0.0,0.0,MID,TOT,5.0
True,True,,,499726,0,0,0,0,0,0,3,1.0,,0,Callum,0.0,524,False,,,45,499726.jpg,1.0,False,Olusesi,0.9,False,,a,19,6,1,0,0,0,0,0.0,0.2,Olusesi,,,,,False,p499726,14,0,0,0,0,0,0,0,0,0,0,0,3,0.6,1.8,0.0,0.2,0,0,0,0,0,0.0,0.01,0.01,0.75,,,,,,,[],,392,184,367,183,451,191,394,186,0.0,0.0,0.06,0.06,4.82,0.0,450,235,149,14,363,165,209,68,0.0,0.0,0.0,MID,TOT,4.5
True,True,,,551226,0,0,0,0,0,0,3,2.1,,0,Mateus,0.0,525,False,,,60,551226.jpg,3.8,False,Fernandes,2.9,False,,a,19,6,135,0,0,0,0,0.0,22.5,Fernandes,,,,,False,p551226,3017,3,4,8,50,0,0,0,7,0,0,7,659,657.2,622.8,183.0,146.3,0,0,0,0,35,1.99,2.96,4.95,48.3,,,,,,,[],,59,16,30,29,171,90,55,35,0.06,0.0,0.09,0.15,1.44,1.49,103,67,497,202,74,33,74,24,1.04,0.24,0.0,MID,TOT,6.0
True,True,,,154566,0,0,0,0,0,0,4,2.0,,0,Dominic,0.0,526,False,,,60,154566.jpg,2.7,False,Solanke-Mitchell,2.2,False,,a,19,6,40,0,0,0,0,0.0,6.7,Solanke,,,,,False,p154566,997,3,0,0,21,0,0,0,1,0,0,4,187,205.0,84.1,339.0,62.7,0,0,0,0,11,2.97,0.34,3.3,17.8,,,,,1.0,,[],,248,23,249,28,81,23,217,23,0.27,0.0,0.03,0.3,1.61,1.9,61,15,455,45,214,22,89,12,0.99,0.0,0.0,FWD,TOT,6.0
True,True,,,212319,0,0,0,0,0,0,4,2.0,,0,Richarlison,0.0,527,False,,,60,212319.jpg,3.7,False,de Andrade,2.0,False,,a,19,6,119,0,0,0,0,0.0,19.8,Richarlison,,,,,False,p212319,1954,11,4,7,27,0,0,0,5,0,0,17,505,602.6,239.6,815.0,165.2,0,0,0,0,20,8.64,1.46,10.1,25.64,,,,,4.0,,[],,75,6,144,13,13,6,39,7,0.4,0.0,0.07,0.47,1.18,1.24,71,18,465,48,80,7,163,28,0.92,0.32,0.0,FWD,TOT,6.0
True,True,,,490145,0,0,0,0,0,0,4,1.0,,0,Dane,0.0,528,False,,,45,490145.jpg,1.0,False,Scarlett,1.7,False,,a,19,6,2,0,0,0,0,0.0,0.4,Scarlett,,,,,False,p490145,7,0,0,0,0,0,0,0,0,0,0,0,5,1.0,4.1,2.0,0.7,0,0,0,0,0,0.0,0.01,0.01,0.03,,,,,,,[],,390,45,356,44,350,45,386,44,0.0,0.0,0.13,0.13,0.39,0.0,446,57,145,1,362,42,148,25,0.0,0.0,0.0,FWD,TOT,4.5
True,True,,,498016,0,0,0,0,0,0,1,2.6,,0,Robin,0.0,529,False,,,50,498016.jpg,3.9,False,Roefs,4.9,False,,a,20,56,136,0,0,0,0,0.0,27.2,Roefs,,,,,False,p498016,3150,0,0,10,46,0,1,0,4,0,109,12,573,881.6,50.0,0.0,93.1,0,0,0,0,35,0.0,0.1,0.1,50.05,,,,,,,[],,16,5,283,2,515,57,146,4,0.0,3.11,0.0,0.0,1.43,1.31,321,17,299,55,66,6,64,9,1.0,0.29,0.0,GK,SUN,5.0
True,False,0.0,,232571,0,0,0,0,0,0,1,1.0,,0,Anthony,0.0,530,False,Has joined Wrexham permanently,2026-08-12T14:08:03.064533Z,40,232571.jpg,0.0,False,Patterson,0.8,False,,u,20,56,0,0,0,0,0,0.0,0.0,Patterson,,,,,False,p232571,0,0,0,0,0,0,0,0,0,0,0,0,0,0.0,0.0,0.0,0.0,0,0,0,0,0,0.0,0.0,0.0,0.0,,,,,,,[],,419,41,404,25,385,16,421,41,0.0,0.0,0.0,0.0,0.0,0.0,522,52,31,12,425,41,187,27,0.0,0.0,0.0,GK,SUN,4.0
True,True,,,515046,0,0,0,0,0,0,1,2.0,,0,Melker,0.0,531,False,,,45,515046.jpg,5.3,False,Ellborg,0.1,False,,a,20,56,16,0,0,0,0,0.0,3.6,Ellborg,,,,,False,p515046,270,0,0,1,2,0,0,0,0,0,10,3,62,73.6,0.0,0.0,7.4,0,0,0,0,3,0.0,0.02,0.02,4.1,,,,,,,[],,317,27,468,50,456,44,350,27,0.0,3.33,0.01,0.01,1.37,0.67,456,38,155,40,6,2,402,47,1.0,0.33,0.0,GK,SUN,4.5
True,True,,,223827,0,0,0,0,0,0,2,2.2,,0,Daniel,0.0,532,False,,,50,223827.jpg,4.0,False,Ballard,4.4,False,,a,20,56,116,0,0,0,0,0.0,23.2,Ballard,,,,,False,p223827,2144,2,2,6,35,0,0,0,4,1,0,9,340,662.8,181.2,370.0,121.5,0,0,0,0,24,2.46,0.63,3.09,33.2,,,,,,,[],,57,24,183,47,72,8,86,22,0.1,0.0,0.03,0.13,1.39,1.47,266,49,244,128,52,20,120,44,1.01,0.25,0.0,DEF,SUN,5.0
True,True,75.0,,200834,0,0,0,0,0,0,2,2.5,,0,Nordi,0.0,533,False,Knock - 75% chance of playing,2026-08-09T08:30:05.954750Z,55,200834.jpg,4.7,False,Mukiele,4.7,False,,d,20,56,151,0,0,0,0,0.0,27.5,Mukiele,,,,,False,p200834,2784,3,5,9,40,1,0,0,5,0,0,11,489,733.6,353.1,242.0,132.9,0,0,0,0,32,1.62,2.65,4.27,44.71,,,,,,,[],,38,15,97,24,123,23,72,15,0.05,0.0,0.09,0.14,1.45,1.29,130,14,367,156,16,4,51,18,1.03,0.29,0.0,DEF,SUN,5.5
True,True,,,487676,0,0,0,0,0,0,2,1.7,,0,Trai,0.0,534,False,,,45,487676.jpg,2.9,False,Hume,4.9,False,,a,20,56,110,0,0,0,0,0.0,24.4,Hume,,,,,False,p487676,3032,2,1,9,42,1,0,0,9,0,0,6,383,547.8,421.3,248.0,120.9,0,0,0,0,34,2.27,2.05,4.32,47.27,5.0,,,,,,[],,94,43,68,15,116,20,88,23,0.07,0.0,0.06,0.13,1.4,1.25,444,122,143,96,183,76,191,69,1.01,0.27,0.0,DEF,SUN,4.5
True,True,75.0,,201895,0,0,0,0,0,0,2,2.2,,0,Omar,0.0,535,False,Knock - 75% chance of playing,2026-08-09T08:30:05.962393Z,50,201895.jpg,3.8,False,Alderete,0.7,False,,d,20,56,125,0,0,0,0,0.0,25.0,Alderete,,,,,False,p201895,2797,1,1,10,40,0,0,0,6,0,0,5,400,749.0,138.1,279.0,117.0,0,0,0,0,32,1.62,0.91,2.52,44.52,,,,,,,[],,36,14,208,55,108,18,94,26,0.05,0.0,0.03,0.08,1.43,1.29,245,40,223,119,70,26,169,63,1.03,0.32,0.0,DEF,SUN,5.0
True,True,,,434399,0,0,0,0,0,0,2,1.7,,0,Reinildo,0.0,536,False,,,45,434399.jpg,3.0,False,Mandava,0.5,False,,a,20,56,74,0,0,0,0,0.0,16.4,Reinildo,,,,,False,p434399,1966,0,2,6,27,0,0,0,7,1,0,6,281,376.4,130.2,39.0,54.7,0,0,0,0,23,0.13,0.62,0.75,26.72,,,,,,,[],,160,65,217,60,285,95,236,74,0.01,0.0,0.03,0.04,1.22,1.24,427,112,126,86,168,71,229,82,1.05,0.27,0.0,DEF,SUN,4.5
True,True,,,519634,0,0,0,0,0,0,2,1.7,,0,Jenson,0.0,537,False,,,45,519634.jpg,1.0,False,Seelt,0.0,False,,a,20,56,2,0,0,0,0,0.0,0.4,Seelt,,,,,False,p519634,133,0,0,0,2,0,0,0,0,0,0,0,11,33.6,2.4,0.0,3.6,0,0,0,0,1,0.0,0.01,0.01,1.33,,,,,,,[],,346,121,363,128,457,175,366,126,0.0,0.0,0.01,0.01,0.9,1.35,458,126,157,100,365,127,513,176,0.68,0.0,0.0,DEF,SUN,4.5
True,False,0.0,,477547,0,0,0,0,0,0,2,1.0,,0,Leo Fuhr,0.0,538,False,Has joined KV Mechelen on loan for the rest of the season,2026-08-12T14:08:03.081789Z,40,477547.jpg,0.0,False,Hjelde,0.3,False,,u,20,56,0,0,0,0,0,0.0,0.0,Hjelde,,,,,False,p477547,0,0,0,0,0,0,0,0,0,0,0,0,0,0.0,0.0,0.0,0.0,0,0,0,0,0,0.0,0.0,0.0,0.0,,,,,,,[],,432,157,417,156,398,152,434,157,0.0,0.0,0.0,0.0,0.0,0.0,535,165,44,28,438,158,289,107,0.0,0.0,0.0,DEF,SUN,4.0
True,True,,,167512,0,0,0,0,0,0,2,1.0,,0,Luke,0.0,539,False,,,40,167512.jpg,2.2,False,O'Nien,2.7,False,,a,20,56,26,0,0,0,0,0.0,6.5,O'Nien,,,,,False,p167512,565,0,1,2,7,0,0,0,1,1,0,1,90,103.0,27.6,40.0,17.1,0,0,0,0,5,0.15,0.13,0.28,9.24,,,,,,,[],,301,107,314,109,284,94,317,108,0.02,0.0,0.02,0.04,1.47,1.12,506,144,15,7,262,101,118,43,0.8,0.32,0.0,DEF,SUN,4.0
True,False,0.0,,105717,0,0,0,0,0,0,2,1.0,,0,Arthur,0.0,540,False,Has joined Konyaspor permanently,2026-08-12T14:08:03.097784Z,40,105717.jpg,0.3,False,Masuaku,1.3,False,,u,20,56,1,0,0,0,0,0.0,0.2,Masuaku,,,,,False,p105717,125,0,0,0,2,0,0,0,1,0,0,0,4,21.8,20.1,7.0,4.9,0,0,0,0,2,0.07,0.08,0.15,2.09,,,,,,,[],,356,124,324,113,332,120,357,121,0.05,0.0,0.06,0.11,1.5,1.44,499,139,8,2,399,134,147,58,1.44,0.0,0.0,DEF,SUN,4.0
True,True,,,93605,0,0,0,0,0,0,2,1.7,,0,Thomas,0.0,541,False,,,45,93605.jpg,0.0,False,Meunier,0.5,False,,a,20,56,0,0,0,0,0,0.0,0.0,Meunier,,,,,False,p93605,0,0,0,0,0,0,0,0,0,0,0,0,0,0.0,0.0,0.0,0.0,0,0,0,0,0,0.0,0.0,0.0,0.0,,,,,,,[],,450,170,439,170,422,168,452,170,0.0,0.0,0.0,0.0,0.0,0.0,375,76,74,50,455,170,244,87,0.0,0.0,0.0,DEF,SUN,4.5
True,True,,,484420,0,0,0,0,0,0,3,2.1,,0,Enzo,0.0,542,False,,,60,484420.jpg,4.1,False,Le Fée,12.8,False,,a,20,56,147,0,0,0,0,0.0,24.5,E.Le Fée,,,,,False,p484420,2930,5,6,10,43,0,0,1,5,0,0,16,621,725.8,816.4,324.0,186.9,0,0,0,0,33,5.22,5.95,11.17,46.5,6.0,,2.0,,2.0,,[],,41,11,16,15,87,54,28,22,0.16,0.0,0.18,0.34,1.43,1.32,94,59,488,194,48,22,94,32,1.01,0.31,0.0,MID,SUN,6.0
True,True,,,547027,0,0,0,0,0,0,3,2.0,,0,Habib,0.0,543,False,,,55,547027.jpg,3.2,False,Diarra,0.1,False,,a,20,56,65,0,0,0,0,0.0,11.8,Diarra,,,,,False,p547027,1403,2,6,5,19,0,0,0,6,0,0,3,209,166.2,153.8,234.0,53.9,0,0,0,0,15,3.27,0.85,4.12,21.52,,,,,1.0,,[],,266,122,201,129,127,72,237,122,0.21,0.0,0.05,0.26,1.38,1.22,197,122,434,165,150,59,404,151,0.96,0.32,0.0,MID,SUN,5.5
True,True,,,84450,0,0,0,0,0,0,3,2.0,,0,Granit,0.0,544,False,,,55,84450.jpg,3.6,False,Xhaka,5.2,False,,a,20,56,124,0,0,0,0,0.0,22.5,Xhaka,,,,,False,p84450,2901,1,6,9,39,0,0,0,8,0,0,8,603,685.0,595.3,101.0,138.1,0,0,0,0,32,1.01,3.73,4.74,45.68,4.0,,1.0,,,,[],,51,14,36,35,232,125,65,42,0.03,0.0,0.12,0.15,1.42,1.21,112,74,349,117,91,38,67,22,0.99,0.28,0.0,MID,SUN,5.5
True,True,,,577669,0,0,0,0,0,0,3,1.5,,0,Noah,0.0,545,False,,,50,577669.jpg,2.4,False,Sadiki,0.4,False,,a,20,56,80,0,0,0,0,0.0,16.0,Sadiki,,,,,False,p577669,2891,0,2,9,42,0,0,0,9,0,0,0,410,347.6,333.3,162.0,84.6,0,0,0,0,33,1.43,1.46,2.89,41.39,,,,,,,[],,175,72,105,75,187,103,161,79,0.04,0.0,0.05,0.09,1.29,1.31,354,212,332,106,249,102,270,90,1.03,0.28,0.0,MID,SUN,5.0
True,True,,,535818,0,0,0,0,0,0,3,1.5,,0,Simon,0.0,546,False,,,50,535818.jpg,2.4,False,Adingra,0.3,False,,a,20,56,34,0,0,0,0,0.0,6.8,Adingra,,,,,False,p535818,649,1,1,4,8,0,0,0,2,0,0,3,81,81.4,116.8,75.0,27.0,0,0,0,0,9,0.35,0.62,0.97,11.3,,,,,,,[],,315,143,225,137,254,136,298,143,0.05,0.0,0.09,0.14,1.57,1.11,339,199,317,93,248,101,292,94,1.25,0.55,0.0,MID,SUN,5.0
True,True,,,461199,0,0,0,0,0,0,3,1.5,,0,Romaine,0.0,547,False,,,50,461199.jpg,1.0,False,Mundle,0.0,False,,a,20,56,14,0,0,0,0,0.0,2.8,Mundle,,,,,False,p461199,399,0,0,0,11,0,0,0,1,0,0,0,42,29.4,33.6,69.0,12.7,0,0,0,0,2,0.87,0.48,1.35,8.54,,,,,,,[],,349,162,303,160,262,138,327,154,0.2,0.0,0.11,0.31,1.93,2.48,296,174,274,68,379,175,527,224,0.45,0.0,0.0,MID,SUN,5.0
True,True,,,554197,0,0,0,0,0,0,3,1.5,,0,Chris,0.0,548,False,,,50,554197.jpg,2.0,False,Rigg,0.1,False,,a,20,56,36,0,0,0,0,0.0,7.2,Rigg,,,,,False,p554197,758,1,1,3,11,0,0,0,1,0,0,1,136,114.6,142.8,103.0,36.0,0,0,0,0,11,0.86,0.93,1.79,12.46,,,,,,,[],,298,137,207,131,231,124,276,134,0.1,0.0,0.11,0.21,1.48,1.31,351,209,329,103,287,122,454,179,1.31,0.36,0.0,MID,SUN,5.0
True,True,,,549912,0,0,0,0,0,0,3,2.0,,0,Chemsdine,0.0,549,False,,,55,549912.jpg,3.0,False,Talbi,0.2,False,,a,20,56,83,0,0,0,0,0.0,15.1,Talbi,,,,,False,p549912,1553,4,2,7,14,0,0,0,0,0,0,6,248,238.8,211.5,245.0,69.1,0,0,0,0,16,2.13,1.18,3.3,22.26,,,,,,,[],,229,101,158,106,118,68,201,100,0.12,0.0,0.07,0.19,1.29,0.81,199,124,436,167,174,67,325,117,0.93,0.41,0.0,MID,SUN,5.5
True,True,,,699989,0,0,0,0,0,0,3,1.5,,0,Djiamgone Jocelin Ta,0.0,550,False,,,50,699989.jpg,1.0,False,Bi,0.0,False,,a,20,56,1,0,0,0,0,0.0,0.2,Jocelin.T,,,,,False,p699989,38,0,0,0,0,0,0,0,0,0,0,0,4,3.4,4.3,2.0,1.0,0,0,0,0,1,0.0,0.04,0.04,0.24,,,,,,,[],,382,178,355,176,356,181,385,181,0.0,0.0,0.09,0.09,0.57,0.0,367,220,345,114,386,182,531,228,2.37,0.0,0.0,MID,SUN,5.0
True,True,,,536661,0,0,0,0,0,0,3,1.5,,0,Nilson,0.0,551,False,,,50,536661.jpg,1.6,False,Angulo,0.1,False,,a,20,56,13,0,0,0,0,0.0,2.6,Angulo,,,,,False,p536661,401,0,0,1,6,0,0,0,1,0,0,0,43,45.4,44.3,89.0,17.8,0,0,0,0,5,0.77,0.12,0.89,7.26,,,,,,,[],,337,153,294,158,246,132,313,149,0.17,0.0,0.03,0.2,1.63,1.35,341,201,319,95,323,141,433,164,1.12,0.22,0.0,MID,SUN,5.0
True,True,,,441264,0,0,0,0,0,0,4,2.0,,0,Brian,0.0,552,False,,,60,441264.jpg,3.0,False,Brobbey,16.6,False,,a,20,56,92,0,0,0,0,0.0,15.3,Brobbey,,,,,False,p441264,1920,7,2,6,30,0,0,0,6,0,0,12,309,333.4,200.5,552.0,106.7,0,0,0,0,22,6.02,0.67,6.69,31.4,,,,,,,[],,184,18,168,16,38,15,113,17,0.28,0.0,0.03,0.31,1.47,1.41,82,21,476,51,176,16,14,3,1.03,0.28,0.0,FWD,SUN,6.0
True,True,,,437505,0,0,0,0,0,0,4,1.8,,0,Wilson,0.0,553,False,,,55,437505.jpg,2.3,False,Isidor,1.2,False,,a,20,56,74,0,0,0,0,0.0,13.5,Isidor,,,,,False,p437505,1148,6,1,4,17,0,0,0,1,0,0,7,266,242.0,30.4,444.0,71.5,0,0,0,0,11,4.7,0.38,5.08,19.82,,,,,,,[],,225,22,310,39,49,19,195,21,0.37,0.0,0.03,0.4,1.55,1.33,157,36,394,33,258,27,167,29,0.86,0.31,0.0,FWD,SUN,5.5
